Brand_ID,Classification,Price,quality,fixed acidity,volatile acidity,citric acid,residual sugar,chlorides,free sulfur dioxide,total sulfur dioxide,density,pH,sulphates,alcohol,free_chlorides
Wi02-1000,Red,19.99,6,5.8,1.01,0.66,2,0.039,15,88,0.99357,3.66,0.6,11.5,0.02480005
Wi02-1001,Red,14.99,6,5.6,0.31,0.78,13.9,0.074,23,92,0.99677,3.39,0.48,10.5,0.024337947
Wi02-1002,Red,15.99,6,8.2,0.64,0.27,2,0.095,5,77,0.99747,3.13,0.62,9.1,0.024490536
Wi02-1003,Red,9.99,5,6,0.5,0.04,2.2,0.092,13,26,0.99647,3.46,0.47,10,0.039524286
Wi02-1004,Red,14.99,5,7.3,0.69,0.32,2.2,0.069,35,104,0.99632,3.33,0.51,9.5,0.043222496
Wi02-1005,Red,13.99,5,8.1,0.87,0,2.2,0.084,10,31,0.99656,3.25,0.5,9.8,0.035200237
Wi02-1006,Red,12.99,5,8.4,0.715,0.2,2.4,0.076,10,38,0.99735,3.31,0.64,9.4,0.042164026
Wi02-1007,Red,25.99,7,8.5,0.18,0.51,1.75,0.071,45,88,0.99524,3.33,0.76,11.8,0.019726045
Wi02-1008,Red,13.99,6,7.3,0.66,0,2,0.084,6,23,0.9983,3.61,0.96,9.9,0.026014568
Wi02-1009,Red,19.99,7,8.9,0.4,0.51,2.6,0.052,13,27,0.995,3.32,0.9,13.4,0.021126284
Wi02-1010,Red,11.99,5,8.6,0.33,0.4,2.6,0.083,16,68,0.99782,3.3,0.48,9.4,0.045657097
Wi02-1011,Red,19.99,6,6.8,0.6,0.18,1.9,0.079,18,86,0.9968,3.59,0.57,9.3,0.030351224
Wi02-1012,Red,11.99,5,7.4,0.64,0.07,1.8,0.1,8,23,0.9961,3.3,0.58,9.6,0.043222496
Wi02-1013,Red,17.99,6,8.2,0.64,0.27,2,0.095,5,77,0.99747,3.13,0.62,9.1,0.029522561
Wi02-1014,Red,9.99,5,7.7,0.96,0.2,2,0.047,15,60,0.9955,3.36,0.44,10.9,0.045269353
Wi02-1015,Red,8.99,5,7.1,0.56,0.14,1.6,0.078,7,18,0.99592,3.27,0.62,9.3,0.049163967
Wi02-1016,Red,12.99,5,7.3,0.59,0.26,7.2,0.07,35,121,0.9981,3.37,0.49,9.4,0.036699403
Wi02-1017,Red,11.99,5,8.8,0.41,0.64,2.2,0.093,9,42,0.9986,3.54,0.66,10.5,0.047054173
Wi02-1018,Red,10.99,5,7.9,0.37,0.23,1.8,0.077,23,49,0.9963,3.28,0.67,9.3,0.036281179
Wi02-1019,Red,15.99,6,10.3,0.27,0.24,2.1,0.072,15,33,0.9956,3.22,0.66,12.8,0.028341779
Wi02-1020,Red,9.99,5,5.3,0.715,0.19,1.5,0.161,7,62,0.99395,3.62,0.61,11,0.038446751
Wi02-1021,Red,15.99,6,7.7,0.23,0.37,1.8,0.046,23,60,0.9971,3.41,0.71,12.1,0.028341779
Wi02-1022,Red,12.99,5,9.1,0.34,0.42,1.8,0.058,9,18,0.99392,3.18,0.55,11.4,0.040812162
Wi02-1023,Red,9.99,5,9.4,0.685,0.26,2.4,0.082,23,143,0.9978,3.28,0.55,9.4,0.042865287
Wi02-1024,Red,14.99,6,11.7,0.45,0.63,2.2,0.073,7,23,0.99974,3.21,0.69,10.9,0.024037017
Wi02-1025,Red,14.99,6,6,0.54,0.06,1.8,0.05,38,89,0.99236,3.3,0.5,10.55,0.031548827
Wi02-1026,Red,9.99,5,9.6,0.88,0.28,2.4,0.086,30,147,0.9979,3.24,0.53,9.4,0.035332693
Wi02-1027,Red,19.99,6,11.9,0.37,0.69,2.3,0.078,12,24,0.9958,3,0.65,12.8,0.031774175
Wi02-1028,Red,14.99,5,7.2,0.56,0.26,2,0.083,13,100,0.99586,3.26,0.52,9.9,0.047881484
Wi02-1029,Red,19.99,6,12.3,0.27,0.49,3.1,0.079,28,46,0.9993,3.2,0.8,10.2,0.02750207
Wi02-1030,Red,12.99,5,8.6,0.52,0.38,1.5,0.096,5,18,0.99666,3.2,0.52,9.4,0.039211842
Wi02-1031,Red,17.99,6,7.6,0.43,0.4,2.7,0.082,6,11,0.99538,3.44,0.54,12.2,0.024037017
Wi02-1032,Red,18.99,6,6.9,0.54,0.3,2.2,0.088,9,105,0.99725,3.25,1.18,10.5,0.029220542
Wi02-1033,Red,7.99,4,7.3,0.55,0.03,1.6,0.072,17,42,0.9956,3.37,0.48,9,0.080251025
Wi02-1034,Red,18.99,6,7.3,0.33,0.47,2.1,0.077,5,11,0.9958,3.33,0.53,10.3,0.028630243
Wi02-1035,Red,11.99,5,6.8,0.5,0.11,1.5,0.075,16,49,0.99545,3.36,0.79,9.5,0.035068524
Wi02-1036,Red,13.99,6,7,0.69,0.07,2.5,0.091,15,21,0.99572,3.38,0.6,11.3,0.031325867
Wi02-1037,Red,16.99,6,7,0.36,0.21,2.4,0.086,24,69,0.99556,3.4,0.53,10.1,0.029120898
Wi02-1038,Red,15.99,6,7.3,0.51,0.18,2.1,0.07,12,28,0.99768,3.52,0.73,9.5,0.031105263
Wi02-1039,Red,8.99,5,7.7,0.965,0.1,2.1,0.112,11,22,0.9963,3.26,0.5,9.5,0.033057851
Wi02-1040,Red,12.99,5,7.2,0.695,0.13,2,0.076,12,20,0.99546,3.29,0.54,10.1,0.046648536
Wi02-1041,Red,9.99,5,13.5,0.53,0.79,4.8,0.12,23,77,1.0018,3.18,0.77,13,0.040160481
Wi02-1042,Red,18.99,6,6.6,0.725,0.09,5.5,0.117,9,17,0.99655,3.35,0.49,10.8,0.030778701
Wi02-1043,Red,19.99,6,7,0.69,0.07,2.5,0.091,15,21,0.99572,3.38,0.6,11.3,0.02618322
Wi02-1044,Red,15.99,6,6.4,0.865,0.03,3.2,0.071,27,58,0.995,3.61,0.49,12.7,0.025518276
Wi02-1045,Red,11.99,5,7.9,0.66,0,1.4,0.096,6,13,0.99569,3.43,0.58,9.5,0.04
Wi02-1046,Red,8.99,5,8.1,0.67,0.55,1.8,0.117,32,141,0.9968,3.17,0.62,9.4,0.043222496
Wi02-1047,Red,13.99,5,8.4,0.59,0.29,2.6,0.109,31,119,0.99801,3.15,0.5,9.1,0.039057008
Wi02-1048,Red,14.99,5,7.1,0.755,0.15,1.8,0.107,20,84,0.99593,3.19,0.5,9.5,0.03317839
Wi02-1049,Red,19.99,6,6.9,0.765,0.18,2.4,0.243,5.5,48,0.99612,3.4,0.6,10.3,0.029726516
Wi02-1050,Red,11.99,5,8.5,0.66,0.2,2.1,0.097,23,113,0.99733,3.13,0.48,9.2,0.043043336
Wi02-1051,Red,14.99,6,8.2,0.4,0.44,2.8,0.089,11,43,0.9975,3.53,0.61,10.5,0.02576463
Wi02-1052,Red,14.99,5,9.3,0.48,0.29,2.1,0.127,6,16,0.9968,3.22,0.72,11.2,0.037412688
Wi02-1053,Red,15.99,6,7,0.43,0.3,2,0.085,6,39,0.99346,3.33,0.46,11.9,0.032348222
Wi02-1054,Red,16.99,6,8.4,0.36,0.32,2.2,0.081,32,79,0.9964,3.3,0.72,11,0.031105263
Wi02-1055,Red,11.99,5,9.7,0.69,0.32,2.5,0.088,22,91,0.9979,3.29,0.62,10.1,0.035465898
Wi02-1056,Red,12.99,5,8.8,0.64,0.17,2.9,0.084,25,130,0.99818,3.23,0.54,9.6,0.042512488
Wi02-1057,Red,14.99,5,7.5,0.63,0.12,5.1,0.111,50,110,0.9983,3.26,0.77,9.4,0.0336672
Wi02-1058,Red,8.99,5,7.8,0.61,0.29,1.6,0.114,9,29,0.9974,3.26,1.56,9.1,0.03442092
Wi02-1059,Red,11.99,5,10.8,0.5,0.46,2.5,0.073,5,27,1.0001,3.05,0.64,9.5,0.045462605
Wi02-1060,Red,8.99,5,9.2,0.63,0.21,2.7,0.097,29,65,0.9988,3.28,0.58,9.6,0.03317839
Wi02-1061,Red,18.99,7,9.8,0.5,0.34,2.3,0.094,10,45,0.99864,3.24,0.6,9.7,0.020006042
Wi02-1062,Red,26.99,7,8.5,0.28,0.56,1.8,0.092,35,103,0.9969,3.3,0.75,10.5,0.021818388
Wi02-1063,Red,13.99,5,7.4,0.39,0.48,2,0.082,14,67,0.9972,3.34,0.55,9.2,0.035200237
Wi02-1064,Red,17.99,6,11.5,0.45,0.5,3,0.078,19,47,1.0003,3.26,1.11,11,0.029522561
Wi02-1065,Red,20.99,7,8.9,0.12,0.45,1.8,0.075,10,21,0.99552,3.41,0.76,11.9,0.023308665
Wi02-1066,Red,11.99,5,7.9,0.49,0.32,1.9,0.082,17,144,0.9968,3.2,0.55,9.5,0.034807307
Wi02-1067,Red,14.99,6,7.6,0.63,0.03,2,0.08,27,43,0.99578,3.44,0.64,10.9,0.032232175
Wi02-1068,Red,15.99,6,7.2,0.605,0.02,1.9,0.096,10,31,0.995,3.46,0.53,11.8,0.02609869
Wi02-1069,Red,19.99,6,7.8,0.48,0.68,1.7,0.415,14,32,0.99656,3.09,1.06,9.1,0.026268161
Wi02-1070,Red,14.99,6,6.7,0.46,0.24,1.7,0.077,18,34,0.9948,3.39,0.6,10.6,0.032937968
Wi02-1071,Red,8.99,5,9.3,0.41,0.39,2.2,0.064,12,31,0.9984,3.26,0.65,10.2,0.048516369
Wi02-1072,Red,23.99,7,10.2,0.49,0.63,2.9,0.072,10,26,0.9968,3.16,0.78,12.5,0.02359598
Wi02-1073,Red,15.99,6,6.9,0.635,0.17,2.4,0.241,6,18,0.9961,3.4,0.59,10.3,0.031105263
Wi02-1074,Red,16.99,6,11.6,0.475,0.4,1.4,0.091,6,28,0.99704,3.07,0.65,10.03333333,0.027870602
Wi02-1075,Red,17.99,6,6.9,0.4,0.14,2.4,0.085,21,40,0.9968,3.43,0.63,9.7,0.02750207
Wi02-1076,Red,18.99,6,13.2,0.46,0.52,2.2,0.071,12,35,1.0006,3.1,0.56,9,0.025275439
Wi02-1077,Red,17.99,6,7.8,0.39,0.42,2,0.086,9,21,0.99526,3.39,0.66,11.6,0.02418678
Wi02-1078,Red,18.99,6,7.7,0.63,0.08,1.9,0.076,15,27,0.9967,3.32,0.54,9.5,0.026786599
Wi02-1079,Red,16.99,6,9.2,0.755,0.18,2.2,0.148,10,103,0.9969,2.87,1.36,10.2,0.026612094
Wi02-1080,Red,14.99,6,8.3,0.34,0.4,2.4,0.065,24,48,0.99554,3.34,0.86,11,0.025518276
Wi02-1081,Red,14.99,6,7.7,0.43,0.25,2.6,0.073,29,63,0.99615,3.37,0.58,10.5,0.027593514
Wi02-1082,Red,8.99,5,7.3,0.365,0.49,2.5,0.088,39,106,0.9966,3.36,0.78,11,0.043950441
Wi02-1083,Red,11.99,5,10.9,0.37,0.58,4,0.071,17,65,0.99935,3.22,0.78,10.1,0.035332693
Wi02-1084,Red,21.99,7,9.1,0.21,0.37,1.6,0.067,6,10,0.99552,3.23,0.58,11.1,0.019726045
Wi02-1085,Red,12.99,5,8.9,0.635,0.37,1.7,0.263,5,62,0.9971,3,1.09,9.3,0.046447681
Wi02-1086,Red,14.99,5,7.7,0.54,0.26,1.9,0.089,23,147,0.99636,3.26,0.59,9.7,0.038903089
Wi02-1087,Red,16.99,6,10.2,0.33,0.46,1.9,0.081,6,9,0.99628,3.1,0.48,10.4,0.025847541
Wi02-1088,Red,9.99,5,9.8,0.39,0.43,1.65,0.068,5,11,0.99478,3.19,0.46,11.4,0.047465125
Wi02-1089,Red,10.99,5,7.1,0.67,0,2.3,0.083,18,27,0.99768,3.44,0.54,9.4,0.036840418
Wi02-1090,Red,8.99,5,7.5,0.61,0.26,1.9,0.073,24,88,0.99612,3.3,0.53,9.8,0.037124899
Wi02-1091,Red,16.99,6,7.4,0.6,0.26,2.1,0.083,17,91,0.99616,3.29,0.56,9.8,0.02480005
Wi02-1092,Red,14.99,5,7.4,0.41,0.24,1.8,0.066,18,47,0.9956,3.37,0.62,10.4,0.034040931
Wi02-1093,Red,10.99,5,12.5,0.46,0.63,2,0.071,6,15,0.9988,2.99,0.87,10.2,0.048946668
Wi02-1094,Red,14.99,5,7.2,0.58,0.03,2.3,0.077,7,28,0.99568,3.35,0.52,10,0.04432133
Wi02-1095,Red,12.99,5,6.1,0.6,0.08,1.8,0.071,14,45,0.99336,3.38,0.54,11,0.041311389
Wi02-1096,Red,15.99,6,6.8,0.56,0.03,1.7,0.084,18,35,0.9968,3.44,0.63,10,0.024111724
Wi02-1097,Red,24.99,7,5.4,0.835,0.08,1.2,0.046,13,93,0.9924,3.57,0.85,13,0.020822532
Wi02-1098,Red,21.99,7,8.3,0.33,0.42,2.3,0.07,9,20,0.99426,3.38,0.77,12.7,0.023026566
Wi02-1099,Red,17.99,6,7.7,0.61,0.18,2.4,0.083,6,20,0.9963,3.29,0.6,10.2,0.032464897
Wi02-1100,Red,9.99,4,11.6,0.47,0.44,1.6,0.147,36,51,0.99836,3.38,0.86,9.9,0.054335719
Wi02-1101,Red,8.99,5,6.9,0.765,0.02,2.3,0.063,35,63,0.9975,3.57,0.78,9.9,0.040647763
Wi02-1102,Red,8.99,5,8.3,0.655,0.12,2.3,0.083,15,113,0.9966,3.17,0.66,9.8,0.035068524
Wi02-1103,Red,14.99,6,8.5,0.47,0.27,1.9,0.058,18,38,0.99518,3.16,0.85,11.1,0.025518276
Wi02-1104,Red,14.99,5,8.2,1.33,0,1.7,0.081,3,12,0.9964,3.53,0.49,10.9,0.035870064
Wi02-1105,Red,8.99,5,7.6,0.9,0.06,2.5,0.079,5,10,0.9967,3.39,0.56,9.8,0.046850696
Wi02-1106,Red,14.99,6,8.6,0.49,0.28,1.9,0.11,20,136,0.9972,2.93,1.95,9.9,0.028727377
Wi02-1107,Red,9.99,5,7.4,0.53,0.12,1.9,0.165,4,12,0.99702,3.26,0.86,9.2,0.034166892
Wi02-1108,Red,10.99,5,7.5,0.59,0.22,1.8,0.082,43,60,0.99499,3.1,0.42,9.2,0.043402778
Wi02-1109,Red,31.99,8,5.6,0.85,0.05,1.4,0.045,12,88,0.9924,3.56,0.82,12.9,0.015982585
Wi02-1110,Red,6.99,4,8.5,0.4,0.4,6.3,0.05,3,10,0.99566,3.28,0.56,12,0.056420354
Wi02-1111,Red,13.99,6,7.1,0.22,0.49,1.8,0.039,8,18,0.99344,3.39,0.56,12.4,0.02480005
Wi02-1112,Red,13.99,6,10.5,0.28,0.51,1.7,0.08,10,24,0.9982,3.2,0.89,9.4,0.0256
Wi02-1113,Red,12.99,5,6,0.5,0,1.4,0.057,15,26,0.99448,3.36,0.45,9.5,0.039524286
Wi02-1114,Red,19.99,6,8.6,0.83,0,2.8,0.095,17,43,0.99822,3.33,0.6,10.4,0.025518276
Wi02-1115,Red,17.99,6,8.2,0.635,0.1,2.1,0.073,25,60,0.99638,3.29,0.75,10.9,0.033057851
Wi02-1116,Red,13.99,5,9,0.54,0.49,2.9,0.094,41,110,0.9982,3.08,0.61,9.2,0.036006323
Wi02-1117,Red,19.99,6,7.6,0.29,0.49,2.7,0.092,25,60,0.9971,3.31,0.61,10.1,0.024878345
Wi02-1118,Red,13.99,6,9.5,0.46,0.24,2.7,0.092,14,44,0.998,3.12,0.74,10,0.029021763
Wi02-1119,Red,18.99,7,8.4,0.37,0.43,2.3,0.063,12,19,0.9955,3.17,0.81,11.2,0.021065004
Wi02-1120,Red,18.99,6,6.2,0.43,0.22,1.8,0.078,21,56,0.99633,3.52,0.6,9.5,0.02942137
Wi02-1121,Red,19.99,6,8,0.715,0.22,2.3,0.075,13,81,0.99688,3.24,0.54,9.5,0.032700149
Wi02-1122,Red,14.99,6,6.9,0.74,0.03,2.3,0.054,7,16,0.99508,3.45,0.63,11.5,0.024111724
Wi02-1123,Red,17.99,6,7.6,0.4,0.29,1.9,0.078,29,66,0.9971,3.45,0.59,9.5,0.029320698
Wi02-1124,Red,13.99,5,10.6,0.28,0.39,15.5,0.069,6,23,1.0026,3.12,0.66,9.2,0.047054173
Wi02-1125,Red,14.99,5,5.6,0.5,0.09,2.3,0.049,17,99,0.9937,3.63,0.63,13,0.036699403
Wi02-1126,Red,14.99,6,7.5,0.4,0.12,3,0.092,29,53,0.9967,3.37,0.7,10.3,0.027593514
Wi02-1127,Red,16.99,6,7.1,0.59,0.01,2.3,0.08,27,43,0.9955,3.42,0.58,10.7,0.02576463
Wi02-1128,Red,17.99,6,9.8,0.5,0.49,2.6,0.25,5,20,0.999,3.31,0.79,10.7,0.027140798
Wi02-1129,Red,11.99,5,7.7,0.935,0.43,2.2,0.114,22,114,0.997,3.25,0.73,9.2,0.048946668
Wi02-1130,Red,14.99,6,8.3,0.53,0,1.4,0.07,6,14,0.99593,3.25,0.64,10,0.029932592
Wi02-1131,Red,9.99,5,10.8,0.26,0.45,3.3,0.06,20,49,0.9972,3.13,0.54,9.6,0.041649313
Wi02-1132,Red,18.99,6,7,0.36,0.21,2.3,0.086,20,65,0.99558,3.4,0.54,10.1,0.032001946
Wi02-1133,Red,14.99,5,5.6,0.54,0.04,1.7,0.049,5,13,0.9942,3.72,0.58,11.4,0.042512488
Wi02-1134,Red,14.99,6,5.2,0.645,0,2.15,0.08,15,28,0.99444,3.78,0.61,12.5,0.025355998
Wi02-1135,Red,7.99,3,6.8,0.815,0,1.2,0.267,16,29,0.99471,3.32,0.51,9.8,0.137174211
Wi02-1136,Red,18.99,6,6.8,0.65,0.02,2.1,0.078,8,15,0.99498,3.35,0.62,10.4,0.025036052
Wi02-1137,Red,14.99,6,10.1,0.65,0.37,5.1,0.11,11,65,1.0026,3.32,0.64,10.4,0.029220542
Wi02-1138,Red,16.99,6,6.3,0.55,0.15,1.8,0.077,26,35,0.99314,3.32,0.82,11.6,0.028437448
Wi02-1139,Red,13.99,6,6.7,0.46,0.24,1.7,0.077,18,34,0.9948,3.39,0.6,10.6,0.024878345
Wi02-1140,Red,14.99,5,8.8,0.41,0.64,2.2,0.093,9,42,0.9986,3.54,0.66,10.5,0.039367599
Wi02-1141,Red,13.99,6,6.4,0.38,0.14,2.2,0.038,15,25,0.99514,3.44,0.65,11.1,0.028341779
Wi02-1142,Red,20.99,7,5.3,0.57,0.01,1.7,0.054,5,27,0.9934,3.57,0.84,12.5,0.018510806
Wi02-1143,Red,19.99,6,12.9,0.5,0.55,2.8,0.072,7,24,1.00012,3.09,0.68,10.9,0.029320698
Wi02-1144,Red,13.99,5,12.2,0.45,0.49,1.4,0.075,3,6,0.9969,3.13,0.63,10.4,0.047465125
Wi02-1145,Red,19.99,6,8.7,0.42,0.45,2.4,0.072,32,59,0.99617,3.33,0.77,12,0.02418678
Wi02-1146,Red,19.99,6,6.1,0.56,0,2.2,0.079,6,9,0.9948,3.59,0.54,11.5,0.030670989
Wi02-1147,Red,17.99,6,12.2,0.48,0.54,2.6,0.085,19,64,1,3.1,0.61,10.5,0.033057851
Wi02-1148,Red,12.99,5,8.6,0.55,0.09,3.3,0.068,8,17,0.99735,3.23,0.44,10,0.035734578
Wi02-1149,Red,9.99,5,8,0.81,0.25,3.4,0.076,34,85,0.99668,3.19,0.42,9.2,0.03354399
Wi02-1150,Red,17.99,6,7.2,0.63,0,1.9,0.097,14,38,0.99675,3.37,0.58,9,0.025930853
Wi02-1151,Red,9.99,5,8.1,0.785,0.52,2,0.122,37,153,0.9969,3.21,0.69,9.3,0.036699403
Wi02-1152,Red,18.99,6,5.4,0.74,0,1.2,0.041,16,46,0.99258,4.01,0.59,12.5,0.031215273
Wi02-1153,Red,23.99,7,13.3,0.29,0.75,2.8,0.084,23,43,0.9986,3.04,0.68,11.4,0.020349979
Wi02-1154,Red,19.99,6,6.7,0.46,0.24,1.7,0.077,18,34,0.9948,3.39,0.6,10.6,0.030778701
Wi02-1155,Red,25.99,7,6.7,0.28,0.28,2.4,0.012,36,100,0.99064,3.26,0.39,11.7,0.021690045
Wi02-1156,Red,15.99,6,7.9,0.33,0.41,1.5,0.056,6,35,0.99396,3.29,0.71,11,0.030140818
Wi02-1157,Red,5.99,3,7.4,1.185,0,4.25,0.097,5,14,0.9966,3.63,0.54,10.7,0.095259869
Wi02-1158,Red,16.99,6,7.5,0.51,0.02,1.7,0.084,13,31,0.99538,3.36,0.54,10.5,0.031215273
Wi02-1159,Red,26.99,7,11.1,0.31,0.53,2.2,0.06,3,10,0.99572,3.02,0.83,10.9,0.019781572
Wi02-1160,Red,12.99,5,9.2,0.92,0.24,2.6,0.087,12,93,0.9998,3.48,0.54,9.8,0.041311389
Wi02-1161,Red,24.99,7,5.1,0.585,0,1.7,0.044,14,86,0.99264,3.56,0.94,12.9,0.018816764
Wi02-1162,Red,17.99,6,5,0.4,0.5,4.3,0.046,29,80,0.9902,3.49,0.66,13.6,0.033057851
Wi02-1163,Red,14.99,6,11.9,0.4,0.65,2.15,0.068,7,27,0.9988,3.06,0.68,11.3,0.027593514
Wi02-1164,Red,10.99,5,6.8,0.59,0.1,1.7,0.063,34,53,0.9958,3.41,0.67,9.7,0.041311389
Wi02-1165,Red,9.99,5,9.9,0.35,0.55,2.1,0.062,5,14,0.9971,3.26,0.79,10.6,0.036840418
Wi02-1166,Red,14.99,5,7.5,0.77,0.2,8.1,0.098,30,92,0.99892,3.2,0.58,9.2,0.040812162
Wi02-1167,Red,17.99,6,11.3,0.34,0.45,2,0.082,6,15,0.9988,2.94,0.66,9.2,0.028533601
Wi02-1168,Red,8.99,5,6.9,0.63,0.02,1.9,0.078,18,30,0.99712,3.4,0.75,9.8,0.034807307
Wi02-1169,Red,9.99,5,7,0.62,0.1,1.4,0.071,27,63,0.996,3.28,0.61,9.2,0.036281179
Wi02-1170,Red,9.99,5,11.4,0.46,0.5,2.7,0.122,4,17,1.0006,3.13,0.7,10.2,0.04032193
Wi02-1171,Red,15.99,6,8.4,0.31,0.29,3.1,0.194,14,26,0.99536,3.22,0.78,12,0.023668639
Wi02-1172,Red,19.99,6,12.7,0.59,0.45,2.3,0.082,11,22,1,3,0.7,9.3,0.031887755
Wi02-1173,Red,14.99,5,9.2,0.53,0.24,2.6,0.078,28,139,0.99788,3.21,0.57,9.5,0.046447681
Wi02-1174,Red,25.99,7,8.9,0.35,0.4,3.6,0.11,12,24,0.99549,3.23,0.7,12,0.022410269
Wi02-1175,Red,18.99,6,8.1,0.72,0.09,2.8,0.084,18,49,0.9994,3.43,0.72,11.1,0.027320538
Wi02-1176,Red,26.99,7,7.3,0.65,0,1.2,0.065,15,21,0.9946,3.39,0.47,10,0.017872973
Wi02-1177,Red,11.99,5,7,0.805,0,2.5,0.068,7,20,0.9969,3.48,0.56,9.6,0.038597967
Wi02-1178,Red,8.99,5,7.3,0.585,0.18,2.4,0.078,15,60,0.99638,3.31,0.54,9.8,0.036281179
Wi02-1179,Red,20.99,7,7.8,0.58,0.02,2,0.073,9,18,0.9968,3.36,0.57,9.5,0.021562831
Wi02-1180,Red,13.99,5,11.3,0.37,0.5,1.8,0.09,20,47,0.99734,3.15,0.57,10.5,0.035200237
Wi02-1181,Red,13.99,5,8.6,0.47,0.27,2.3,0.055,14,28,0.99516,3.18,0.8,11.2,0.036982249
Wi02-1182,Red,21.99,7,7,0.6,0.12,2.2,0.083,13,28,0.9966,3.52,0.62,10.2,0.017872973
Wi02-1183,Red,19.99,7,6.2,0.39,0.43,2,0.071,14,24,0.99428,3.45,0.87,11.2,0.01782528
Wi02-1184,Red,20.99,7,9.4,0.27,0.53,2.4,0.074,6,18,0.9962,3.2,1.13,12,0.020882756
Wi02-1185,Red,13.99,6,8.7,0.7,0.24,2.5,0.226,5,15,0.9991,3.32,0.6,9,0.03143705
Wi02-1186,Red,11.99,5,7.6,0.49,0.33,1.9,0.074,27,85,0.99706,3.41,0.58,9,0.035599858
Wi02-1187,Red,15.99,6,12,0.38,0.56,2.1,0.093,6,24,0.99925,3.14,0.71,10.9,0.024111724
Wi02-1188,Red,17.99,6,8.8,0.55,0.04,2.2,0.119,14,56,0.9962,3.21,0.6,10.9,0.029120898
Wi02-1189,Red,21.99,7,15,0.21,0.44,2.2,0.075,10,24,1.00005,3.07,0.84,9.2,0.01902497
Wi02-1190,Red,18.99,6,7,0.69,0.07,2.5,0.091,15,21,0.99572,3.38,0.6,11.3,0.02418678
Wi02-1191,Red,12.99,5,7.3,0.67,0.05,3.6,0.107,6,20,0.9972,3.4,0.63,10.1,0.042164026
Wi02-1192,Red,8.99,5,11.9,0.38,0.49,2.7,0.098,12,42,1.0004,3.16,0.61,10.3,0.034166892
Wi02-1193,Red,13.99,5,6.8,0.69,0,5.6,0.124,21,58,0.9997,3.46,0.72,10.2,0.048091721
Wi02-1194,Red,7.99,4,7.2,0.58,0.54,2.1,0.114,3,9,0.99719,3.33,0.57,10.3,0.063769003
Wi02-1195,Red,19.99,6,6.4,0.47,0.4,2.4,0.071,8,19,0.9963,3.56,0.73,10.6,0.027230446
Wi02-1196,Red,8.99,5,6.7,0.48,0.08,2.1,0.064,18,34,0.99552,3.33,0.64,9.7,0.03442092
Wi02-1197,Red,14.99,5,7.8,0.56,0.19,2.1,0.081,15,105,0.9962,3.33,0.54,9.5,0.045269353
Wi02-1198,Red,8.99,5,9.8,0.98,0.32,2.3,0.078,35,152,0.998,3.25,0.48,9.4,0.038903089
Wi02-1199,Red,8.99,5,7,0.58,0.12,1.9,0.091,34,124,0.9956,3.44,0.48,10.5,0.048091721
Wi02-1200,Red,24.99,7,8.4,0.25,0.39,2,0.041,4,10,0.99386,3.27,0.71,12.5,0.018561278
Wi02-1201,Red,12.99,5,8.9,0.31,0.57,2,0.111,26,85,0.9971,3.26,0.53,9.7,0.04432133
Wi02-1202,Red,18.99,6,9.9,0.32,0.56,2,0.073,3,8,0.99534,3.15,0.73,11.4,0.025195263
Wi02-1203,Red,25.99,7,10,0.31,0.47,2.6,0.085,14,33,0.99965,3.36,0.8,10.5,0.020643414
Wi02-1204,Red,14.99,6,10.6,0.48,0.64,2.2,0.111,6,20,0.997,3.26,0.66,11.7,0.031215273
Wi02-1205,Red,10.99,5,7.7,0.39,0.12,1.7,0.097,19,27,0.99596,3.16,0.49,9.4,0.042865287
Wi02-1206,Red,11.99,5,9.2,0.56,0.18,1.6,0.078,10,21,0.99576,3.15,0.49,9.9,0.03968191
Wi02-1207,Red,23.99,7,9.1,0.29,0.33,2.05,0.063,13,27,0.99516,3.26,0.84,11.7,0.023166971
Wi02-1208,Red,10.99,5,7.4,0.47,0.46,2.2,0.114,7,20,0.99647,3.32,0.63,10.5,0.04032193
Wi02-1209,Red,14.99,6,8.8,0.46,0.45,2.6,0.065,7,18,0.9947,3.32,0.79,14,0.029120898
Wi02-1210,Red,19.99,6,7.7,0.53,0.06,1.7,0.074,9,39,0.99615,3.35,0.48,9.8,0.026268161
Wi02-1211,Red,9.99,5,7.6,0.41,0.24,1.8,0.08,4,11,0.9962,3.28,0.59,9.5,0.039524286
Wi02-1212,Red,13.99,6,7.1,0.59,0.01,2.3,0.08,27,43,0.9955,3.42,0.58,10.7,0.025518276
Wi02-1213,Red,19.99,7,8.3,0.28,0.48,2.1,0.093,6,12,0.99408,3.26,0.62,12.4,0.018920438
Wi02-1214,Red,19.99,7,6.8,0.59,0.06,6,0.06,11,18,0.9962,3.41,0.59,10.8,0.022681086
Wi02-1215,Red,14.99,5,7.8,0.53,0.01,1.6,0.077,3,19,0.995,3.16,0.46,9.8,0.03329959
Wi02-1216,Red,17.99,6,7.3,0.66,0,2,0.084,6,23,0.9983,3.61,0.96,9.9,0.024262187
Wi02-1217,Red,25.99,7,12,0.5,0.59,1.4,0.073,23,42,0.998,2.92,0.68,10.5,0.021690045
Wi02-1218,Red,14.99,5,5.9,0.19,0.21,1.7,0.045,57,135,0.99341,3.32,0.44,9.5,0.042865287
Wi02-1219,Red,20.99,7,9.9,0.53,0.57,2.4,0.093,30,52,0.9971,3.19,0.76,11.6,0.018920438
Wi02-1220,Red,13.99,5,10.4,0.575,0.61,2.6,0.076,11,24,1,3.16,0.69,9,0.037124899
Wi02-1221,Red,15.99,6,10.6,0.31,0.49,2.2,0.063,18,40,0.9976,3.14,0.51,9.8,0.028923134
Wi02-1222,Red,19.99,7,12.8,0.3,0.74,2.6,0.095,9,28,0.9994,3.2,0.77,10.8,0.020006042
Wi02-1223,Red,17.99,6,8.2,0.4,0.31,1.9,0.082,8,24,0.996,3.24,0.69,10.6,0.024414063
Wi02-1224,Red,16.99,6,6.6,0.39,0.49,1.7,0.07,23,149,0.9922,3.12,0.5,11.5,0.027963893
Wi02-1225,Red,14.99,5,6.8,0.915,0.29,4.8,0.07,15,39,0.99577,3.53,0.54,11.1,0.042512488
Wi02-1226,Red,11.99,5,7.8,0.63,0.48,1.7,0.1,14,96,0.9961,3.19,0.62,9.5,0.033915665
Wi02-1227,Red,18.99,6,7.7,0.56,0.08,2.5,0.114,14,46,0.9971,3.24,0.66,9.6,0.029220542
Wi02-1228,Red,14.99,5,6.9,0.67,0.06,2.1,0.08,8,33,0.99845,3.68,0.71,9.6,0.04432133
Wi02-1229,Red,18.99,6,7.2,0.53,0.13,2,0.058,18,22,0.99573,3.21,0.68,9.9,0.026786599
Wi02-1230,Red,13.99,5,7.1,0.685,0.35,2,0.088,9,92,0.9963,3.28,0.62,9.4,0.036143359
Wi02-1231,Red,10.99,4,10.1,0.935,0.22,3.4,0.105,11,86,1.001,3.43,0.64,11.3,0.078462758
Wi02-1232,Red,19.99,6,10.7,0.4,0.37,1.9,0.081,17,29,0.99674,3.12,0.65,11.2,0.025518276
Wi02-1233,Red,14.99,6,6.9,0.41,0.33,2.2,0.081,22,36,0.9949,3.41,0.75,11.1,0.025036052
Wi02-1234,Red,9.99,5,9,0.47,0.31,2.7,0.084,24,125,0.9984,3.31,0.61,9.4,0.042512488
Wi02-1235,Red,15.99,6,8.3,0.76,0.29,4.2,0.075,12,16,0.9965,3.45,0.68,11.5,0.02652548
Wi02-1236,Red,19.99,6,6.8,0.41,0.31,8.8,0.084,26,45,0.99824,3.38,0.64,10.1,0.026439289
Wi02-1237,Red,18.99,6,7.6,0.51,0.15,2.8,0.11,33,73,0.9955,3.17,0.63,10.2,0.026353517
Wi02-1238,Red,16.99,6,6.9,0.605,0.12,10.7,0.073,40,83,0.9993,3.45,0.52,9.4,0.02576463
Wi02-1239,Red,13.99,6,8.2,0.59,0,2.5,0.093,19,58,1.0002,3.5,0.65,9.3,0.029220542
Wi02-1240,Red,15.99,6,7.5,0.57,0.02,2.6,0.077,11,35,0.99557,3.36,0.62,10.8,0.028727377
Wi02-1241,Red,19.99,6,6.8,0.41,0.31,8.8,0.084,26,45,0.99824,3.38,0.64,10.1,0.031887755
Wi02-1242,Red,17.99,6,6.8,0.67,0.15,1.8,0.118,13,20,0.9954,3.42,0.67,11.3,0.02609869
Wi02-1243,Red,13.99,6,7.2,0.35,0.26,1.8,0.083,33,75,0.9968,3.4,0.58,9.5,0.028727377
Wi02-1244,Red,10.99,5,6.4,0.57,0.02,1.8,0.067,4,11,0.997,3.46,0.68,9.5,0.037703836
Wi02-1245,Red,17.99,6,7,0.54,0.09,2,0.081,10,16,0.99479,3.43,0.59,11.5,0.027593514
Wi02-1246,Red,18.99,6,7.3,0.44,0.2,1.6,0.049,24,64,0.9935,3.38,0.57,11.7,0.027593514
Wi02-1247,Red,6.99,3,7.1,0.875,0.05,5.7,0.082,3,14,0.99808,3.4,0.52,10.2,0.115692536
Wi02-1248,Red,12.99,5,12.3,0.39,0.63,2.3,0.091,6,18,1.0004,3.16,0.49,9.5,0.034677791
Wi02-1249,Red,18.99,6,6.5,0.61,0,2.2,0.095,48,59,0.99541,3.61,0.7,11.5,0.0316612
Wi02-1250,Red,8.99,5,8.8,0.44,0.49,2.8,0.083,18,111,0.9982,3.3,0.6,9.5,0.04585284
Wi02-1251,Red,15.99,6,6,0.42,0.19,2,0.075,22,47,0.99522,3.39,0.78,10,0.031887755
Wi02-1252,Red,12.99,5,6.9,0.57,0,2.8,0.081,21,41,0.99518,3.41,0.52,10.8,0.0419914
Wi02-1253,Red,17.99,6,10.4,0.34,0.58,3.7,0.174,6,16,0.997,3.19,0.7,11.3,0.024567369
Wi02-1254,Red,19.99,6,5.1,0.47,0.02,1.3,0.034,18,44,0.9921,3.9,0.62,12.8,0.030886981
Wi02-1255,Red,8.99,5,8,1.18,0.21,1.9,0.083,14,41,0.99532,3.34,0.47,10.5,0.034040931
Wi02-1256,Red,8.99,5,7.9,0.43,0.21,1.6,0.106,10,37,0.9966,3.17,0.91,9.5,0.042865287
Wi02-1257,Red,14.99,6,5.9,0.61,0.08,2.1,0.071,16,24,0.99376,3.56,0.77,11.1,0.024111724
Wi02-1258,Red,15.99,6,9.8,0.44,0.47,2.5,0.063,9,28,0.9981,3.24,0.65,10.8,0.031105263
Wi02-1259,Red,15.99,6,7.3,0.67,0.02,2.2,0.072,31,92,0.99566,3.32,0.68,11.1,0.031325867
Wi02-1260,Red,15.99,6,7.4,0.29,0.38,1.7,0.062,9,30,0.9968,3.41,0.53,9.5,0.030457255
Wi02-1261,Red,18.99,7,8.9,0.38,0.4,2.2,0.068,12,28,0.99486,3.27,0.75,12.6,0.020702862
Wi02-1262,Red,14.99,6,8,0.38,0.06,1.8,0.078,12,49,0.99625,3.37,0.52,9.9,0.032700149
Wi02-1263,Red,20.99,7,8.9,0.12,0.45,1.8,0.075,10,21,0.99552,3.41,0.76,11.9,0.02338
Wi02-1264,Red,13.99,5,7.3,1.07,0.09,1.7,0.178,10,89,0.9962,3.3,0.57,9,0.037124899
Wi02-1265,Red,10.99,5,6.6,0.44,0.15,2.1,0.076,22,53,0.9957,3.32,0.62,9.3,0.040812162
Wi02-1266,Red,19.99,6,8.6,0.645,0.25,2,0.083,8,28,0.99815,3.28,0.6,10,0.026612094
Wi02-1267,Red,23.99,7,10.2,0.34,0.48,2.1,0.052,5,9,0.99458,3.2,0.69,12.1,0.022681086
Wi02-1268,Red,29.99,8,12.6,0.31,0.72,2.2,0.072,6,29,0.9987,2.88,0.82,9.8,0.016778974
Wi02-1269,Red,14.99,6,10.8,0.47,0.43,2.1,0.171,27,66,0.9982,3.17,0.76,10.8,0.029624275
Wi02-1270,Red,14.99,6,10.2,0.4,0.4,2.5,0.068,41,54,0.99754,3.38,0.86,10.5,0.024957012
Wi02-1271,Red,12.99,5,6.4,0.63,0.21,1.6,0.08,12,32,0.99689,3.58,0.66,9.8,0.038903089
Wi02-1272,Red,8.99,5,6.2,0.46,0.29,2.1,0.074,32,98,0.99578,3.33,0.62,9.8,0.04233772
Wi02-1273,Red,14.99,6,10.9,0.39,0.47,1.8,0.118,6,14,0.9982,3.3,0.75,9.8,0.02576463
Wi02-1274,Red,19.99,6,6.6,0.5,0,1.8,0.062,21,28,0.99352,3.44,0.55,12.3,0.02942137
Wi02-1275,Red,9.99,5,6.3,0.39,0.16,1.4,0.08,11,23,0.9955,3.34,0.56,9.3,0.034937549
Wi02-1276,Red,13.99,5,8.2,0.73,0.21,1.7,0.074,5,13,0.9968,3.2,0.52,9.5,0.036840418
Wi02-1277,Red,15.99,6,8.1,0.545,0.18,1.9,0.08,13,35,0.9972,3.3,0.59,9,0.028151885
Wi02-1278,Red,19.99,6,12,0.45,0.55,2,0.073,25,49,0.9997,3.1,0.76,10.3,0.032582205
Wi02-1279,Red,13.99,5,7.7,0.665,0,2.4,0.09,8,19,0.9974,3.27,0.73,9.3,0.046248121
Wi02-1280,Red,13.99,5,9.9,0.57,0.25,2,0.104,12,89,0.9963,3.04,0.9,10.1,0.044508537
Wi02-1281,Red,11.99,5,6.9,0.5,0.04,1.5,0.085,19,49,0.9958,3.35,0.78,9.5,0.036143359
Wi02-1282,Red,12.99,5,7.2,0.41,0.3,2.1,0.083,35,72,0.997,3.44,0.52,9.4,0.04432133
Wi02-1283,Red,12.99,5,6.1,0.64,0.02,2.4,0.069,26,46,0.99358,3.47,0.45,11,0.038750078
Wi02-1284,Red,17.99,6,7,0.65,0.02,2.1,0.066,8,25,0.9972,3.47,0.67,9.5,0.030457255
Wi02-1285,Red,9.99,5,7.1,0.715,0,2.35,0.071,21,47,0.99632,3.29,0.45,9.4,0.03354399
Wi02-1286,Red,13.99,6,11.5,0.315,0.54,2.1,0.084,5,15,0.9987,2.98,0.7,9.2,0.032001946
Wi02-1287,Red,24.99,7,9.6,0.38,0.31,2.5,0.096,16,49,0.9982,3.19,0.7,10,0.021126284
Wi02-1288,Red,17.99,6,8.7,0.54,0.26,2.5,0.097,7,31,0.9976,3.27,0.6,9.3,0.03143705
Wi02-1289,Red,10.99,5,7.8,0.64,0,1.9,0.072,27,55,0.9962,3.31,0.63,11,0.042865287
Wi02-1290,Red,10.99,4,9.9,0.5,0.24,2.3,0.103,6,14,0.9978,3.34,0.52,10,0.068889027
Wi02-1291,Red,8.99,4,6.2,0.785,0,2.1,0.06,6,13,0.99664,3.59,0.61,10,0.063769003
Wi02-1292,Red,16.99,6,10.9,0.53,0.49,4.6,0.118,10,17,1.0002,3.07,0.56,11.7,0.026014568
Wi02-1293,Red,15.99,6,7.5,0.57,0.08,2.6,0.089,14,27,0.99592,3.3,0.59,10.4,0.030563842
Wi02-1294,Red,19.99,6,8,0.42,0.17,2,0.073,6,18,0.9972,3.29,0.61,9.2,0.024037017
Wi02-1295,Red,17.99,6,7.2,0.63,0,1.9,0.097,14,38,0.99675,3.37,0.58,9,0.024722123
Wi02-1296,Red,36.99,8,5,0.42,0.24,2,0.06,19,50,0.9917,3.72,0.74,14,0.017222257
Wi02-1297,Red,14.99,6,10,0.56,0.24,2.2,0.079,19,58,0.9991,3.18,0.56,10.1,0.027593514
Wi02-1298,Red,15.99,6,8.1,0.53,0.22,2.2,0.078,33,89,0.99678,3.26,0.46,9.6,0.030140818
Wi02-1299,Red,16.99,6,7.6,0.54,0.02,1.7,0.085,17,31,0.99589,3.37,0.51,10.4,0.029220542
Wi02-1300,Red,15.99,6,6.9,0.49,0.19,1.7,0.079,13,26,0.99547,3.38,0.64,9.8,0.027411078
Wi02-1301,Red,9.99,4,8.2,0.78,0,2.2,0.089,13,26,0.9978,3.37,0.46,9.6,0.057233122
Wi02-1302,Red,10.99,4,6.6,0.61,0,1.6,0.069,4,8,0.99396,3.33,0.37,10.4,0.074651378
Wi02-1303,Red,9.99,5,8.8,0.37,0.48,2.1,0.097,39,145,0.9975,3.04,1.03,9.3,0.04233772
Wi02-1304,Red,16.99,6,9.1,0.68,0.11,2.8,0.093,11,44,0.99888,3.31,0.55,9.5,0.030670989
Wi02-1305,Red,9.99,5,8.1,0.78,0.23,2.6,0.059,5,15,0.997,3.37,0.56,11.3,0.035068524
Wi02-1306,Red,16.99,6,9.1,0.795,0,2.6,0.096,11,26,0.9994,3.35,0.83,9.4,0.02652548
Wi02-1307,Red,13.99,5,9.5,0.57,0.27,2.3,0.082,23,144,0.99782,3.27,0.55,9.4,0.047258979
Wi02-1308,Red,22.99,7,9.1,0.36,0.39,1.8,0.06,21,55,0.99495,3.18,0.82,11,0.023237656
Wi02-1309,Red,13.99,6,5.2,0.34,0,1.8,0.05,27,63,0.9916,3.68,0.79,14,0.030140818
Wi02-1310,Red,14.99,5,7.2,0.415,0.36,2,0.081,13,45,0.9972,3.48,0.64,9.2,0.041143967
Wi02-1311,Red,20.99,7,8.2,0.28,0.4,2.4,0.052,4,10,0.99356,3.33,0.7,12.8,0.018662845
Wi02-1312,Red,8.99,5,7.5,0.705,0.24,1.8,0.36,15,63,0.9964,3,1.59,9.5,0.036699403
Wi02-1313,Red,24.99,7,10.2,0.44,0.42,2,0.071,7,20,0.99566,3.14,0.79,11.1,0.020466597
Wi02-1314,Red,9.99,5,8.7,0.625,0.16,2,0.101,13,49,0.9962,3.14,0.57,11,0.039057008
Wi02-1315,Red,17.99,6,8.6,0.53,0.22,2,0.1,7,27,0.9967,3.2,0.56,10.2,0.027411078
Wi02-1316,Red,14.99,5,7.1,0.63,0.06,2,0.083,8,29,0.99855,3.67,0.73,9.6,0.04432133
Wi02-1317,Red,13.99,6,9,0.53,0.49,1.9,0.171,6,25,0.9975,3.27,0.61,9.4,0.030245747
Wi02-1318,Red,17.99,6,7,0.22,0.3,1.8,0.065,16,20,0.99672,3.61,0.82,10,0.032582205
Wi02-1319,Red,16.99,6,9.5,0.78,0.22,1.9,0.077,6,32,0.9988,3.26,0.56,10.6,0.024111724
Wi02-1320,Red,18.99,6,9.1,0.785,0,2.6,0.093,11,28,0.9994,3.36,0.86,9.4,0.030140818
Wi02-1321,Red,18.99,6,8.7,0.54,0.26,2.5,0.097,7,31,0.9976,3.27,0.6,9.3,0.032232175
Wi02-1322,Red,8.99,5,7.4,0.64,0.17,5.4,0.168,52,98,0.99736,3.28,0.5,9.5,0.040647763
Wi02-1323,Red,12.99,5,7.2,1,0,3,0.102,7,16,0.99586,3.43,0.46,10,0.033057851
Wi02-1324,Red,13.99,5,10.7,0.46,0.39,2,0.061,7,15,0.9981,3.18,0.62,9.5,0.04
Wi02-1325,Red,10.99,5,6.5,0.46,0.14,2.4,0.114,9,37,0.99732,3.66,0.65,9.8,0.046049844
Wi02-1326,Red,14.99,6,7.8,0.545,0.12,2.5,0.068,11,35,0.996,3.34,0.61,11.6,0.028533601
Wi02-1327,Red,20.99,7,5.2,0.48,0.04,1.6,0.054,19,106,0.9927,3.54,0.62,12.2,0.018510806
Wi02-1328,Red,21.99,7,11.8,0.33,0.49,3.4,0.093,54,80,1.0002,3.3,0.76,10.7,0.019781572
Wi02-1329,Red,6.99,4,8,0.83,0.27,2,0.08,11,63,0.99652,3.29,0.48,9.8,0.070733364
Wi02-1330,Red,14.99,5,12.7,0.6,0.49,2.8,0.075,5,19,0.9994,3.14,0.57,11.4,0.047881484
Wi02-1331,Red,5.99,3,8.3,1.02,0.02,3.4,0.084,6,11,0.99892,3.48,0.49,11,0.15622803
Wi02-1332,Red,15.99,6,7,0.57,0,2,0.19,12,45,0.99676,3.31,0.6,9.4,0.023888641
Wi02-1333,Red,14.99,5,8.6,0.37,0.65,6.4,0.08,3,8,0.99817,3.27,0.58,11,0.03442092
Wi02-1334,Red,13.99,6,6.8,0.65,0.02,2.1,0.078,8,15,0.99498,3.35,0.62,10.4,0.032582205
Wi02-1335,Red,8.99,4,10.2,0.23,0.37,2.2,0.057,14,36,0.99614,3.23,0.49,9.3,0.0625
Wi02-1336,Red,18.99,7,8.3,0.31,0.39,2.4,0.078,17,43,0.99444,3.31,0.77,12.5,0.01782528
Wi02-1337,Red,13.99,6,13.8,0.49,0.67,3,0.093,6,15,0.9986,3.02,0.93,12,0.024037017
Wi02-1338,Red,9.99,5,10.2,0.67,0.39,1.9,0.054,6,17,0.9976,3.17,0.47,10,0.04233772
Wi02-1339,Red,13.99,6,7.9,0.29,0.49,2.2,0.096,21,59,0.99714,3.31,0.67,10.1,0.024337947
Wi02-1340,Red,23.99,7,7.2,0.48,0.07,5.5,0.089,10,18,0.99684,3.37,0.68,11.2,0.019290123
Wi02-1341,Red,11.99,5,7.8,0.44,0.28,2.7,0.1,18,95,0.9966,3.22,0.67,9.4,0.041649313
Wi02-1342,Red,11.99,5,7.2,0.62,0.06,2.5,0.078,17,84,0.99746,3.51,0.53,9.7,0.038903089
Wi02-1343,Red,14.99,5,6.9,0.58,0.2,1.75,0.058,8,22,0.99322,3.38,0.49,11.7,0.048091721
Wi02-1344,Red,23.99,7,6.4,0.57,0.12,2.3,0.12,25,36,0.99519,3.47,0.71,11.3,0.022410269
Wi02-1345,Red,13.99,5,10,0.29,0.4,2.9,0.098,10,26,1.0006,3.48,0.91,9.7,0.033915665
Wi02-1346,Red,27.99,8,7.4,0.36,0.3,1.8,0.074,17,24,0.99419,3.24,0.7,11.4,0.016822527
Wi02-1347,Red,19.99,6,7.2,0.645,0,1.9,0.097,15,39,0.99675,3.37,0.58,9.2,0.02750207
Wi02-1348,Red,15.99,6,7.9,0.58,0.23,2.3,0.076,23,94,0.99686,3.21,0.58,9.5,0.03143705
Wi02-1349,Red,12.99,5,9.2,0.43,0.49,2.4,0.086,23,116,0.9976,3.23,0.64,9.5,0.043766741
Wi02-1350,Red,14.99,5,8.2,0.39,0.38,1.5,0.058,10,29,0.9962,3.26,0.74,9.8,0.03379109
Wi02-1351,Red,13.99,5,7.4,0.7,0,1.9,0.076,11,34,0.9978,3.51,0.56,9.4,0.04
Wi02-1352,Red,14.99,6,6.8,0.51,0.01,2.1,0.074,9,25,0.9958,3.33,0.56,9.5,0.026439289
Wi02-1353,Red,27.99,8,9.4,0.3,0.56,2.8,0.08,6,17,0.9964,3.15,0.92,11.7,0.017267549
Wi02-1354,Red,19.99,6,7.8,0.645,0,2,0.082,8,16,0.9964,3.38,0.59,9.8,0.023814967
Wi02-1355,Red,12.99,5,5.9,0.645,0.12,2,0.075,32,44,0.99547,3.57,0.71,10.2,0.03379109
Wi02-1356,Red,25.99,7,12.5,0.28,0.54,2.3,0.082,12,29,0.9997,3.11,1.36,9.8,0.022612923
Wi02-1357,Red,9.99,5,8.9,0.31,0.36,2.6,0.056,10,39,0.99562,3.4,0.69,11.8,0.045269353
Wi02-1358,Red,13.99,5,7.7,0.965,0.1,2.1,0.112,11,22,0.9963,3.26,0.5,9.5,0.038903089
Wi02-1359,Red,13.99,6,6.2,0.51,0.14,1.9,0.056,15,34,0.99396,3.48,0.57,11.5,0.023668639
Wi02-1360,Red,13.99,6,5.9,0.44,0,1.6,0.042,3,11,0.9944,3.48,0.85,11.7,0.030670989
Wi02-1361,Red,8.99,5,6.7,0.58,0.08,1.8,0.097,15,65,0.9959,3.28,0.54,9.2,0.04
Wi02-1362,Red,13.99,5,7,0.6,0.3,4.5,0.068,20,110,0.99914,3.3,1.17,10.2,0.034166892
Wi02-1363,Red,14.99,6,7.8,0.56,0.12,2,0.082,7,28,0.997,3.37,0.5,9.4,0.025682117
Wi02-1364,Red,16.99,6,9.8,0.51,0.19,3.2,0.081,8,30,0.9984,3.23,0.58,10.5,0.027140798
Wi02-1365,Red,11.99,5,7.7,0.705,0.1,2.6,0.084,9,26,0.9976,3.39,0.49,9.7,0.041649313
Wi02-1366,Red,14.99,6,10.4,0.43,0.5,2.3,0.068,13,19,0.996,3.1,0.87,11.4,0.030245747
Wi02-1367,Red,14.99,6,12.4,0.35,0.49,2.6,0.079,27,69,0.9994,3.12,0.75,10.4,0.024490536
Wi02-1368,Red,17.99,6,9.2,0.67,0.1,3,0.091,12,48,0.99888,3.31,0.54,9.5,0.032582205
Wi02-1369,Red,13.99,6,9.1,0.4,0.57,4.6,0.08,6,20,0.99652,3.28,0.57,12.5,0.024490536
Wi02-1370,Red,8.99,4,9.1,0.765,0.04,1.6,0.078,4,14,0.998,3.29,0.54,9.7,0.07802503
Wi02-1371,Red,12.99,5,8.2,0.885,0.2,1.4,0.086,7,31,0.9946,3.11,0.46,10,0.034548997
Wi02-1372,Red,32.99,8,10.7,0.35,0.53,2.6,0.07,5,16,0.9972,3.15,0.65,11,0.014005112
Wi02-1373,Red,11.99,5,7.9,0.72,0.01,1.9,0.076,7,32,0.99668,3.39,0.54,9.6,0.034548997
Wi02-1374,Red,13.99,5,8.3,0.43,0.3,3.4,0.079,7,34,0.99788,3.36,0.61,10.5,0.039840479
Wi02-1375,Red,14.99,5,8.7,0.84,0,1.4,0.065,24,33,0.9954,3.27,0.55,9.7,0.034040931
Wi02-1376,Red,13.99,6,7.4,0.62,0.05,1.9,0.068,24,42,0.9961,3.42,0.57,11.5,0.030778701
Wi02-1377,Red,18.99,6,9.9,0.44,0.46,2.2,0.091,10,41,0.99638,3.18,0.69,11.9,0.030140818
Wi02-1378,Red,14.99,5,7.1,0.65,0.18,1.8,0.07,13,40,0.997,3.44,0.6,9.1,0.0419914
Wi02-1379,Red,15.99,6,8.8,0.45,0.43,1.4,0.076,12,21,0.99551,3.21,0.75,10.2,0.025930853
Wi02-1380,Red,13.99,6,10.8,0.32,0.44,1.6,0.063,16,37,0.9985,3.22,0.78,10,0.0316612
Wi02-1381,Red,8.99,5,7.4,0.61,0.01,2,0.074,13,38,0.99748,3.48,0.65,9.8,0.047258979
Wi02-1382,Red,18.99,6,7.1,0.75,0.01,2.2,0.059,11,18,0.99242,3.39,0.4,12.8,0.026439289
Wi02-1383,Red,12.99,5,10,0.35,0.45,2.5,0.092,20,88,0.99918,3.15,0.43,9.4,0.039057008
Wi02-1384,Red,16.99,6,10,0.56,0.24,2.2,0.079,19,58,0.9991,3.18,0.56,10.1,0.024957012
Wi02-1385,Red,16.99,6,6.9,0.44,0,1.4,0.07,32,38,0.99438,3.32,0.58,11.4,0.027870602
Wi02-1386,Red,12.99,5,7.5,0.58,0.03,4.1,0.08,27,46,0.99592,3.02,0.47,9.2,0.045462605
Wi02-1387,Red,15.99,6,6.5,0.9,0,1.6,0.052,9,17,0.99467,3.5,0.63,10.9,0.023668639
Wi02-1388,Red,18.99,6,6.3,0.98,0.01,2,0.057,15,33,0.99488,3.6,0.46,11.2,0.0256
Wi02-1389,Red,23.99,7,7.3,0.34,0.33,2.5,0.064,21,37,0.9952,3.35,0.77,12.1,0.019290123
Wi02-1390,Red,10.99,5,7.5,0.58,0.14,2.2,0.077,27,60,0.9963,3.28,0.59,9.8,0.034677791
Wi02-1391,Red,19.99,6,8.2,1,0.09,2.3,0.065,7,37,0.99685,3.32,0.55,9,0.02418678
Wi02-1392,Red,13.99,6,11.4,0.6,0.49,2.7,0.085,10,41,0.9994,3.15,0.63,10.5,0.027685416
Wi02-1393,Red,12.99,5,7.7,0.67,0.23,2.1,0.088,17,96,0.9962,3.32,0.48,9.5,0.041143967
Wi02-1394,Red,8.99,5,15.9,0.36,0.65,7.5,0.096,22,71,0.9976,2.98,0.84,14.9,0.038597967
Wi02-1395,Red,12.99,5,7.3,0.735,0,2.2,0.08,18,28,0.99765,3.41,0.6,9.4,0.043584189
Wi02-1396,Red,15.99,6,6.4,0.37,0.25,1.9,0.074,21,49,0.9974,3.57,0.62,9.8,0.023888641
Wi02-1397,Red,17.99,6,6.6,0.5,0.01,1.5,0.06,17,26,0.9952,3.4,0.58,9.8,0.02750207
Wi02-1398,Red,13.99,5,6.2,0.65,0.06,1.6,0.05,6,18,0.99348,3.57,0.54,11.95,0.042865287
Wi02-1399,Red,24.99,7,6.6,0.58,0.02,2,0.062,37,53,0.99374,3.35,0.76,11.6,0.022013049
Wi02-1400,Red,13.99,6,7,0.54,0,2.1,0.079,39,55,0.9956,3.39,0.84,11.4,0.029120898
Wi02-1401,Red,13.99,5,7.7,0.69,0.05,2.7,0.075,15,27,0.9974,3.26,0.61,9.1,0.03317839
Wi02-1402,Red,9.99,4,8.3,0.845,0.01,2.2,0.07,5,14,0.9967,3.32,0.58,11,0.060073049
Wi02-1403,Red,13.99,5,7.6,0.62,0.32,2.2,0.082,7,54,0.9966,3.36,0.52,9.4,0.04032193
Wi02-1404,Red,16.99,6,6.7,0.42,0.27,8.6,0.068,24,148,0.9948,3.16,0.57,11.3,0.031215273
Wi02-1405,Red,13.99,5,9.6,0.6,0.5,2.3,0.079,28,71,0.9997,3.5,0.57,9.7,0.035734578
Wi02-1406,Red,12.99,5,8.7,0.765,0.22,2.3,0.064,9,42,0.9963,3.1,0.55,9.4,0.04585284
Wi02-1407,Red,14.99,5,9,0.69,0,2.4,0.088,19,38,0.999,3.35,0.6,9.3,0.045269353
Wi02-1408,Red,6.99,4,7.6,0.68,0.02,1.3,0.072,9,20,0.9965,3.17,1.08,9.2,0.065077051
Wi02-1409,Red,17.99,6,9,0.36,0.52,2.1,0.111,5,10,0.99568,3.31,0.62,11.3,0.027140798
Wi02-1410,Red,19.99,6,8.4,0.36,0.32,2.2,0.081,32,79,0.9964,3.3,0.72,11,0.030995834
Wi02-1411,Red,13.99,6,8.2,0.32,0.42,2.3,0.098,3,9,0.99506,3.27,0.55,12.3,0.026268161
Wi02-1412,Red,18.99,6,10.6,0.31,0.49,2.5,0.067,6,21,0.9987,3.26,0.86,10.7,0.027963893
Wi02-1413,Red,15.99,6,10.1,0.31,0.44,2.3,0.08,22,46,0.9988,3.32,0.67,9.7,0.030995834
Wi02-1414,Red,6.99,4,6.8,0.68,0.09,3.9,0.068,15,29,0.99524,3.41,0.52,11.1,0.057784763
Wi02-1415,Red,14.99,5,8.2,0.56,0.23,3.4,0.078,14,104,0.9976,3.28,0.62,9.4,0.042688341
Wi02-1416,Red,22.99,7,6.4,0.31,0.09,1.4,0.066,15,28,0.99459,3.42,0.7,10,0.019893332
Wi02-1417,Red,13.99,6,10,0.35,0.47,2,0.061,6,11,0.99585,3.23,0.52,12,0.031325867
Wi02-1418,Red,9.99,5,10.4,0.64,0.24,2.8,0.105,29,53,0.9998,3.24,0.67,9.9,0.039367599
Wi02-1419,Red,16.99,6,8.2,0.35,0.33,2.4,0.076,11,47,0.99599,3.27,0.81,11,0.02618322
Wi02-1420,Red,18.99,6,9.4,0.24,0.33,2.3,0.061,52,73,0.99786,3.47,0.9,10.2,0.032001946
Wi02-1421,Red,11.99,5,7,0.45,0.34,2.7,0.082,16,72,0.998,3.55,0.6,9.5,0.038750078
Wi02-1422,Red,13.99,5,8,0.59,0.05,2,0.089,12,32,0.99735,3.36,0.61,10,0.035068524
Wi02-1423,Red,21.99,7,8.2,0.31,0.4,2.2,0.058,6,10,0.99536,3.31,0.68,11.2,0.021562831
Wi02-1424,Red,26.99,7,9.6,0.32,0.47,1.4,0.056,9,24,0.99695,3.22,0.82,10.3,0.018868494
Wi02-1425,Red,13.99,6,8,0.58,0.16,2,0.12,3,7,0.99454,3.22,0.58,11.2,0.031548827
Wi02-1426,Red,9.99,5,6.6,0.7,0.08,2.6,0.106,14,27,0.99665,3.44,0.58,10.2,0.034293553
Wi02-1427,Red,12.99,5,8.1,0.82,0,4.1,0.095,5,14,0.99854,3.36,0.53,9.6,0.042164026
Wi02-1428,Red,13.99,6,11.9,0.38,0.51,2,0.121,7,20,0.9996,3.24,0.76,10.4,0.029829287
Wi02-1429,Red,20.99,7,6.8,0.36,0.32,1.8,0.067,4,8,0.9928,3.36,0.55,12.8,0.020882756
Wi02-1430,Red,10.99,5,8.4,0.745,0.11,1.9,0.09,16,63,0.9965,3.19,0.82,9.6,0.039840479
Wi02-1431,Red,12.99,5,8.9,0.595,0.41,7.9,0.086,30,109,0.9998,3.27,0.57,9.3,0.035332693
Wi02-1432,Red,13.99,6,6.9,0.49,0.1,2.3,0.074,12,30,0.9959,3.42,0.58,10.2,0.025518276
Wi02-1433,Red,7.99,4,8.1,0.73,0,2.5,0.081,12,24,0.99798,3.38,0.46,9.6,0.0594884
Wi02-1434,Red,12.99,5,7.1,0.31,0.3,2.2,0.053,36,127,0.9965,2.94,1.62,9.5,0.037850687
Wi02-1435,Red,13.99,6,7.6,0.35,0.6,2.6,0.073,23,44,0.99656,3.38,0.79,11.1,0.031105263
Wi02-1436,Red,25.99,7,10.5,0.26,0.47,1.9,0.078,6,24,0.9976,3.18,1.04,10.9,0.021626298
Wi02-1437,Red,17.99,6,7,0.69,0.08,1.8,0.097,22,89,0.9959,3.34,0.54,9.2,0.030670989
Wi02-1438,Red,16.99,6,10.3,0.5,0.42,2,0.069,21,51,0.9982,3.16,0.72,11.5,0.025355998
Wi02-1439,Red,21.99,7,8.1,0.38,0.28,2.1,0.066,13,30,0.9968,3.23,0.73,9.7,0.019560859
Wi02-1440,Red,13.99,5,7.4,0.7,0,1.9,0.076,11,34,0.9978,3.51,0.56,9.4,0.043766741
Wi02-1441,Red,25.99,7,8.9,0.48,0.53,4,0.101,3,10,0.99586,3.21,0.59,12.1,0.02338
Wi02-1442,Red,11.99,5,5.6,0.54,0.04,1.7,0.049,5,13,0.9942,3.72,0.58,11.4,0.040647763
Wi02-1443,Red,12.99,5,9,0.46,0.23,2.8,0.092,28,104,0.9983,3.1,0.56,9.2,0.033057851
Wi02-1444,Red,5.99,3,6.7,0.76,0.02,1.8,0.078,6,12,0.996,3.55,0.63,9.95,0.118906064
Wi02-1445,Red,12.99,5,6.5,0.885,0,2.3,0.166,6,12,0.99551,3.56,0.51,10.8,0.040647763
Wi02-1446,Red,13.99,5,6.9,0.55,0.15,2.2,0.076,19,40,0.9961,3.41,0.59,10.1,0.047465125
Wi02-1447,Red,14.99,5,7,0.57,0.02,2,0.072,17,26,0.99575,3.36,0.61,10.2,0.045269353
Wi02-1448,Red,6.99,4,7,0.975,0.04,2,0.087,12,67,0.99565,3.35,0.6,9.4,0.053090955
Wi02-1449,Red,14.99,5,12.4,0.42,0.49,4.6,0.073,19,43,0.9978,3.02,0.61,9.5,0.04432133
Wi02-1450,Red,12.99,5,7.3,0.32,0.23,2.3,0.066,35,70,0.99588,3.43,0.62,10.1,0.037557839
Wi02-1451,Red,15.99,6,6.3,0.68,0.01,3.7,0.103,32,54,0.99586,3.51,0.66,11.3,0.027320538
Wi02-1452,Red,15.99,6,6.7,0.86,0.07,2,0.1,20,57,0.99598,3.6,0.74,11.7,0.032116751
Wi02-1453,Red,7.99,4,6,0.33,0.32,12.9,0.054,6,113,0.99572,3.3,0.56,11.5,0.074245113
Wi02-1454,Red,15.99,6,8.7,0.69,0.31,3,0.086,23,81,1.0002,3.48,0.74,11.6,0.024957012
Wi02-1455,Red,20.99,7,7.4,0.635,0.1,2.4,0.08,16,33,0.99736,3.58,0.69,10.8,0.022343323
Wi02-1456,Red,19.99,6,8.9,0.59,0.5,2,0.337,27,81,0.9964,3.04,1.61,9.5,0.032116751
Wi02-1457,Red,17.99,6,8.6,0.45,0.31,2.6,0.086,21,50,0.9982,3.37,0.91,9.9,0.028727377
Wi02-1458,Red,21.99,7,9.1,0.29,0.33,2.05,0.063,13,27,0.99516,3.26,0.84,11.7,0.018920438
Wi02-1459,Red,14.99,6,8,0.18,0.37,0.9,0.049,36,109,0.99007,2.89,0.44,12.7,0.027051593
Wi02-1460,Red,12.99,5,8.1,0.78,0.1,3.3,0.09,4,13,0.99855,3.36,0.49,9.5,0.036419789
Wi02-1461,Red,14.99,5,9,0.785,0.24,1.7,0.078,10,21,0.99692,3.29,0.67,10,0.047258979
Wi02-1462,Red,14.99,6,8.5,0.47,0.27,1.9,0.058,18,38,0.99518,3.16,0.85,11.1,0.026786599
Wi02-1463,Red,17.99,6,8.7,0.7,0.24,2.5,0.226,5,15,0.9991,3.32,0.6,9,0.029220542
Wi02-1464,Red,15.99,6,8,0.67,0.3,2,0.06,38,62,0.9958,3.26,0.56,10.2,0.025930853
Wi02-1465,Red,19.99,6,9.1,0.28,0.48,1.8,0.067,26,46,0.9967,3.32,1.04,10.6,0.030036434
Wi02-1466,Red,16.99,6,8.8,0.7,0,1.7,0.069,8,19,0.99701,3.31,0.53,10,0.023888641
Wi02-1467,Red,26.99,7,9.1,0.3,0.41,2,0.068,10,24,0.99523,3.27,0.85,11.7,0.018920438
Wi02-1468,Red,13.99,5,10.2,0.41,0.43,2.2,0.11,11,37,0.99728,3.16,0.67,10.8,0.042512488
Wi02-1469,Red,17.99,6,11.5,0.31,0.51,2.2,0.079,14,28,0.9982,3.03,0.93,9.8,0.031215273
Wi02-1470,Red,9.99,5,7.1,0.43,0.42,5.5,0.071,28,128,0.9973,3.42,0.71,10.5,0.044508537
Wi02-1471,Red,17.99,6,6.4,0.36,0.53,2.2,0.23,19,35,0.9934,3.37,0.93,12.4,0.028246593
Wi02-1472,Red,13.99,5,9,0.45,0.49,2.6,0.084,21,75,0.9987,3.35,0.57,9.7,0.03968191
Wi02-1473,Red,11.99,5,9.5,0.59,0.44,2.3,0.071,21,68,0.9992,3.46,0.63,9.5,0.034548997
Wi02-1474,Red,9.99,5,6.1,0.38,0.15,1.8,0.072,6,19,0.9955,3.42,0.57,9.4,0.036559195
Wi02-1475,Red,18.99,6,9.1,0.37,0.32,2.1,0.064,4,15,0.99576,3.3,0.8,11.2,0.026439289
Wi02-1476,Red,25.99,7,7.2,0.36,0.46,2.1,0.074,24,44,0.99534,3.4,0.85,11,0.022477517
Wi02-1477,Red,17.99,6,7.5,0.52,0.42,2.3,0.087,8,38,0.9972,3.58,0.61,10.5,0.025355998
Wi02-1478,Red,11.99,5,12.1,0.4,0.52,2,0.092,15,54,1,3.03,0.66,10.2,0.038903089
Wi02-1479,Red,22.99,7,8.2,0.26,0.34,2.5,0.073,16,47,0.99594,3.4,0.78,11.3,0.020822532
Wi02-1480,Red,9.99,5,7.2,0.62,0.06,2.7,0.077,15,85,0.99746,3.51,0.54,9.5,0.03354399
Wi02-1481,Red,12.99,5,11.3,0.37,0.41,2.3,0.088,6,16,0.9988,3.09,0.8,9.3,0.043950441
Wi02-1482,Red,17.99,6,6.8,0.47,0.08,2.2,0.064,18,38,0.99553,3.3,0.65,9.6,0.029726516
Wi02-1483,Red,24.99,7,10.4,0.44,0.73,6.55,0.074,38,76,0.999,3.17,0.85,12,0.019837334
Wi02-1484,Red,11.99,5,8.4,0.6,0.1,2.2,0.085,14,111,0.9964,3.15,0.66,9.8,0.047054173
Wi02-1485,Red,17.99,6,7.2,0.57,0.05,2.3,0.081,16,36,0.99564,3.38,0.6,10.3,0.029726516
Wi02-1486,Red,10.99,5,8.1,0.78,0.23,2.6,0.059,5,15,0.997,3.37,0.56,11.3,0.043584189
Wi02-1487,Red,9.99,5,6.1,0.32,0.25,2.3,0.071,23,58,0.99633,3.42,0.97,10.6,0.044135301
Wi02-1488,Red,8.99,5,7.9,0.69,0.21,2.1,0.08,33,141,0.9962,3.25,0.51,9.9,0.043402778
Wi02-1489,Red,19.99,6,6.7,0.67,0.02,1.9,0.061,26,42,0.99489,3.39,0.82,10.9,0.028437448
Wi02-1490,Red,11.99,5,7.8,0.56,0.19,2,0.081,17,108,0.9962,3.32,0.54,9.5,0.034040931
Wi02-1491,Red,17.99,6,11.5,0.59,0.59,2.6,0.087,13,49,0.9988,3.18,0.65,11,0.026014568
Wi02-1492,Red,8.99,5,6.6,0.61,0.01,1.9,0.08,8,25,0.99746,3.69,0.73,10.5,0.034807307
Wi02-1493,Red,22.99,7,8.9,0.28,0.45,1.7,0.067,7,12,0.99354,3.25,0.55,12.3,0.017872973
Wi02-1494,Red,9.99,5,6,0.5,0,1.4,0.057,15,26,0.99448,3.36,0.45,9.5,0.038903089
Wi02-1495,Red,8.99,5,7.1,0.68,0,2.3,0.087,17,26,0.99783,3.45,0.53,9.5,0.034548997
Wi02-1496,Red,11.99,5,6.9,0.56,0.03,1.5,0.086,36,46,0.99522,3.53,0.57,10.6,0.043222496
Wi02-1497,Red,18.99,6,7.8,0.46,0.26,1.9,0.088,23,53,0.9981,3.43,0.74,9.2,0.031887755
Wi02-1498,Red,24.99,7,7.8,0.32,0.44,2.7,0.104,8,17,0.99732,3.33,0.78,11,0.019949567
Wi02-1499,Red,9.99,5,10.3,0.34,0.52,2.8,0.159,15,75,0.9998,3.18,0.64,9.4,0.036699403
Wi02-1500,Red,10.99,5,7.3,0.38,0.21,2,0.08,7,35,0.9961,3.33,0.47,9.5,0.037998396
Wi02-1501,Red,18.99,6,6.4,0.39,0.33,3.3,0.046,12,53,0.99294,3.36,0.62,12.2,0.025195263
Wi02-1502,Red,10.99,4,8.3,0.675,0.26,2.1,0.084,11,43,0.9976,3.31,0.53,9.2,0.081632653
Wi02-1503,Red,9.99,5,7.9,0.18,0.4,2.2,0.049,38,67,0.996,3.33,0.93,11.3,0.040812162
Wi02-1504,Red,25.99,7,7.4,0.36,0.34,1.8,0.075,18,38,0.9933,3.38,0.88,13.6,0.02338
Wi02-1505,Red,12.99,5,8.8,0.24,0.54,2.5,0.083,25,57,0.9983,3.39,0.54,9.2,0.038903089
Wi02-1506,Red,21.99,7,5.3,0.47,0.11,2.2,0.048,16,89,0.99182,3.54,0.88,13.6,0.021249649
Wi02-1507,Red,14.99,6,10.3,0.43,0.44,2.4,0.214,5,12,0.9994,3.19,0.63,9.5,0.025930853
Wi02-1508,Red,12.99,5,6.6,0.63,0,4.3,0.093,51,77.5,0.99558,3.2,0.45,9.5,0.039524286
Wi02-1509,Red,11.99,5,7,0.655,0.16,2.1,0.074,8,25,0.99606,3.37,0.55,9.7,0.040160481
Wi02-1510,Red,14.99,5,7,0.42,0.35,1.6,0.088,16,39,0.9961,3.34,0.55,9.2,0.048946668
Wi02-1511,Red,11.99,5,10.4,0.28,0.54,2.7,0.105,5,19,0.9988,3.25,0.63,9.5,0.049382716
Wi02-1512,Red,19.99,6,13.7,0.415,0.68,2.9,0.085,17,43,1.0014,3.06,0.8,10,0.027140798
Wi02-1513,Red,11.99,5,7,0.6,0.3,4.5,0.068,20,110,0.99914,3.3,1.17,10.2,0.035332693
Wi02-1514,Red,16.99,6,5.2,0.49,0.26,2.3,0.09,23,74,0.9953,3.71,0.62,12.2,0.025036052
Wi02-1515,Red,18.99,6,8.2,0.23,0.42,1.9,0.069,9,17,0.99376,3.21,0.54,12.3,0.024490536
Wi02-1516,Red,18.99,6,7.7,0.6,0.06,2,0.079,19,41,0.99697,3.39,0.62,10.1,0.029120898
Wi02-1517,Red,14.99,6,8.2,0.2,0.43,2.5,0.076,31,51,0.99672,3.53,0.81,10.4,0.02652548
Wi02-1518,Red,15.99,6,9.5,0.46,0.49,6.3,0.064,5,17,0.9988,3.21,0.73,11,0.025847541
Wi02-1519,Red,10.99,5,7.6,0.54,0.13,2.5,0.097,24,66,0.99785,3.39,0.61,9.4,0.039211842
Wi02-1520,Red,19.99,6,7.6,0.3,0.42,2,0.052,6,24,0.9963,3.44,0.82,11.9,0.024957012
Wi02-1521,Red,14.99,5,6.6,0.705,0.07,1.6,0.076,6,15,0.9962,3.44,0.58,10.7,0.034040931
Wi02-1522,Red,15.99,6,12.2,0.34,0.5,2.4,0.066,10,21,1,3.12,1.18,9.2,0.025682117
Wi02-1523,Red,10.99,4,7.5,0.685,0.07,2.5,0.058,5,9,0.99632,3.38,0.55,10.9,0.060368611
Wi02-1524,Red,21.99,7,10.1,0.31,0.35,1.6,0.075,9,28,0.99672,3.24,0.83,11.2,0.018972596
Wi02-1525,Red,9.99,5,9,0.6,0.29,2,0.069,32,73,0.99654,3.34,0.57,10,0.043950441
Wi02-1526,Red,13.99,6,9.7,0.42,0.46,2.1,0.074,5,16,0.99649,3.27,0.74,12.3,0.030670989
Wi02-1527,Red,16.99,6,8.2,0.74,0.09,2,0.067,5,10,0.99418,3.28,0.57,11.8,0.030036434
Wi02-1528,Red,9.99,5,7.5,0.4,0.18,1.6,0.079,24,58,0.9965,3.34,0.58,9.4,0.04032193
Wi02-1529,Red,14.99,5,8.8,0.4,0.4,2.2,0.079,19,52,0.998,3.44,0.64,9.2,0.037412688
Wi02-1530,Red,8.99,5,8.5,0.46,0.59,1.4,0.414,16,45,0.99702,3.03,1.34,9.2,0.044135301
Wi02-1531,Red,16.99,6,5.9,0.395,0.13,2.4,0.056,14,28,0.99362,3.62,0.67,12.4,0.028825006
Wi02-1532,Red,14.99,6,9.6,0.56,0.31,2.8,0.089,15,46,0.9979,3.11,0.92,10,0.031774175
Wi02-1533,Red,10.99,4,6.4,0.53,0.09,3.9,0.123,14,31,0.9968,3.5,0.67,11,0.050272477
Wi02-1534,Red,17.99,6,10.9,0.32,0.52,1.8,0.132,17,44,0.99734,3.28,0.77,11.5,0.027777778
Wi02-1535,Red,13.99,5,8.4,0.56,0.04,2,0.082,10,22,0.9976,3.22,0.44,9.6,0.036699403
Wi02-1536,Red,12.99,5,8.9,0.565,0.34,3,0.093,16,112,0.9998,3.38,0.61,9.5,0.047881484
Wi02-1537,Red,22.99,7,8.5,0.32,0.42,2.3,0.075,12,19,0.99434,3.14,0.71,11.8,0.023237656
Wi02-1538,Red,11.99,5,6.2,0.64,0.09,2.5,0.081,15,26,0.99538,3.57,0.63,12,0.034293553
Wi02-1539,Red,12.99,5,8.6,0.49,0.51,2,0.422,16,62,0.9979,3.03,1.17,9,0.034937549
Wi02-1540,Red,17.99,6,7,0.65,0.02,2.1,0.066,8,25,0.9972,3.47,0.67,9.5,0.026353517
Wi02-1541,Red,10.99,5,11.5,0.41,0.52,3,0.08,29,55,1.0001,3.26,0.88,11,0.040977561
Wi02-1542,Red,13.99,5,8.1,0.38,0.48,1.8,0.157,5,17,0.9976,3.3,1.05,9.4,0.038750078
Wi02-1543,Red,8.99,5,6.2,0.45,0.2,1.6,0.069,3,15,0.9958,3.41,0.56,9.2,0.048091721
Wi02-1544,Red,14.99,5,7.5,0.52,0.11,1.5,0.079,11,39,0.9968,3.42,0.58,9.6,0.044886527
Wi02-1545,Red,22.99,7,11.9,0.695,0.53,3.4,0.128,7,21,0.9992,3.17,0.84,12.2,0.023308665
Wi02-1546,Red,8.99,5,8.4,0.56,0.08,2.1,0.105,16,44,0.9958,3.13,0.52,11,0.044508537
Wi02-1547,Red,19.99,6,7,0.43,0.02,1.9,0.08,15,28,0.99492,3.35,0.81,10.6,0.028825006
Wi02-1548,Red,8.99,5,7.1,0.52,0.03,2.6,0.076,21,92,0.99745,3.5,0.6,9.8,0.047465125
Wi02-1549,Red,25.99,7,9.9,0.35,0.38,1.5,0.058,31,47,0.99676,3.26,0.82,10.6,0.020525283
Wi02-1550,Red,9.99,5,6.6,0.735,0.02,7.9,0.122,68,124,0.9994,3.47,0.53,9.9,0.039211842
Wi02-1551,Red,25.99,7,6.6,0.52,0.08,2.4,0.07,13,26,0.99358,3.4,0.72,12.5,0.018713941
Wi02-1552,Red,21.99,7,8.3,0.31,0.39,2.4,0.078,17,43,0.99444,3.31,0.77,12.5,0.022144274
Wi02-1553,Red,14.99,6,9.1,0.5,0.3,1.9,0.065,8,17,0.99774,3.32,0.71,10.5,0.030670989
Wi02-1554,Red,17.99,6,8.9,0.745,0.18,2.5,0.077,15,48,0.99739,3.2,0.47,9.7,0.031215273
Wi02-1555,Red,15.99,6,7.8,0.54,0.26,2,0.088,23,48,0.9981,3.41,0.74,9.2,0.02609869
Wi02-1556,Red,23.99,7,9.3,0.33,0.45,1.5,0.057,19,37,0.99498,3.18,0.89,11.1,0.023026566
Wi02-1557,Red,14.99,5,6.4,0.64,0.21,1.8,0.081,14,31,0.99689,3.59,0.66,9.8,0.044886527
Wi02-1558,Red,14.99,6,10.2,0.645,0.36,1.8,0.053,5,14,0.9982,3.17,0.42,10,0.029726516
Wi02-1559,Red,11.99,5,7.2,0.66,0.03,2.3,0.078,16,86,0.99743,3.53,0.57,9.7,0.038750078
Wi02-1560,Red,13.99,6,7.8,0.645,0,5.5,0.086,5,18,0.9986,3.4,0.55,9.6,0.032464897
Wi02-1561,Red,13.99,6,8.8,0.3,0.38,2.3,0.06,19,72,0.99543,3.39,0.72,11.8,0.030457255
Wi02-1562,Red,10.99,5,11.6,0.41,0.58,2.8,0.096,25,101,1.00024,3.13,0.53,10,0.03379109
Wi02-1563,Red,10.99,5,6.8,0.61,0.04,1.5,0.057,5,10,0.99525,3.42,0.6,9.5,0.038597967
Wi02-1564,Red,11.99,5,8.1,1.33,0,1.8,0.082,3,12,0.9964,3.54,0.48,10.9,0.034166892
Wi02-1565,Red,20.99,7,7.7,0.58,0.01,1.8,0.088,12,18,0.99568,3.32,0.56,10.5,0.018816764
Wi02-1566,Red,11.99,5,7.9,0.69,0.21,2.1,0.08,33,141,0.9962,3.25,0.51,9.9,0.048303345
Wi02-1567,Red,13.99,6,7.9,0.19,0.42,1.6,0.057,18,30,0.994,3.29,0.69,11.2,0.029220542
Wi02-1568,Red,16.99,6,7.2,0.53,0.14,2.1,0.064,15,29,0.99323,3.35,0.61,12.1,0.026353517
Wi02-1569,Red,13.99,5,7.6,0.74,0,1.9,0.1,6,12,0.99521,3.36,0.59,11,0.040812162
Wi02-1570,Red,24.99,7,9.4,0.395,0.46,4.6,0.094,3,10,0.99639,3.27,0.64,12.2,0.020466597
Wi02-1571,Red,18.99,6,10.2,0.36,0.64,2.9,0.122,10,41,0.998,3.23,0.66,12.5,0.025275439
Wi02-1572,Red,9.99,5,7.2,0.6,0.04,2.5,0.076,18,88,0.99745,3.53,0.55,9.5,0.036281179
Wi02-1573,Red,8.99,5,9.3,0.32,0.57,2,0.074,27,65,0.9969,3.28,0.79,10.7,0.0419914
Wi02-1574,Red,14.99,6,11.3,0.36,0.66,2.4,0.123,3,8,0.99642,3.2,0.53,11.9,0.032818736
Wi02-1575,Red,23.99,7,7.2,0.36,0.46,2.1,0.074,24,44,0.99534,3.4,0.85,11,0.020525283
Wi02-1576,Red,19.99,6,7.2,0.67,0,2.2,0.068,10,24,0.9956,3.42,0.72,11.1,0.028151885
Wi02-1577,Red,11.99,5,10.2,0.67,0.39,1.9,0.054,6,17,0.9976,3.17,0.47,10,0.036419789
Wi02-1578,Red,13.99,6,10.6,0.5,0.45,2.6,0.119,34,68,0.99708,3.23,0.72,10.9,0.023741634
Wi02-1579,Red,10.99,5,9.1,0.66,0.15,3.2,0.097,9,59,0.99976,3.28,0.54,9.6,0.048516369
Wi02-1580,Red,16.99,6,7.9,1.04,0.05,2.2,0.084,13,29,0.9959,3.22,0.55,9.9,0.024262187
Wi02-1581,Red,15.99,6,6.9,0.51,0.23,2,0.072,13,22,0.99438,3.4,0.84,11.2,0.026874496
Wi02-1582,Red,18.99,6,7.9,0.53,0.24,2,0.072,15,105,0.996,3.27,0.54,9.4,0.030457255
Wi02-1583,Red,12.99,5,6.2,0.56,0.09,1.7,0.053,24,32,0.99402,3.54,0.6,11.3,0.048516369
Wi02-1584,Red,16.99,6,7.3,0.39,0.31,2.4,0.074,9,46,0.9962,3.41,0.54,9.4,0.029522561
Wi02-1585,Red,12.99,5,7.3,0.91,0.1,1.8,0.074,20,56,0.99672,3.35,0.56,9.2,0.036840418
Wi02-1586,Red,9.99,5,8.6,0.47,0.3,3,0.076,30,135,0.9976,3.3,0.53,9.4,0.044886527
Wi02-1587,Red,13.99,6,7.9,0.765,0,2,0.084,9,22,0.99619,3.33,0.68,10.9,0.027963893
Wi02-1588,Red,17.99,6,8.8,0.3,0.38,2.3,0.06,19,72,0.99543,3.39,0.72,11.8,0.030563842
Wi02-1589,Red,10.99,4,7.4,0.59,0.08,4.4,0.086,6,29,0.9974,3.38,0.5,9,0.067115896
Wi02-1590,Red,15.99,6,7.5,0.55,0.24,2,0.078,10,28,0.9983,3.45,0.78,9.5,0.026874496
Wi02-1591,Red,14.99,6,7.6,0.48,0.31,2.8,0.07,4,15,0.99693,3.22,0.55,10.3,0.024262187
Wi02-1592,Red,13.99,5,8.7,0.46,0.31,2.5,0.126,24,64,0.99746,3.1,0.74,9.6,0.037557839
Wi02-1593,Red,16.99,6,12.6,0.39,0.49,2.5,0.08,8,20,0.9992,3.07,0.82,10.3,0.027230446
Wi02-1594,Red,13.99,5,7.8,0.6,0.26,2,0.08,31,131,0.99622,3.21,0.52,9.9,0.038446751
Wi02-1595,Red,19.99,6,6.2,0.52,0.08,4.4,0.071,11,32,0.99646,3.56,0.63,11.6,0.024262187
Wi02-1596,Red,17.99,6,14,0.41,0.63,3.8,0.089,6,47,1.0014,3.01,0.81,10.8,0.025355998
Wi02-1597,Red,18.99,6,8.6,0.685,0.1,1.6,0.092,3,12,0.99745,3.31,0.65,9.55,0.029220542
Wi02-1598,Red,13.99,5,9,0.62,0.04,1.9,0.146,27,90,0.9984,3.16,0.7,9.4,0.048303345
Wi02-1599,Red,14.99,5,8.3,0.65,0.1,2.9,0.089,17,40,0.99803,3.29,0.55,9.5,0.04
Wi02-1600,Red,15.99,6,6,0.31,0.47,3.6,0.067,18,42,0.99549,3.39,0.66,11,0.025115468
Wi02-1601,Red,14.99,6,7,0.43,0.3,2,0.085,6,39,0.99346,3.33,0.46,11.9,0.029624275
Wi02-1602,Red,10.99,5,6.6,0.66,0,3,0.115,21,31,0.99629,3.45,0.63,10.3,0.035200237
Wi02-1603,Red,16.99,6,8.9,0.32,0.31,2,0.088,12,19,0.9957,3.17,0.55,10.4,0.024644564
Wi02-1604,Red,8.99,5,7.8,0.56,0.19,1.8,0.104,12,47,0.9964,3.19,0.93,9.5,0.042164026
Wi02-1605,Red,17.99,6,7.9,0.545,0.06,4,0.087,27,61,0.9965,3.36,0.67,10.7,0.027051593
Wi02-1606,Red,18.99,6,7.9,0.58,0.23,2.3,0.076,23,94,0.99686,3.21,0.58,9.5,0.025195263
Wi02-1607,Red,19.99,6,6.5,0.53,0.06,2,0.063,29,44,0.99489,3.38,0.83,10.3,0.025195263
Wi02-1608,Red,15.99,6,7.3,0.43,0.24,2.5,0.078,27,67,0.99648,3.6,0.59,11.1,0.027870602
Wi02-1609,Red,19.99,6,5.4,0.58,0.08,1.9,0.059,20,31,0.99484,3.5,0.64,10.2,0.0256
Wi02-1610,Red,18.99,6,7,0.64,0.02,2.1,0.067,9,23,0.997,3.47,0.67,9.4,0.027320538
Wi02-1611,Red,21.99,7,7.3,0.48,0.32,2.1,0.062,31,54,0.99728,3.3,0.65,10,0.02359598
Wi02-1612,Red,15.99,6,7.9,0.545,0.06,4,0.087,27,61,0.9965,3.36,0.67,10.7,0.032232175
Wi02-1613,Red,8.99,4,8.4,0.635,0.36,2,0.089,15,55,0.99745,3.31,0.57,10.4,0.081632653
Wi02-1614,Red,8.99,5,7.7,0.49,0.26,1.9,0.062,9,31,0.9966,3.39,0.64,9.6,0.035332693
Wi02-1615,Red,14.99,6,12.5,0.6,0.49,4.3,0.1,5,14,1.001,3.25,0.74,11.9,0.024878345
Wi02-1616,Red,13.99,6,7.8,0.5,0.12,1.8,0.178,6,21,0.996,3.28,0.87,9.8,0.02480005
Wi02-1617,Red,11.99,5,6.8,0.48,0.25,2,0.076,29,61,0.9953,3.34,0.6,10.4,0.036419789
Wi02-1618,Red,11.99,5,6.4,0.64,0.21,1.8,0.081,14,31,0.99689,3.59,0.66,9.8,0.03442092
Wi02-1619,Red,19.99,7,12.9,0.35,0.49,5.8,0.066,5,35,1.0014,3.2,0.66,12,0.019343819
Wi02-1620,Red,14.99,5,9.2,0.58,0.2,3,0.081,15,115,0.998,3.23,0.59,9.5,0.04507733
Wi02-1621,Red,13.99,6,6.9,0.84,0.21,4.1,0.074,16,65,0.99842,3.53,0.72,9.233333333,0.028630243
Wi02-1622,Red,13.99,6,8.4,0.37,0.53,1.8,0.413,9,26,0.9979,3.06,1.06,9.1,0.02418678
Wi02-1623,Red,18.99,7,12,0.28,0.49,1.9,0.074,10,21,0.9976,2.98,0.66,9.9,0.018460539
Wi02-1624,Red,11.99,5,7.8,0.88,0,2.6,0.098,25,67,0.9968,3.2,0.68,9.8,0.039211842
Wi02-1625,Red,19.99,6,6.8,0.64,0.03,2.3,0.075,14,31,0.99545,3.36,0.58,10.4,0.032348222
Wi02-1626,Red,14.99,6,9.1,0.22,0.24,2.1,0.078,1,28,0.999,3.41,0.87,10.3,0.027320538
Wi02-1627,Red,13.99,5,8.3,0.615,0.22,2.6,0.087,6,19,0.9982,3.26,0.61,9.3,0.038296422
Wi02-1628,Red,8.99,5,11.1,0.35,0.48,3.1,0.09,5,21,0.9986,3.17,0.53,10.5,0.040647763
Wi02-1629,Red,14.99,5,7.1,0.59,0.01,2.5,0.077,20,85,0.99746,3.55,0.59,9.8,0.040484355
Wi02-1630,Red,18.99,7,7.2,0.25,0.37,2.5,0.063,11,41,0.99439,3.52,0.8,12.4,0.023166971
Wi02-1631,Red,12.99,5,8.6,0.725,0.24,6.6,0.117,31,134,1.0014,3.32,1.07,9.3,0.046248121
Wi02-1632,Red,17.99,6,6.3,0.47,0,1.4,0.055,27,33,0.9922,3.45,0.48,12.3,0.030036434
Wi02-1633,Red,13.99,5,6.4,0.885,0,2.3,0.166,6,12,0.99551,3.56,0.51,10.8,0.043766741
Wi02-1634,Red,17.99,6,12.6,0.41,0.54,2.8,0.103,19,41,0.99939,3.21,0.76,11.3,0.032001946
Wi02-1635,Red,10.99,5,6.9,0.63,0.33,6.7,0.235,66,115,0.99787,3.22,0.56,9.5,0.034548997
Wi02-1636,Red,20.99,7,8.2,0.28,0.4,2.4,0.052,4,10,0.99356,3.33,0.7,12.8,0.021754075
Wi02-1637,Red,22.99,7,7.5,0.52,0.16,1.9,0.085,12,35,0.9968,3.38,0.62,9.5,0.019949567
Wi02-1638,Red,18.99,6,6.3,0.3,0.48,1.8,0.069,18,61,0.9959,3.44,0.78,10.3,0.024957012
Wi02-1639,Red,16.99,6,9.5,0.37,0.52,2,0.088,12,51,0.99613,3.29,0.58,11.1,0.031887755
Wi02-1640,Red,13.99,5,7.8,0.6,0.26,2,0.08,31,131,0.99622,3.21,0.52,9.9,0.040160481
Wi02-1641,Red,9.99,5,5.9,0.46,0,1.9,0.077,25,44,0.99385,3.5,0.53,11.2,0.036840418
Wi02-1642,Red,18.99,7,12.8,0.615,0.66,5.8,0.083,7,42,1.0022,3.07,0.73,10,0.021562831
Wi02-1643,Red,11.99,5,5.8,0.68,0.02,1.8,0.087,21,94,0.9944,3.54,0.52,10,0.035200237
Wi02-1644,Red,13.99,6,10,0.48,0.24,2.7,0.102,13,32,1,3.28,0.56,10,0.0316612
Wi02-1645,Red,25.99,7,7.7,0.27,0.68,3.5,0.358,5,10,0.9972,3.25,1.08,9.9,0.020943242
Wi02-1646,Red,24.99,7,12.8,0.3,0.74,2.6,0.095,9,28,0.9994,3.2,0.77,10.8,0.018410476
Wi02-1647,Red,14.99,6,9.7,0.53,0.6,2,0.039,5,19,0.99585,3.3,0.86,12.4,0.027230446
Wi02-1648,Red,10.99,5,7.1,0.71,0,1.9,0.08,14,35,0.9972,3.47,0.55,9.4,0.033915665
Wi02-1649,Red,12.99,5,9,0.45,0.49,2.6,0.084,21,75,0.9987,3.35,0.57,9.7,0.046648536
Wi02-1650,Red,12.99,5,8,0.6,0.08,2.6,0.056,3,7,0.99286,3.22,0.37,13,0.037998396
Wi02-1651,Red,13.99,5,7.6,0.55,0.21,2.2,0.071,7,28,0.9964,3.28,0.55,9.7,0.034937549
Wi02-1652,Red,16.99,6,5,0.74,0,1.2,0.041,16,46,0.99258,4.01,0.59,12.5,0.028151885
Wi02-1653,Red,19.99,6,7.2,0.63,0,1.9,0.097,14,38,0.99675,3.37,0.58,9,0.030995834
Wi02-1654,Red,18.99,6,11.5,0.18,0.51,4,0.104,4,23,0.9996,3.28,0.97,10.1,0.029624275
Wi02-1655,Red,9.99,5,7.3,0.45,0.36,5.9,0.074,12,87,0.9978,3.33,0.83,10.5,0.042688341
Wi02-1656,Red,8.99,5,7.6,0.52,0.12,3,0.067,12,53,0.9971,3.36,0.57,9.1,0.040977561
Wi02-1657,Red,25.99,7,9.1,0.3,0.34,2,0.064,12,25,0.99516,3.26,0.84,11.7,0.020349979
Wi02-1658,Red,11.99,5,12.3,0.39,0.63,2.3,0.091,6,18,1.0004,3.16,0.49,9.5,0.040160481
Wi02-1659,Red,26.99,7,7.5,0.27,0.34,2.3,0.05,4,8,0.9951,3.4,0.64,11,0.020349979
Wi02-1660,Red,14.99,6,9.4,0.4,0.31,2.2,0.09,13,62,0.9966,3.07,0.63,10.5,0.029320698
Wi02-1661,Red,18.99,6,5.9,0.61,0.08,2.1,0.071,16,24,0.99376,3.56,0.77,11.1,0.0256
Wi02-1662,Red,18.99,7,8.7,0.52,0.09,2.5,0.091,20,49,0.9976,3.34,0.86,10.6,0.023308665
Wi02-1663,Red,18.99,6,10.1,0.27,0.54,2.3,0.065,7,26,0.99531,3.17,0.53,12.5,0.025195263
Wi02-1664,Red,19.99,6,7.2,0.45,0.15,2,0.078,10,28,0.99609,3.29,0.51,9.9,0.029829287
Wi02-1665,Red,14.99,6,7.3,0.51,0.18,2.1,0.07,12,28,0.99768,3.52,0.73,9.5,0.02652548
Wi02-1666,Red,17.99,6,7.4,0.52,0.13,2.4,0.078,34,61,0.99528,3.43,0.59,10.8,0.026014568
Wi02-1667,Red,20.99,7,6.6,0.815,0.02,2.7,0.072,17,34,0.9955,3.58,0.89,12.3,0.021499643
Wi02-1668,Red,11.99,5,9.3,0.715,0.24,2.1,0.07,5,20,0.9966,3.12,0.59,9.9,0.045657097
Wi02-1669,Red,14.99,6,7.9,0.4,0.3,1.8,0.157,2,45,0.99727,3.31,0.91,9.5,0.028533601
Wi02-1670,Red,19.99,7,9.8,0.3,0.39,1.7,0.062,3,9,0.9948,3.14,0.57,11.5,0.018920438
Wi02-1671,Red,13.99,6,7.1,0.61,0.02,2.5,0.081,17,87,0.99745,3.48,0.6,9.7,0.025682117
Wi02-1672,Red,9.99,5,7.2,0.62,0.06,2.7,0.077,15,85,0.99746,3.51,0.54,9.5,0.048516369
Wi02-1673,Red,14.99,6,7.5,0.49,0.2,2.6,0.332,8,14,0.9968,3.21,0.9,10.5,0.030457255
Wi02-1674,Red,14.99,6,10,0.49,0.2,11,0.071,13,50,1.0015,3.16,0.69,9.2,0.02618322
Wi02-1675,Red,10.99,5,8.9,0.75,0.14,2.5,0.086,9,30,0.99824,3.34,0.64,10.5,0.034166892
Wi02-1676,Red,13.99,5,11.1,0.39,0.54,2.7,0.095,21,101,1.0001,3.13,0.51,9.5,0.046049844
Wi02-1677,Red,14.99,5,9.4,0.59,0.14,2,0.084,25,48,0.9981,3.14,0.56,9.7,0.037268377
Wi02-1678,Red,26.99,7,12,0.39,0.66,3,0.093,12,30,0.9996,3.18,0.63,10.8,0.018868494
Wi02-1679,Red,14.99,5,7.4,0.53,0.26,2,0.101,16,72,0.9957,3.15,0.57,9.4,0.03317839
Wi02-1680,Red,10.99,5,6.4,0.795,0,2.2,0.065,28,52,0.99378,3.49,0.52,11.6,0.047881484
Wi02-1681,Red,9.99,5,9.8,0.37,0.39,2.5,0.079,28,65,0.99729,3.16,0.59,9.8,0.041479835
Wi02-1682,Red,21.99,7,9.8,0.66,0.39,3.2,0.083,21,59,0.9989,3.37,0.71,11.5,0.022144274
Wi02-1683,Red,6.99,4,12,0.63,0.5,1.4,0.071,6,26,0.99791,3.07,0.6,10.4,0.050726402
Wi02-1684,Red,6.99,4,8.1,0.87,0,3.3,0.096,26,61,1.00025,3.6,0.72,9.8,0.076733604
Wi02-1685,Red,12.99,5,7.6,0.41,0.49,2,0.088,16,43,0.998,3.48,0.64,9.1,0.040647763
Wi02-1686,Red,13.99,6,7.6,0.715,0,2.1,0.068,30,35,0.99533,3.48,0.65,11.4,0.026014568
Wi02-1687,Red,18.99,6,9.1,0.5,0.3,1.9,0.065,8,17,0.99774,3.32,0.71,10.5,0.024722123
Wi02-1688,Red,9.99,5,8.3,0.715,0.15,1.8,0.089,10,52,0.9968,3.23,0.77,9.5,0.048516369
Wi02-1689,Red,17.99,6,8.2,0.35,0.33,2.4,0.076,11,47,0.99599,3.27,0.81,11,0.028533601
Wi02-1690,Red,9.99,5,7.3,0.835,0.03,2.1,0.092,10,19,0.9966,3.39,0.47,9.6,0.036559195
Wi02-1691,Red,19.99,6,8.2,0.44,0.24,2.3,0.063,10,28,0.99613,3.25,0.53,10.2,0.031215273
Wi02-1692,Red,8.99,5,6.2,0.6,0.08,2,0.09,32,44,0.9949,3.45,0.58,10.5,0.04233772
Wi02-1693,Red,17.99,6,6.7,0.46,0.24,1.7,0.077,18,34,0.9948,3.39,0.6,10.6,0.028341779
Wi02-1694,Red,17.99,6,9.3,0.775,0.27,2.8,0.078,24,56,0.9984,3.31,0.67,10.6,0.028727377
Wi02-1695,Red,16.99,6,7.7,0.715,0.01,2.1,0.064,31,43,0.99371,3.41,0.57,11.8,0.024037017
Wi02-1696,Red,18.99,6,8.8,0.27,0.46,2.1,0.095,20,29,0.99488,3.26,0.56,11.3,0.026353517
Wi02-1697,Red,9.99,5,6.7,0.56,0.09,2.9,0.079,7,22,0.99669,3.46,0.61,10.2,0.045462605
Wi02-1698,Red,11.99,5,8.2,0.6,0.17,2.3,0.072,11,73,0.9963,3.2,0.45,9.3,0.045269353
Wi02-1699,Red,18.99,6,8.8,0.61,0.19,4,0.094,30,69,0.99787,3.22,0.5,10,0.027230446
Wi02-1700,Red,18.99,6,6.6,0.96,0,1.8,0.082,5,16,0.9936,3.5,0.44,11.9,0.024111724
Wi02-1701,Red,22.99,7,5.6,0.66,0,2.2,0.087,3,11,0.99378,3.71,0.63,12.8,0.02338
Wi02-1702,Red,11.99,5,7.8,0.6,0.26,2,0.08,31,131,0.99622,3.21,0.52,9.9,0.048946668
Wi02-1703,Red,8.99,5,7.4,0.55,0.22,2.2,0.106,12,72,0.9959,3.05,0.63,9.2,0.0419914
Wi02-1704,Red,9.99,5,9.6,0.5,0.36,2.8,0.116,26,55,0.99722,3.18,0.68,10.9,0.034166892
Wi02-1705,Red,8.99,5,7.8,0.76,0.04,2.3,0.092,15,54,0.997,3.26,0.65,9.8,0.046049844
Wi02-1706,Red,25.99,7,15.6,0.685,0.76,3.7,0.1,6,43,1.0032,2.95,0.68,11.2,0.020119712
Wi02-1707,Red,19.99,6,10.4,0.26,0.48,1.9,0.066,6,10,0.99724,3.33,0.87,10.9,0.029726516
Wi02-1708,Red,14.99,6,7.2,0.49,0.18,2.7,0.069,13,34,0.9967,3.29,0.48,9.2,0.029021763
Wi02-1709,Red,14.99,5,7.8,0.815,0.01,2.6,0.074,48,90,0.99621,3.38,0.62,10.8,0.046648536
Wi02-1710,Red,11.99,5,7.8,0.43,0.7,1.9,0.464,22,67,0.9974,3.13,1.28,9.4,0.033057851
Wi02-1711,Red,12.99,5,9,0.785,0.24,1.7,0.078,10,21,0.99692,3.29,0.67,10,0.044696932
Wi02-1712,Red,8.99,5,10.7,0.9,0.34,6.6,0.112,23,99,1.00289,3.22,0.68,9.3,0.034937549
Wi02-1713,Red,15.99,6,10.1,0.45,0.23,1.9,0.082,10,18,0.99774,3.22,0.65,9.3,0.024644564
Wi02-1714,Red,12.99,5,7.8,0.57,0.31,1.8,0.069,26,120,0.99625,3.29,0.53,9.3,0.048303345
Wi02-1715,Red,12.99,5,8,0.57,0.23,3.2,0.073,17,119,0.99675,3.26,0.57,9.3,0.048946668
Wi02-1716,Red,12.99,5,7.4,0.66,0,1.8,0.075,13,40,0.9978,3.51,0.56,9.4,0.035332693
Wi02-1717,Red,9.99,5,7.2,0.725,0.05,4.65,0.086,4,11,0.9962,3.41,0.39,10.9,0.044696932
Wi02-1718,Red,14.99,5,7.4,0.965,0,2.2,0.088,16,32,0.99756,3.58,0.67,10.2,0.035870064
Wi02-1719,Red,11.99,5,7.6,0.49,0.26,1.6,0.236,10,88,0.9968,3.11,0.8,9.3,0.040484355
Wi02-1720,Red,14.99,6,7.1,0.59,0.02,2.3,0.082,24,94,0.99744,3.55,0.53,9.7,0.027320538
Wi02-1721,Red,21.99,7,9,0.38,0.41,2.4,0.103,6,10,0.99604,3.13,0.58,11.9,0.023523655
Wi02-1722,Red,19.99,6,12.4,0.4,0.51,2,0.059,6,24,0.9994,3.04,0.6,9.3,0.028437448
Wi02-1723,Red,21.99,7,7.5,0.43,0.3,2.2,0.062,6,12,0.99495,3.44,0.72,11.5,0.020882756
Wi02-1724,Red,14.99,5,9.9,0.5,0.5,13.8,0.205,48,82,1.00242,3.16,0.75,8.8,0.037268377
Wi02-1725,Red,18.99,6,8.4,0.34,0.42,2.1,0.072,23,36,0.99392,3.11,0.78,12.4,0.02750207
Wi02-1726,Red,36.99,8,11.3,0.62,0.67,5.2,0.086,6,19,0.9988,3.22,0.69,13.4,0.016563723
Wi02-1727,Red,9.99,4,7.1,0.47,0,2.2,0.067,7,14,0.99517,3.4,0.58,10.9,0.076310247
Wi02-1728,Red,14.99,5,7.6,0.42,0.08,2.7,0.084,15,48,0.9968,3.21,0.59,10,0.043402778
Wi02-1729,Red,13.99,5,7.2,0.73,0.02,2.5,0.076,16,42,0.9972,3.44,0.52,9.3,0.038146973
Wi02-1730,Red,9.99,4,7.5,0.755,0,1.9,0.084,6,12,0.99672,3.34,0.49,9.7,0.072652771
Wi02-1731,Red,16.99,6,7.5,0.64,0,2.4,0.077,18,29,0.9965,3.32,0.6,10,0.026612094
Wi02-1732,Red,10.99,5,7.3,0.49,0.1,2.6,0.068,4,14,0.99562,3.3,0.47,10.5,0.033421455
Wi02-1733,Red,18.99,6,11.5,0.18,0.51,4,0.104,4,23,0.9996,3.28,0.97,10.1,0.029021763
Wi02-1734,Red,26.99,7,8.7,0.41,0.41,6.2,0.078,25,42,0.9953,3.24,0.77,12.6,0.018460539
Wi02-1735,Red,8.99,5,6.2,0.58,0,1.6,0.065,8,18,0.9966,3.56,0.84,9.4,0.037124899
Wi02-1736,Red,12.99,5,8.3,0.715,0.15,1.8,0.089,10,52,0.9968,3.23,0.77,9.5,0.037557839
Wi02-1737,Red,24.99,7,7.2,0.36,0.46,2.1,0.074,24,44,0.99534,3.4,0.85,11,0.020119712
Wi02-1738,Red,10.99,4,7.1,0.84,0.02,4.4,0.096,5,13,0.997,3.41,0.57,11,0.081632653
Wi02-1739,Red,14.99,6,7.8,0.52,0.25,1.9,0.081,14,38,0.9984,3.43,0.65,9,0.028533601
Wi02-1740,Red,13.99,5,9.9,0.54,0.45,2.3,0.071,16,40,0.9991,3.39,0.62,9.4,0.042865287
Wi02-1741,Red,11.99,5,9,0.58,0.25,2.8,0.075,9,104,0.99779,3.23,0.57,9.7,0.038296422
Wi02-1742,Red,17.99,6,7.4,0.35,0.33,2.4,0.068,9,26,0.9947,3.36,0.6,11.9,0.031215273
Wi02-1743,Red,15.99,6,7.7,0.18,0.34,2.7,0.066,15,58,0.9947,3.37,0.78,11.8,0.032937968
Wi02-1744,Red,9.99,5,8.2,0.28,0.6,3,0.104,10,22,0.99828,3.39,0.68,10.6,0.03379109
Wi02-1745,Red,16.99,6,8.3,0.61,0.3,2.1,0.084,11,50,0.9972,3.4,0.61,10.2,0.032700149
Wi02-1746,Red,11.99,5,6.3,0.6,0.1,1.6,0.048,12,26,0.99306,3.55,0.51,12.1,0.041143967
Wi02-1747,Red,14.99,6,10.8,0.29,0.42,1.6,0.084,19,27,0.99545,3.28,0.73,11.9,0.024567369
Wi02-1748,Red,14.99,6,10.7,0.67,0.22,2.7,0.107,17,34,1.0004,3.28,0.98,9.9,0.026699133
Wi02-1749,Red,17.99,6,10.6,1.02,0.43,2.9,0.076,26,88,0.9984,3.08,0.57,10.1,0.024567369
Wi02-1750,Red,11.99,5,9.9,0.35,0.41,2.3,0.083,11,61,0.9982,3.21,0.5,9.5,0.034040931
Wi02-1751,Red,22.99,7,10.4,0.33,0.63,2.8,0.084,5,22,0.9998,3.26,0.74,11.2,0.021947874
Wi02-1752,Red,11.99,5,11.2,0.5,0.74,5.15,0.1,5,17,0.9996,3.22,0.62,11.2,0.041479835
Wi02-1753,Red,9.99,5,6.5,0.615,0,1.9,0.065,9,18,0.9972,3.46,0.65,9.2,0.036559195
Wi02-1754,Red,11.99,5,9.6,0.41,0.37,2.3,0.091,10,23,0.99786,3.24,0.56,10.5,0.035200237
Wi02-1755,Red,22.99,7,8.8,0.31,0.4,2.8,0.109,7,16,0.99614,3.31,0.79,11.8,0.022818339
Wi02-1756,Red,10.99,5,13.2,0.38,0.55,2.7,0.081,5,16,1.0006,2.98,0.54,9.4,0.035332693
Wi02-1757,Red,19.99,6,10.2,0.29,0.65,2.4,0.075,6,17,0.99565,3.22,0.63,11.8,0.030563842
Wi02-1758,Red,8.99,5,8.5,0.655,0.49,6.1,0.122,34,151,1.001,3.31,1.14,9.3,0.038903089
Wi02-1759,Red,10.99,5,15.5,0.645,0.49,4.2,0.095,10,23,1.00315,2.92,0.74,11.1,0.04585284
Wi02-1760,Red,9.99,5,6.6,0.735,0.02,7.9,0.122,68,124,0.9994,3.47,0.53,9.9,0.043766741
Wi02-1761,Red,8.99,5,8.1,0.575,0.22,2.1,0.077,12,65,0.9967,3.29,0.51,9.2,0.034293553
Wi02-1762,Red,12.99,5,9.7,0.32,0.54,2.5,0.094,28,83,0.9984,3.28,0.82,9.6,0.034548997
Wi02-1763,Red,13.99,6,6.9,0.54,0.04,3,0.077,7,27,0.9987,3.69,0.91,9.4,0.02942137
Wi02-1764,Red,27.99,8,10.7,0.35,0.53,2.6,0.07,5,16,0.9972,3.15,0.65,11,0.01430828
Wi02-1765,Red,18.99,6,7.5,0.51,0.02,1.7,0.084,13,31,0.99538,3.36,0.54,10.5,0.02609869
Wi02-1766,Red,26.99,7,5.3,0.47,0.11,2.2,0.048,16,89,0.99182,3.54,0.88,13.56666667,0.019781572
Wi02-1767,Red,10.99,5,6.8,0.63,0.12,3.8,0.099,16,126,0.9969,3.28,0.61,9.5,0.038296422
Wi02-1768,Red,8.99,5,7.8,0.55,0.35,2.2,0.074,21,66,0.9974,3.25,0.56,9.2,0.04233772
Wi02-1769,Red,15.99,6,8,0.45,0.23,2.2,0.094,16,29,0.9962,3.21,0.49,10.2,0.027593514
Wi02-1770,Red,13.99,6,6.9,0.685,0,2.5,0.105,22,37,0.9966,3.46,0.57,10.6,0.029726516
Wi02-1771,Red,12.99,5,7.6,0.43,0.29,2.1,0.075,19,66,0.99718,3.4,0.64,9.5,0.036840418
Wi02-1772,Red,13.99,5,8.2,0.7,0.23,2,0.099,14,81,0.9973,3.19,0.7,9.4,0.040647763
Wi02-1773,Red,14.99,5,9.1,0.52,0.33,1.3,0.07,9,30,0.9978,3.24,0.6,9.3,0.037412688
Wi02-1774,Red,16.99,6,8,0.715,0.22,2.3,0.075,13,81,0.99688,3.24,0.54,9.5,0.029624275
Wi02-1775,Red,31.99,8,7.9,0.35,0.46,3.6,0.078,15,37,0.9973,3.35,0.86,12.8,0.017777778
Wi02-1776,Red,12.99,5,12.5,0.38,0.6,2.6,0.081,31,72,0.9996,3.1,0.73,10.5,0.045269353
Wi02-1777,Red,17.99,6,14.3,0.31,0.74,1.8,0.075,6,15,1.0008,2.86,0.79,8.4,0.023888641
Wi02-1778,Red,13.99,6,6.3,0.36,0.19,3.2,0.075,15,39,0.9956,3.56,0.52,12.7,0.023962657
Wi02-1779,Red,18.99,7,8.9,0.4,0.32,5.6,0.087,10,47,0.9991,3.38,0.77,10.5,0.023668639
Wi02-1780,Red,13.99,5,7.1,0.46,0.14,2.8,0.076,15,37,0.99624,3.36,0.49,10.7,0.034807307
Wi02-1781,Red,23.99,7,7.7,0.28,0.3,2,0.062,18,34,0.9952,3.28,0.9,11.3,0.017968935
Wi02-1782,Red,18.99,6,6.5,0.53,0.06,2,0.063,29,44,0.99489,3.38,0.83,10.3,0.028533601
Wi02-1783,Red,10.99,5,7.7,0.62,0.04,3.8,0.084,25,45,0.9978,3.34,0.53,9.5,0.048303345
Wi02-1784,Red,18.99,6,7.1,0.6,0.01,2.3,0.079,24,37,0.99514,3.4,0.61,10.9,0.025036052
Wi02-1785,Red,23.99,7,8.2,0.33,0.32,2.8,0.067,4,12,0.99473,3.3,0.76,12.8,0.023237656
Wi02-1786,Red,14.99,5,7.1,0.68,0.07,1.9,0.075,16,51,0.99685,3.38,0.52,9.5,0.035870064
Wi02-1787,Red,15.99,6,7.2,0.38,0.3,1.8,0.073,31,70,0.99685,3.42,0.59,9.5,0.029829287
Wi02-1788,Red,14.99,6,4.7,0.6,0.17,2.3,0.058,17,106,0.9932,3.85,0.6,12.9,0.03143705
Wi02-1789,Red,14.99,6,7,0.65,0.02,2.1,0.066,8,25,0.9972,3.47,0.67,9.5,0.023741634
Wi02-1790,Red,16.99,6,7.8,0.735,0.08,2.4,0.092,10,41,0.9974,3.24,0.71,9.8,0.027593514
Wi02-1791,Red,14.99,6,10.6,0.44,0.68,4.1,0.114,6,24,0.997,3.06,0.66,13.4,0.027230446
Wi02-1792,Red,15.99,6,8.5,0.585,0.18,2.1,0.078,5,30,0.9967,3.2,0.48,9.8,0.029320698
Wi02-1793,Red,10.99,5,8.9,0.48,0.24,2.85,0.094,35,106,0.9982,3.1,0.53,9.2,0.034807307
Wi02-1794,Red,10.99,5,7,0.685,0,1.9,0.067,40,63,0.9979,3.6,0.81,9.9,0.043402778
Wi02-1795,Red,9.99,5,7,0.51,0.09,2.1,0.062,4,9,0.99584,3.35,0.54,10.5,0.034548997
Wi02-1796,Red,8.99,5,9.1,0.45,0.35,2.4,0.08,23,78,0.9987,3.38,0.62,9.5,0.046447681
Wi02-1797,Red,18.99,6,9,0.8,0.12,2.4,0.083,8,28,0.99836,3.33,0.65,10.4,0.028057653
Wi02-1798,Red,9.99,5,7.2,0.49,0.24,2.2,0.07,5,36,0.996,3.33,0.48,9.4,0.0419914
Wi02-1799,Red,18.99,6,7.5,0.38,0.57,2.3,0.106,5,12,0.99605,3.36,0.55,11.4,0.029021763
Wi02-1800,Red,12.99,5,8.9,0.875,0.13,3.45,0.088,4,14,0.9994,3.44,0.52,11.5,0.047258979
Wi02-1801,Red,9.99,5,6.8,0.67,0.02,1.8,0.05,5,11,0.9962,3.48,0.52,9.5,0.040484355
Wi02-1802,Red,22.99,7,11.6,0.53,0.66,3.65,0.121,6,14,0.9978,3.05,0.74,11.5,0.019726045
Wi02-1803,Red,8.99,5,7.6,0.79,0.21,2.3,0.087,21,68,0.9955,3.12,0.44,9.2,0.034548997
Wi02-1804,Red,8.99,5,9,0.66,0.17,3,0.077,5,13,0.9976,3.29,0.55,10.4,0.04032193
Wi02-1805,Red,17.99,6,10.3,0.27,0.56,1.4,0.047,3,8,0.99471,3.16,0.51,11.8,0.023741634
Wi02-1806,Red,10.99,5,10,0.69,0.11,1.4,0.084,8,24,0.99578,2.88,0.47,9.7,0.037412688
Wi02-1807,Red,10.99,5,8.8,0.6,0.29,2.2,0.098,5,15,0.9988,3.36,0.49,9.1,0.034937549
Wi02-1808,Red,13.99,5,9.9,0.49,0.58,3.5,0.094,9,43,1.0004,3.29,0.58,9,0.036699403
Wi02-1809,Red,16.99,6,8.5,0.37,0.2,2.8,0.09,18,58,0.998,3.34,0.7,9.6,0.032348222
Wi02-1810,Red,16.99,6,6.8,0.63,0.07,2.1,0.089,11,44,0.9953,3.47,0.55,10.4,0.027593514
Wi02-1811,Red,13.99,6,10.8,0.4,0.41,2.2,0.084,7,17,0.9984,3.08,0.67,9.3,0.025355998
Wi02-1812,Red,14.99,5,9.9,0.59,0.07,3.4,0.102,32,71,1.00015,3.31,0.71,9.8,0.040484355
Wi02-1813,Red,17.99,6,7.2,0.63,0.03,2.2,0.08,17,88,0.99745,3.53,0.58,9.8,0.028246593
Wi02-1814,Red,19.99,6,10.7,0.4,0.48,2.1,0.125,15,49,0.998,3.03,0.81,9.7,0.025036052
Wi02-1815,Red,8.99,5,7.7,0.6,0,2.6,0.055,7,13,0.99639,3.38,0.56,10.8,0.039367599
Wi02-1816,Red,19.99,6,8.2,0.34,0.38,2.5,0.08,12,57,0.9978,3.3,0.47,9,0.030036434
Wi02-1817,Red,15.99,6,9.4,0.685,0.11,2.7,0.077,6,31,0.9984,3.19,0.7,10.1,0.030995834
Wi02-1818,Red,13.99,5,8.7,0.82,0.02,1.2,0.07,36,48,0.9952,3.2,0.58,9.8,0.046648536
Wi02-1819,Red,8.99,5,9.1,0.47,0.49,2.6,0.094,38,106,0.9982,3.08,0.59,9.1,0.045657097
Wi02-1820,Red,14.99,5,7.5,0.58,0.2,2,0.073,34,44,0.99494,3.1,0.43,9.3,0.039057008
Wi02-1821,Red,10.99,5,7.1,0.36,0.3,1.6,0.08,35,70,0.99693,3.44,0.5,9.4,0.041819832
Wi02-1822,Red,16.99,6,11.8,0.38,0.55,2.1,0.071,5,19,0.9986,3.11,0.62,10.8,0.024337947
Wi02-1823,Red,17.99,6,9,0.4,0.41,2,0.058,15,40,0.99414,3.22,0.6,12.2,0.029624275
Wi02-1824,Red,10.99,5,7.6,0.665,0.1,1.5,0.066,27,55,0.99655,3.39,0.51,9.3,0.043043336
Wi02-1825,Red,7.99,4,6.5,0.88,0.03,5.6,0.079,23,47,0.99572,3.58,0.5,11.2,0.072262689
Wi02-1826,Red,18.99,6,8,0.58,0.28,3.2,0.066,21,114,0.9973,3.22,0.54,9.4,0.027777778
Wi02-1827,Red,12.99,5,7.4,0.61,0.01,2,0.074,13,38,0.99748,3.48,0.65,9.8,0.03354399
Wi02-1828,Red,14.99,5,7.8,0.5,0.17,1.6,0.082,21,102,0.996,3.39,0.48,9.5,0.04233772
Wi02-1829,Red,12.99,5,12.7,0.6,0.65,2.3,0.063,6,25,0.9997,3.03,0.57,9.9,0.043402778
Wi02-1830,Red,17.99,6,7.1,0.75,0.01,2.2,0.059,11,18,0.99242,3.39,0.4,12.8,0.027963893
Wi02-1831,Red,11.99,5,7.2,0.39,0.32,1.8,0.065,34,60,0.99714,3.46,0.78,9.9,0.034677791
Wi02-1832,Red,15.99,6,11.2,0.67,0.55,2.3,0.084,6,13,1,3.17,0.71,9.5,0.028437448
Wi02-1833,Red,14.99,6,9.3,0.5,0.36,1.8,0.084,6,17,0.99704,3.27,0.77,10.8,0.026786599
Wi02-1834,Red,19.99,6,7.2,0.57,0.05,2.3,0.081,16,36,0.99564,3.38,0.6,10.3,0.030886981
Wi02-1835,Red,11.99,5,7.4,0.55,0.19,1.8,0.082,15,34,0.99655,3.49,0.68,10.5,0.044508537
Wi02-1836,Red,18.99,6,6.4,0.67,0.08,2.1,0.045,19,48,0.9949,3.49,0.49,11.4,0.028825006
Wi02-1837,Red,8.99,5,7.2,0.6,0.04,2.5,0.076,18,88,0.99745,3.53,0.55,9.5,0.046447681
Wi02-1838,Red,18.99,6,6.5,0.34,0.27,2.8,0.067,8,44,0.99384,3.21,0.56,12,0.030886981
Wi02-1839,Red,25.99,7,10.5,0.24,0.42,1.8,0.077,6,22,0.9976,3.21,1.05,10.8,0.02338
Wi02-1840,Red,13.99,5,9.9,0.74,0.19,5.8,0.111,33,76,0.99878,3.14,0.55,9.4,0.038296422
Wi02-1841,Red,7.99,4,8.4,0.67,0.19,2.2,0.093,11,75,0.99736,3.2,0.59,9.2,0.071875741
Wi02-1842,Red,16.99,6,8.9,0.5,0.21,2.2,0.088,21,39,0.99692,3.33,0.83,11.1,0.028341779
Wi02-1843,Red,8.99,5,8.6,0.63,0.17,2.9,0.099,21,119,0.998,3.09,0.52,9.3,0.036699403
Wi02-1844,Red,19.99,6,12.4,0.49,0.58,3,0.103,28,99,1.0008,3.16,1,11.5,0.030140818
Wi02-1845,Red,16.99,6,8,0.77,0.32,2.1,0.079,16,74,0.99656,3.27,0.5,9.8,0.029021763
Wi02-1846,Red,18.99,6,7.5,0.58,0.56,3.1,0.153,5,14,0.99476,3.21,1.03,11.6,0.029726516
Wi02-1847,Red,14.99,5,9.9,0.72,0.55,1.7,0.136,24,52,0.99752,3.35,0.94,10,0.034040931
Wi02-1848,Red,10.99,5,7,0.23,0.4,1.6,0.063,21,67,0.9952,3.5,0.63,11.1,0.033915665
Wi02-1849,Red,19.99,6,7.8,0.91,0.07,1.9,0.058,22,47,0.99525,3.51,0.43,10.7,0.023741634
Wi02-1850,Red,24.99,7,9.2,0.41,0.5,2.5,0.055,12,25,0.9952,3.34,0.79,13.3,0.021562831
Wi02-1851,Red,9.99,5,6.8,0.69,0,5.6,0.124,21,58,0.9997,3.46,0.72,10.2,0.040977561
Wi02-1852,Red,8.99,5,7.7,1.005,0.15,2.1,0.102,11,32,0.99604,3.23,0.48,10,0.04233772
Wi02-1853,Red,19.99,6,7.1,0.59,0.02,2.3,0.082,24,94,0.99744,3.55,0.53,9.7,0.030778701
Wi02-1854,Red,8.99,5,5,1.04,0.24,1.6,0.05,32,96,0.9934,3.74,0.62,11.5,0.047465125
Wi02-1855,Red,9.99,5,8.3,0.56,0.22,2.4,0.082,10,86,0.9983,3.37,0.62,9.5,0.040977561
Wi02-1856,Red,13.99,6,8,0.3,0.63,1.6,0.081,16,29,0.99588,3.3,0.78,10.8,0.029220542
Wi02-1857,Red,8.99,5,8.6,0.49,0.29,2,0.11,19,133,0.9972,2.93,1.98,9.8,0.041311389
Wi02-1858,Red,21.99,7,11.9,0.43,0.66,3.1,0.109,10,23,1,3.15,0.85,10.4,0.022545068
Wi02-1859,Red,14.99,6,7.2,0.62,0.01,2.3,0.065,8,46,0.99332,3.32,0.51,11.8,0.02652548
Wi02-1860,Red,11.99,5,7.7,0.51,0.28,2.1,0.087,23,54,0.998,3.42,0.74,9.2,0.043584189
Wi02-1861,Red,14.99,6,8.5,0.37,0.32,1.8,0.066,26,51,0.99456,3.38,0.72,11.8,0.027963893
Wi02-1862,Red,14.99,6,7.4,0.68,0.16,1.8,0.078,12,39,0.9977,3.5,0.7,9.9,0.025195263
Wi02-1863,Red,19.99,7,6.8,0.36,0.32,1.8,0.067,4,8,0.9928,3.36,0.55,12.8,0.023308665
Wi02-1864,Red,5.99,3,10.4,0.61,0.49,2.1,0.2,5,16,0.9994,3.16,0.63,8.4,0.087531949
Wi02-1865,Red,22.99,7,11.7,0.28,0.47,1.7,0.054,17,32,0.99686,3.15,0.67,10.6,0.01831096
Wi02-1866,Red,13.99,5,7.7,0.75,0.27,3.8,0.11,34,89,0.99664,3.24,0.45,9.3,0.035332693
Wi02-1867,Red,15.99,6,11.5,0.35,0.49,3.3,0.07,10,37,1.0003,3.32,0.91,11,0.029829287
Wi02-1868,Red,18.99,6,9,0.46,0.31,2.8,0.093,19,98,0.99815,3.32,0.63,9.5,0.030778701
Wi02-1869,Red,17.99,6,8,0.42,0.17,2,0.073,6,18,0.9972,3.29,0.61,9.2,0.028057653
Wi02-1870,Red,10.99,5,11,0.26,0.68,2.55,0.085,10,25,0.997,3.18,0.61,11.8,0.036982249
Wi02-1871,Red,14.99,6,11.1,0.18,0.48,1.5,0.068,7,15,0.9973,3.22,0.64,10.1,0.029120898
Wi02-1872,Red,14.99,5,6.4,0.64,0.21,1.8,0.081,14,31,0.99689,3.59,0.66,9.8,0.034166892
Wi02-1873,Red,13.99,6,8,0.705,0.05,1.9,0.074,8,19,0.9962,3.34,0.95,10.5,0.032348222
Wi02-1874,Red,13.99,5,8.6,0.8,0.11,2.3,0.084,12,31,0.9979,3.4,0.48,9.9,0.042512488
Wi02-1875,Red,18.99,7,10.5,0.24,0.47,2.1,0.066,6,24,0.9978,3.15,0.9,11,0.018868494
Wi02-1876,Red,27.99,8,7.2,0.33,0.33,1.7,0.061,3,13,0.996,3.23,1.1,10,0.014550936
Wi02-1877,Red,9.99,4,6.5,0.58,0,2.2,0.096,3,13,0.99557,3.62,0.62,11.5,0.050955674
Wi02-1878,Red,13.99,5,7.9,0.52,0.26,1.9,0.079,42,140,0.9964,3.23,0.54,9.5,0.036281179
Wi02-1879,Red,8.99,5,6.1,0.715,0.1,2.6,0.053,13,27,0.99362,3.57,0.5,11.9,0.035068524
Wi02-1880,Red,14.99,6,9.1,0.76,0.68,1.7,0.414,18,64,0.99652,2.9,1.33,9.1,0.030563842
Wi02-1881,Red,16.99,6,7,0.69,0,1.9,0.114,3,10,0.99636,3.35,0.6,9.7,0.032818736
Wi02-1882,Red,16.99,6,8.3,0.26,0.42,2,0.08,11,27,0.9974,3.21,0.8,9.4,0.02480005
Wi02-1883,Red,19.99,6,9.6,0.54,0.42,2.4,0.081,25,52,0.997,3.2,0.71,11.4,0.026874496
Wi02-1884,Red,17.99,6,6.1,0.53,0.08,1.9,0.077,24,45,0.99528,3.6,0.68,10.3,0.025036052
Wi02-1885,Red,10.99,5,8,0.64,0.22,2.4,0.094,5,33,0.99612,3.37,0.58,11,0.035599858
Wi02-1886,Red,14.99,6,8,0.33,0.53,2.5,0.091,18,80,0.9976,3.37,0.8,9.6,0.024414063
Wi02-1887,Red,9.99,5,7.3,0.38,0.21,2,0.08,7,35,0.9961,3.33,0.47,9.5,0.042688341
Wi02-1888,Red,14.99,6,7,0.745,0.12,1.8,0.114,15,64,0.99588,3.22,0.59,9.5,0.026439289
Wi02-1889,Red,15.99,6,7.1,0.59,0,2.2,0.078,26,44,0.99522,3.42,0.68,10.8,0.025115468
Wi02-1890,Red,13.99,6,7.6,0.51,0.24,2.4,0.091,8,38,0.998,3.47,0.66,9.6,0.02480005
Wi02-1891,Red,17.99,6,9.1,0.22,0.24,2.1,0.078,1,28,0.999,3.41,0.87,10.3,0.026268161
Wi02-1892,Red,15.99,6,7.7,0.26,0.3,1.7,0.059,20,38,0.9949,3.29,0.47,10.8,0.024337947
Wi02-1893,Red,12.99,5,8.8,0.47,0.49,2.9,0.085,17,110,0.9982,3.29,0.6,9.8,0.042865287
Wi02-1894,Red,26.99,7,9.6,0.33,0.52,2.2,0.074,13,25,0.99509,3.36,0.76,12.4,0.021436733
Wi02-1895,Red,28.99,8,8.6,0.42,0.39,1.8,0.068,6,12,0.99516,3.35,0.69,11.7,0.014071644
Wi02-1896,Red,13.99,5,7.1,0.72,0,1.8,0.123,6,14,0.99627,3.45,0.58,9.8,0.041311389
Wi02-1897,Red,15.99,6,6.8,0.56,0.22,1.8,0.074,15,24,0.99438,3.4,0.82,11.2,0.032116751
Wi02-1898,Red,17.99,6,8.3,0.58,0.13,2.9,0.096,14,63,0.9984,3.17,0.62,9.1,0.032464897
Wi02-1899,Red,17.99,6,10,0.59,0.31,2.2,0.09,26,62,0.9994,3.18,0.63,10.2,0.026786599
Wi02-1900,Red,18.99,6,7.4,0.58,0,2,0.064,7,11,0.99562,3.45,0.58,11.3,0.02618322
Wi02-1901,Red,24.99,7,7,0.4,0.32,3.6,0.061,9,29,0.99416,3.28,0.49,11.3,0.023451663
Wi02-1902,Red,11.99,5,9.6,0.6,0.5,2.3,0.079,28,71,0.9997,3.5,0.57,9.7,0.044696932
Wi02-1903,Red,12.99,5,6.2,0.63,0.31,1.7,0.088,15,64,0.9969,3.46,0.79,9.3,0.0336672
Wi02-1904,Red,13.99,6,9.6,0.42,0.35,2.1,0.083,17,38,0.99622,3.23,0.66,11.1,0.032464897
Wi02-1905,Red,15.99,6,7.9,0.57,0.31,2,0.079,10,79,0.99677,3.29,0.69,9.5,0.02942137
Wi02-1906,Red,14.99,5,6.8,0.59,0.1,1.7,0.063,34,53,0.9958,3.41,0.67,9.7,0.039211842
Wi02-1907,Red,16.99,6,8.1,0.825,0.24,2.1,0.084,5,13,0.9972,3.37,0.77,10.7,0.02480005
Wi02-1908,Red,8.99,5,11.9,0.58,0.66,2.5,0.072,6,37,0.9992,3.05,0.56,10,0.033421455
Wi02-1909,Red,14.99,6,7.4,0.6,0.26,2.1,0.083,17,91,0.99616,3.29,0.56,9.8,0.026699133
Wi02-1910,Red,24.99,7,6.6,0.84,0.03,2.3,0.059,32,48,0.9952,3.52,0.56,12.3,0.017968935
Wi02-1911,Red,10.99,5,6.5,0.52,0.11,1.8,0.073,13,38,0.9955,3.34,0.52,9.3,0.038750078
Wi02-1912,Red,14.99,5,9.1,0.64,0.23,3.1,0.095,13,38,0.9998,3.28,0.59,9.7,0.034293553
Wi02-1913,Red,14.99,5,7.2,0.655,0.03,1.8,0.078,7,12,0.99587,3.34,0.39,9.5,0.03317839
Wi02-1914,Red,25.99,7,10.7,0.52,0.38,2.6,0.066,29,56,0.99577,3.15,0.79,12.1,0.019615689
Wi02-1915,Red,10.99,5,8.8,0.61,0.14,2.4,0.067,10,42,0.9969,3.19,0.59,9.5,0.042865287
Wi02-1916,Red,10.99,5,8.4,0.665,0.61,2,0.112,13,95,0.997,3.16,0.54,9.1,0.048730806
Wi02-1917,Red,15.99,6,10.4,0.52,0.45,2,0.08,6,13,0.99774,3.22,0.76,11.4,0.032116751
Wi02-1918,Red,8.99,5,9.6,0.68,0.24,2.2,0.087,5,28,0.9988,3.14,0.6,10.2,0.047465125
Wi02-1919,Red,16.99,6,7.1,0.69,0.08,2.1,0.063,42,52,0.99608,3.42,0.6,10.2,0.027320538
Wi02-1920,Red,13.99,5,8,0.43,0.36,2.3,0.075,10,48,0.9976,3.34,0.46,9.4,0.036559195
Wi02-1921,Red,14.99,5,6.6,0.8,0.03,7.8,0.079,6,12,0.9963,3.52,0.5,12.2,0.039367599
Wi02-1922,Red,8.99,5,6.6,0.64,0.31,6.1,0.083,7,49,0.99718,3.35,0.68,10.3,0.037703836
Wi02-1923,Red,11.99,5,9,0.48,0.32,2.8,0.084,21,122,0.9984,3.32,0.62,9.4,0.034166892
Wi02-1924,Red,18.99,6,10.3,0.41,0.42,2.4,0.213,6,14,0.9994,3.19,0.62,9.5,0.024490536
Wi02-1925,Red,15.99,6,7.4,0.63,0.07,2.4,0.09,11,37,0.9979,3.43,0.76,9.7,0.025115468
Wi02-1926,Red,19.99,6,7.5,0.53,0.06,2.6,0.086,20,44,0.9965,3.38,0.59,10.7,0.024414063
Wi02-1927,Red,22.99,7,7.6,0.31,0.34,2.5,0.082,26,35,0.99356,3.22,0.59,12.5,0.020943242
Wi02-1928,Red,13.99,5,8.3,0.6,0.25,2.2,0.118,9,38,0.99616,3.15,0.53,9.8,0.039211842
Wi02-1929,Red,24.99,7,9.4,0.27,0.53,2.4,0.074,6,18,0.9962,3.2,1.13,12,0.020119712
Wi02-1930,Red,18.99,7,6.8,0.59,0.06,6,0.06,11,18,0.9962,3.41,0.59,10.8,0.020408163
Wi02-1931,Red,17.99,6,6.1,0.21,0.4,1.4,0.066,40.5,165,0.9912,3.25,0.59,11.9,0.02618322
Wi02-1932,Red,13.99,5,8.6,0.47,0.47,2.4,0.074,7,29,0.9979,3.08,0.46,9.5,0.039057008
Wi02-1933,Red,20.99,7,7.3,0.48,0.32,2.1,0.062,31,54,0.99728,3.3,0.65,10,0.021690045
Wi02-1934,Red,20.99,7,10.4,0.38,0.46,2.1,0.104,6,10,0.99664,3.12,0.65,11.8,0.018065672
Wi02-1935,Red,12.99,5,10,0.73,0.43,2.3,0.059,15,31,0.9966,3.15,0.57,11,0.049163967
Wi02-1936,Red,12.99,5,5.6,0.605,0.05,2.4,0.073,19,25,0.99258,3.56,0.55,12.9,0.038296422
Wi02-1937,Red,8.99,5,10.8,0.45,0.33,2.5,0.099,20,38,0.99818,3.24,0.71,10.8,0.037850687
Wi02-1938,Red,25.99,7,9.2,0.31,0.36,2.2,0.079,11,31,0.99615,3.33,0.86,12,0.022612923
Wi02-1939,Red,33.99,8,5.5,0.49,0.03,1.8,0.044,28,87,0.9908,3.5,0.82,14,0.0148721
Wi02-1940,Red,10.99,5,8.1,0.725,0.22,2.2,0.072,11,41,0.9967,3.36,0.55,9.1,0.036559195
Wi02-1941,Red,11.99,5,8.2,0.73,0.21,1.7,0.074,5,13,0.9968,3.2,0.52,9.5,0.039524286
Wi02-1942,Red,18.99,6,8.8,0.55,0.04,2.2,0.119,14,56,0.9962,3.21,0.6,10.9,0.024262187
Wi02-1943,Red,14.99,5,7.8,0.59,0.18,2.3,0.076,17,54,0.9975,3.43,0.59,10,0.036840418
Wi02-1944,Red,16.99,6,7.6,0.43,0.31,2.1,0.069,13,74,0.9958,3.26,0.54,9.9,0.028246593
Wi02-1945,Red,14.99,5,12.3,0.5,0.49,2.2,0.089,5,14,1.0002,3.19,0.44,9.6,0.035200237
Wi02-1946,Red,7.99,4,9.2,0.52,1,3.4,0.61,32,69,0.9996,2.74,2,9.4,0.081632653
Wi02-1947,Red,13.99,6,11.5,0.59,0.59,2.6,0.087,13,49,0.9988,3.18,0.65,11,0.026353517
Wi02-1948,Red,8.99,5,6.8,0.775,0,3,0.102,8,23,0.9965,3.45,0.56,10.7,0.037703836
Wi02-1949,Red,12.99,5,6.7,0.64,0.23,2.1,0.08,11,119,0.99538,3.36,0.7,10.9,0.046648536
Wi02-1950,Red,14.99,6,7.8,0.53,0.04,1.7,0.076,17,31,0.9964,3.33,0.56,10,0.032116751
Wi02-1951,Red,13.99,5,7.2,0.54,0.27,2.6,0.084,12,78,0.9964,3.39,0.71,11,0.034548997
Wi02-1952,Red,18.99,6,7,0.55,0.13,2.2,0.075,15,35,0.9959,3.36,0.59,9.7,0.032700149
Wi02-1953,Red,7.99,4,12.5,0.46,0.49,4.5,0.07,26,49,0.9981,3.05,0.57,9.6,0.074651378
Wi02-1954,Red,12.99,5,7.9,0.33,0.23,1.7,0.077,18,45,0.99625,3.29,0.65,9.3,0.03442092
Wi02-1955,Red,10.99,5,7.5,0.6,0.32,2.7,0.103,13,98,0.99938,3.45,0.62,9.5,0.038903089
Wi02-1956,Red,14.99,6,10.3,0.53,0.48,2.5,0.063,6,25,0.9998,3.12,0.59,9.3,0.030036434
Wi02-1957,Red,14.99,5,7.7,0.69,0.49,1.8,0.115,20,112,0.9968,3.21,0.71,9.3,0.04032193
Wi02-1958,Red,13.99,6,7.1,0.53,0.07,1.7,0.071,15,24,0.9951,3.29,0.66,10.8,0.025847541
Wi02-1959,Red,15.99,6,8,0.25,0.43,1.7,0.067,22,50,0.9946,3.38,0.6,11.9,0.030670989
Wi02-1960,Red,17.99,6,7.1,0.46,0.2,1.9,0.077,28,54,0.9956,3.37,0.64,10.4,0.028825006
Wi02-1961,Red,14.99,6,8.8,0.61,0.19,4,0.094,30,69,0.99787,3.22,0.5,10,0.032818736
Wi02-1962,Red,15.99,6,11.9,0.39,0.69,2.8,0.095,17,35,0.9994,3.1,0.61,10.8,0.028630243
Wi02-1963,Red,16.99,6,11.6,0.44,0.64,2.1,0.059,5,15,0.998,3.21,0.67,10.2,0.031105263
Wi02-1964,Red,21.99,7,8.3,0.28,0.48,2.1,0.093,6,12,0.99408,3.26,0.62,12.4,0.021499643
Wi02-1965,Red,11.99,5,8.1,0.66,0.7,2.2,0.098,25,129,0.9972,3.08,0.53,9,0.041479835
Wi02-1966,Red,10.99,5,9.9,0.54,0.45,2.3,0.071,16,40,0.9991,3.39,0.62,9.4,0.033057851
Wi02-1967,Red,22.99,7,10.1,0.43,0.4,2.6,0.092,13,52,0.99834,3.22,0.64,10,0.019077562
Wi02-1968,Red,12.99,5,9.3,0.39,0.44,2.1,0.107,34,125,0.9978,3.14,1.22,9.5,0.03317839
Wi02-1969,Red,12.99,5,7.3,0.74,0.08,1.7,0.094,10,45,0.99576,3.24,0.5,9.8,0.033057851
Wi02-1970,Red,9.99,5,7.7,0.64,0.21,2.2,0.077,32,133,0.9956,3.27,0.45,9.9,0.042164026
Wi02-1971,Red,12.99,5,9,0.82,0.14,2.6,0.089,9,23,0.9984,3.39,0.63,9.8,0.034807307
Wi02-1972,Red,17.99,6,9.2,0.36,0.34,1.6,0.062,5,12,0.99667,3.2,0.67,10.5,0.024878345
Wi02-1973,Red,19.99,6,6.4,0.42,0.09,2.3,0.054,34,64,0.99724,3.41,0.68,10.4,0.026353517
Wi02-1974,Red,18.99,6,5.9,0.29,0.25,13.4,0.067,72,160,0.99721,3.33,0.54,10.3,0.026014568
Wi02-1975,Red,8.99,5,7.6,0.42,0.25,3.9,0.104,28,90,0.99784,3.15,0.57,9.1,0.039524286
Wi02-1976,Red,14.99,5,8.9,0.62,0.19,3.9,0.17,51,148,0.9986,3.17,0.93,9.2,0.046049844
Wi02-1977,Red,18.99,6,8.4,0.62,0.12,1.8,0.072,38,46,0.99504,3.38,0.89,11.8,0.030245747
Wi02-1978,Red,14.99,6,8,0.38,0.44,1.9,0.098,6,15,0.9956,3.3,0.64,11.4,0.025275439
Wi02-1979,Red,13.99,6,9.5,0.735,0.1,2.1,0.079,6,31,0.9986,3.23,0.56,10.1,0.028825006
Wi02-1980,Red,13.99,6,10.2,0.54,0.37,15.4,0.214,55,95,1.00369,3.18,0.77,9,0.028727377
Wi02-1981,Red,13.99,5,8.9,0.61,0.49,2,0.27,23,110,0.9972,3.12,1.02,9.3,0.04233772
Wi02-1982,Red,12.99,5,7.2,0.695,0.13,2,0.076,12,20,0.99546,3.29,0.54,10.1,0.049382716
Wi02-1983,Red,9.99,5,9,0.44,0.49,2.4,0.078,26,121,0.9978,3.23,0.58,9.2,0.046049844
Wi02-1984,Red,15.99,6,11.1,0.45,0.73,3.2,0.066,6,22,0.9986,3.17,0.66,11.2,0.030778701
Wi02-1985,Red,7.99,4,6.9,0.48,0.2,1.9,0.082,9,23,0.99585,3.39,0.43,9.05,0.064418047
Wi02-1986,Red,14.99,5,7.5,0.42,0.31,1.6,0.08,15,42,0.9978,3.31,0.64,9,0.036143359
Wi02-1987,Red,15.99,6,7.6,0.78,0,1.7,0.076,33,45,0.99612,3.31,0.62,10.7,0.030563842
Wi02-1988,Red,10.99,5,8.3,0.6,0.25,2.2,0.118,9,38,0.99616,3.15,0.53,9.8,0.046248121
Wi02-1989,Red,19.99,7,11.6,0.41,0.54,1.5,0.095,22,41,0.99735,3.02,0.76,9.9,0.023026566
Wi02-1990,Red,22.99,7,5.4,0.42,0.27,2,0.092,23,55,0.99471,3.78,0.64,12.3,0.022013049
Wi02-1991,Red,15.99,6,6.3,0.76,0,2.9,0.072,26,52,0.99379,3.51,0.6,11.5,0.030778701
Wi02-1992,Red,12.99,5,6.7,0.48,0.02,2.2,0.08,36,111,0.99524,3.1,0.53,9.7,0.037557839
Wi02-1993,Red,13.99,6,7.2,0.5,0.18,2.1,0.071,12,31,0.99761,3.52,0.72,9.6,0.026268161
Wi02-1994,Red,8.99,5,7.9,0.72,0.17,2.6,0.096,20,38,0.9978,3.4,0.53,9.5,0.041819832
Wi02-1995,Red,13.99,5,8.8,0.66,0.26,1.7,0.074,4,23,0.9971,3.15,0.74,9.2,0.038446751
Wi02-1996,Red,18.99,6,6.6,0.58,0.02,2.4,0.069,19,40,0.99387,3.38,0.66,12.6,0.030036434
Wi02-1997,Red,19.99,6,10.2,0.36,0.64,2.9,0.122,10,41,0.998,3.23,0.66,12.5,0.026014568
Wi02-1998,Red,10.99,5,10,0.32,0.59,2.2,0.077,3,15,0.9994,3.2,0.78,9.6,0.043766741
Wi02-1999,Red,12.99,5,7,0.62,0.18,1.5,0.062,7,50,0.9951,3.08,0.6,9.3,0.037557839
Wi02-2000,Red,13.99,5,7.5,0.49,0.19,1.9,0.076,10,44,0.9957,3.39,0.54,9.7,0.037412688
Wi02-2001,Red,12.99,5,7.7,0.66,0.04,1.6,0.039,4,9,0.9962,3.4,0.47,9.4,0.040160481
Wi02-2002,Red,11.99,5,8.6,0.38,0.36,3,0.081,30,119,0.997,3.2,0.56,9.4,0.034166892
Wi02-2003,Red,19.99,6,7.4,0.49,0.27,2.1,0.071,14,25,0.99388,3.35,0.63,12,0.026014568
Wi02-2004,Red,11.99,5,8.8,0.685,0.26,1.6,0.088,16,23,0.99694,3.32,0.47,9.4,0.047054173
Wi02-2005,Red,9.99,4,6.7,1.04,0.08,2.3,0.067,19,32,0.99648,3.52,0.57,11,0.065410352
Wi02-2006,Red,19.99,6,7.5,0.31,0.41,2.4,0.065,34,60,0.99492,3.34,0.85,11.4,0.029522561
Wi02-2007,Red,17.99,6,6.3,0.51,0.13,2.3,0.076,29,40,0.99574,3.42,0.75,11,0.028825006
Wi02-2008,Red,13.99,5,6,0.64,0.05,1.9,0.066,9,17,0.99496,3.52,0.78,10.6,0.04032193
Wi02-2009,Red,10.99,5,7.6,0.645,0.03,1.9,0.086,14,57,0.9969,3.37,0.46,10.3,0.036006323
Wi02-2010,Red,9.99,5,6.8,0.64,0.1,2.1,0.085,18,101,0.9956,3.34,0.52,10.2,0.03329959
Wi02-2011,Red,15.99,6,7.1,0.6,0.01,2.3,0.079,24,37,0.99514,3.4,0.61,10.9,0.032348222
Wi02-2012,Red,8.99,5,9,0.58,0.25,2,0.104,8,21,0.99769,3.27,0.72,9.6,0.044696932
Wi02-2013,Red,17.99,6,7.9,0.4,0.29,1.8,0.157,1,44,0.9973,3.3,0.92,9.5,0.024490536
Wi02-2014,Red,12.99,5,9.3,0.61,0.26,3.4,0.09,25,87,0.99975,3.24,0.62,9.7,0.035332693
Wi02-2015,Red,12.99,5,6.3,0.39,0.08,1.7,0.066,3,20,0.9954,3.34,0.58,9.4,0.041649313
Wi02-2016,Red,14.99,5,9.8,1.24,0.34,2,0.079,32,151,0.998,3.15,0.53,9.5,0.038446751
Wi02-2017,Red,13.99,6,8.3,0.54,0.28,1.9,0.077,11,40,0.9978,3.39,0.61,10,0.031105263
Wi02-2018,Red,9.99,5,8.2,0.39,0.49,2.3,0.099,47,133,0.9979,3.38,0.99,9.8,0.034040931
Wi02-2019,Red,13.99,6,5.8,0.29,0.26,1.7,0.063,3,11,0.9915,3.39,0.54,13.5,0.024644564
Wi02-2020,Red,15.99,6,10.4,0.55,0.23,2.7,0.091,18,48,0.9994,3.22,0.64,10.3,0.029829287
Wi02-2021,Red,18.99,6,7.5,0.51,0.02,1.7,0.084,13,31,0.99538,3.36,0.54,10.5,0.0316612
Wi02-2022,Red,6.99,4,6.3,1.02,0,2,0.083,17,24,0.99437,3.59,0.55,11.2,0.065077051
Wi02-2023,Red,25.99,7,7.8,0.64,0.1,6,0.115,5,11,0.9984,3.37,0.69,10.1,0.019560859
Wi02-2024,Red,9.99,5,9.2,0.46,0.23,2.6,0.091,18,77,0.99922,3.15,0.51,9.4,0.03329959
Wi02-2025,Red,13.99,5,7.5,0.61,0.26,1.9,0.073,24,88,0.99612,3.3,0.53,9.8,0.036281179
Wi02-2026,Red,11.99,5,5.6,0.31,0.37,1.4,0.074,12,96,0.9954,3.32,0.58,9.2,0.044886527
Wi02-2027,Red,10.99,5,8.5,0.46,0.31,2.25,0.078,32,58,0.998,3.33,0.54,9.8,0.043766741
Wi02-2028,Red,24.99,7,8.5,0.28,0.35,1.7,0.061,6,15,0.99524,3.3,0.74,11.8,0.022545068
Wi02-2029,Red,13.99,6,7.8,0.58,0.13,2.1,0.102,17,36,0.9944,3.24,0.53,11.2,0.025195263
Wi02-2030,Red,24.99,7,8.7,0.33,0.38,3.3,0.063,10,19,0.99468,3.3,0.73,12,0.020349979
Wi02-2031,Red,11.99,5,7.5,0.5,0.36,6.1,0.071,17,102,0.9978,3.35,0.8,10.5,0.039840479
Wi02-2032,Red,8.99,5,7.5,0.41,0.15,3.7,0.104,29,94,0.99786,3.14,0.58,9.1,0.042688341
Wi02-2033,Red,18.99,6,8.7,0.63,0.28,2.7,0.096,17,69,0.99734,3.26,0.63,10.2,0.025115468
Wi02-2034,Red,18.99,6,8.7,0.31,0.46,1.4,0.059,11,25,0.9966,3.36,0.76,10.1,0.03143705
Wi02-2035,Red,15.99,6,6.7,0.41,0.43,2.8,0.076,22,54,0.99572,3.42,1.16,10.6,0.031548827
Wi02-2036,Red,14.99,6,7.4,0.49,0.27,2.1,0.071,14,25,0.99388,3.35,0.63,12,0.0316612
Wi02-2037,Red,20.99,7,10.4,0.24,0.46,1.8,0.075,6,21,0.9976,3.25,1.02,10.8,0.022210327
Wi02-2038,Red,15.99,6,7.1,0.6,0,1.8,0.074,16,34,0.9972,3.47,0.7,9.9,0.023741634
Wi02-2039,Red,13.99,6,7,0.58,0.28,4.8,0.085,12,69,0.99633,3.32,0.7,11,0.027230446
Wi02-2040,Red,25.99,8,10,0.26,0.54,1.9,0.083,42,74,0.99451,2.98,0.63,11.8,0.016023073
Wi02-2041,Red,16.99,6,6.4,0.69,0,1.65,0.055,7,12,0.99162,3.47,0.53,12.9,0.030245747
Wi02-2042,Red,14.99,5,9.2,0.54,0.31,2.3,0.112,11,38,0.99699,3.24,0.56,10.9,0.04585284
Wi02-2043,Red,7.99,4,8.8,0.61,0.3,2.8,0.088,17,46,0.9976,3.26,0.51,9.3,0.054335719
Wi02-2044,Red,19.99,6,6.6,0.52,0.04,2.2,0.069,8,15,0.9956,3.4,0.63,9.4,0.026962826
Wi02-2045,Red,15.99,6,7.9,0.24,0.4,1.6,0.056,11,25,0.9967,3.32,0.87,8.7,0.024262187
Wi02-2046,Red,12.99,5,6.6,0.88,0.04,2.2,0.066,12,20,0.99636,3.53,0.56,9.9,0.04507733
Wi02-2047,Red,14.99,5,7.3,0.365,0.49,2.5,0.088,39,106,0.9966,3.36,0.78,11,0.03442092
Wi02-2048,Red,18.99,6,6.7,0.16,0.64,2.1,0.059,24,52,0.99494,3.34,0.71,11.2,0.027140798
Wi02-2049,Red,13.99,6,8.2,0.24,0.34,5.1,0.062,8,22,0.9974,3.22,0.94,10.9,0.030886981
Wi02-2050,Red,22.99,7,10.2,0.44,0.58,4.1,0.092,11,24,0.99745,3.29,0.99,12,0.020702862
Wi02-2051,Red,18.99,6,7.9,0.32,0.51,1.8,0.341,17,56,0.9969,3.04,1.08,9.2,0.027870602
Wi02-2052,Red,31.99,8,7.9,0.54,0.34,2.5,0.076,8,17,0.99235,3.2,0.72,13.1,0.015586011
Wi02-2053,Red,16.99,6,7.2,0.57,0.06,1.6,0.076,9,27,0.9972,3.36,0.7,9.6,0.028341779
Wi02-2054,Red,13.99,6,11.9,0.57,0.5,2.6,0.082,6,32,1.0006,3.12,0.78,10.7,0.028246593
Wi02-2055,Red,14.99,6,6,0.51,0,2.1,0.064,40,54,0.995,3.54,0.93,10.7,0.030670989
Wi02-2056,Red,13.99,5,7.8,0.53,0.33,2.4,0.08,24,144,0.99655,3.3,0.6,9.5,0.0336672
Wi02-2057,Red,13.99,5,7,0.42,0.19,2.3,0.071,18,36,0.99476,3.39,0.56,10.9,0.038597967
Wi02-2058,Red,11.99,5,6.8,0.67,0,1.9,0.08,22,39,0.99701,3.4,0.74,9.7,0.035200237
Wi02-2059,Red,13.99,6,6.7,0.855,0.02,1.9,0.064,29,38,0.99472,3.3,0.56,10.75,0.027320538
Wi02-2060,Red,19.99,6,10.9,0.32,0.52,1.8,0.132,17,44,0.99734,3.28,0.77,11.5,0.027411078
Wi02-2061,Red,9.99,5,9.9,0.5,0.5,13.8,0.205,48,82,1.00242,3.16,0.75,8.8,0.03968191
Wi02-2062,Red,14.99,6,10.6,0.42,0.48,2.7,0.065,5,18,0.9972,3.21,0.87,11.3,0.025195263
Wi02-2063,Red,19.99,7,10.5,0.51,0.64,2.4,0.107,6,15,0.9973,3.09,0.66,11.8,0.021562831
Wi02-2064,Red,25.99,7,8.8,0.33,0.41,5.9,0.073,7,13,0.99658,3.3,0.62,12.1,0.018868494
Wi02-2065,Red,11.99,5,8.7,0.78,0.51,1.7,0.415,12,66,0.99623,3,1.17,9.2,0.035465898
Wi02-2066,Red,14.99,5,8,0.43,0.36,2.3,0.075,10,48,0.9976,3.34,0.46,9.4,0.041479835
Wi02-2067,Red,17.99,6,10,0.59,0.31,2.2,0.09,26,62,0.9994,3.18,0.63,10.2,0.028533601
Wi02-2068,Red,9.99,5,15.6,0.645,0.49,4.2,0.095,10,23,1.00315,2.92,0.74,11.1,0.04585284
Wi02-2069,Red,13.99,6,7.8,0.5,0.3,1.9,0.075,8,22,0.9959,3.31,0.56,10.4,0.032116751
Wi02-2070,Red,19.99,6,8.3,0.26,0.37,1.4,0.076,8,23,0.9974,3.26,0.7,9.6,0.026612094
Wi02-2071,Red,10.99,5,6.5,0.46,0.14,2.4,0.114,9,37,0.99732,3.66,0.65,9.8,0.04
Wi02-2072,Red,23.99,7,11.5,0.54,0.71,4.4,0.124,6,15,0.9984,3.01,0.83,11.8,0.021499643
Wi02-2073,Red,17.99,6,12.8,0.84,0.63,2.4,0.088,13,35,0.9997,3.1,0.6,10.4,0.02480005
Wi02-2074,Red,18.99,7,10,0.44,0.49,2.7,0.077,11,19,0.9963,3.23,0.63,11.6,0.018561278
Wi02-2075,Red,10.99,5,7,0.5,0.14,1.8,0.078,10,23,0.99636,3.53,0.61,10.4,0.04507733
Wi02-2076,Red,13.99,5,8.4,0.56,0.04,2,0.082,10,22,0.9976,3.22,0.44,9.6,0.04
Wi02-2077,Red,8.99,5,9.5,0.37,0.52,2,0.082,6,26,0.998,3.18,0.51,9.5,0.033057851
Wi02-2078,Red,9.99,5,9.5,0.59,0.44,2.3,0.071,21,68,0.9992,3.46,0.63,9.5,0.044135301
Wi02-2079,Red,16.99,6,7.5,0.57,0.02,2.6,0.077,11,35,0.99557,3.36,0.62,10.8,0.030140818
Wi02-2080,Red,14.99,5,8.2,0.28,0.6,3,0.104,10,22,0.99828,3.39,0.68,10.6,0.03379109
Wi02-2081,Red,9.99,4,10.5,0.59,0.49,2.1,0.07,14,47,0.9991,3.3,0.56,9.6,0.067115896
Wi02-2082,Red,19.99,6,6.6,0.725,0.09,5.5,0.117,9,17,0.99655,3.35,0.49,10.8,0.031215273
Wi02-2083,Red,11.99,5,7.6,0.645,0.03,1.9,0.086,14,57,0.9969,3.37,0.46,10.3,0.049163967
Wi02-2084,Red,13.99,5,7.3,0.45,0.36,5.9,0.074,12,87,0.9978,3.33,0.83,10.5,0.049163967
Wi02-2085,Red,14.99,5,7.8,0.7,0.06,1.9,0.079,20,35,0.99628,3.4,0.69,10.9,0.035465898
Wi02-2086,Red,14.99,6,7.8,0.55,0,1.7,0.07,7,17,0.99659,3.26,0.64,9.4,0.02480005
Wi02-2087,Red,14.99,5,13,0.32,0.65,2.6,0.093,15,47,0.9996,3.05,0.61,10.6,0.038750078
Wi02-2088,Red,12.99,5,7.4,0.36,0.29,2.6,0.087,26,72,0.99645,3.39,0.68,11,0.037998396
Wi02-2089,Red,21.99,7,9.4,0.41,0.48,4.6,0.072,10,20,0.9973,3.34,0.79,12.2,0.021882987
Wi02-2090,Red,11.99,5,7.5,0.42,0.32,2.7,0.067,7,25,0.99628,3.24,0.44,10.4,0.035465898
Wi02-2091,Red,11.99,5,7.8,0.53,0.01,1.6,0.077,3,19,0.995,3.16,0.46,9.8,0.035068524
Wi02-2092,Red,25.99,7,8.9,0.4,0.32,5.6,0.087,10,47,0.9991,3.38,0.77,10.5,0.020702862
Wi02-2093,Red,25.99,7,11.6,0.32,0.55,2.8,0.081,35,67,1.0002,3.32,0.92,10.8,0.023096608
Wi02-2094,Red,19.99,6,7.5,0.51,0.02,1.7,0.084,13,31,0.99538,3.36,0.54,10.5,0.024262187
Wi02-2095,Red,24.99,7,8.9,0.12,0.45,1.8,0.075,10,21,0.99552,3.41,0.76,11.9,0.021882987
Wi02-2096,Red,14.99,6,11.4,0.625,0.66,6.2,0.088,6,24,0.9988,3.11,0.99,13.3,0.026268161
Wi02-2097,Red,21.99,7,10.5,0.24,0.47,2.1,0.066,6,24,0.9978,3.15,0.9,11,0.017777778
Wi02-2098,Red,21.99,7,6.1,0.4,0.16,1.8,0.069,11,25,0.9955,3.42,0.74,10.1,0.019670751
Wi02-2099,Red,13.99,6,8.3,0.26,0.37,1.4,0.076,8,23,0.9974,3.26,0.7,9.6,0.024878345
Wi02-2100,Red,9.99,5,7,0.62,0.08,1.8,0.076,8,24,0.9978,3.48,0.53,9,0.03968191
Wi02-2101,Red,8.99,5,7.2,0.65,0.02,2.3,0.094,5,31,0.9993,3.67,0.8,9.7,0.048091721
Wi02-2102,Red,14.99,5,8,0.52,0.03,1.7,0.07,10,35,0.99575,3.34,0.57,10,0.03442092
Wi02-2103,Red,9.99,5,7.5,0.77,0.2,8.1,0.098,30,92,0.99892,3.2,0.58,9.2,0.03968191
Wi02-2104,Red,10.99,5,8,0.39,0.3,1.9,0.074,32,84,0.99717,3.39,0.61,9,0.049163967
Wi02-2105,Red,14.99,5,7.7,0.56,0.2,2,0.075,9,39,0.9987,3.48,0.62,9.3,0.034677791
Wi02-2106,Red,8.99,5,9.9,0.63,0.24,2.4,0.077,6,33,0.9974,3.09,0.57,9.4,0.038903089
Wi02-2107,Red,14.99,5,7.4,0.5,0.47,2,0.086,21,73,0.997,3.36,0.57,9.1,0.039367599
Wi02-2108,Red,16.99,6,7.1,0.6,0,1.8,0.074,16,34,0.9972,3.47,0.7,9.9,0.030140818
Wi02-2109,Red,19.99,6,10.5,0.36,0.47,2.2,0.074,9,23,0.99638,3.23,0.76,12,0.02618322
Wi02-2110,Red,18.99,7,9.9,0.4,0.53,6.7,0.097,6,19,0.9986,3.27,0.82,11.7,0.021882987
Wi02-2111,Red,8.99,5,8,0.6,0.22,2.1,0.08,25,105,0.99613,3.3,0.49,9.9,0.046049844
Wi02-2112,Red,14.99,5,7.8,0.62,0.05,2.3,0.079,6,18,0.99735,3.29,0.63,9.3,0.047465125
Wi02-2113,Red,13.99,6,7,0.43,0.36,1.6,0.089,14,37,0.99615,3.34,0.56,9.2,0.025036052
Wi02-2114,Red,15.99,6,8.3,0.26,0.42,2,0.08,11,27,0.9974,3.21,0.8,9.4,0.032582205
Wi02-2115,Red,14.99,5,9.7,0.66,0.34,2.6,0.094,12,88,0.99796,3.26,0.66,10.1,0.034166892
Wi02-2116,Red,22.99,7,8.7,0.48,0.3,2.8,0.066,10,28,0.9964,3.33,0.67,11.2,0.018713941
Wi02-2117,Red,19.99,6,6.2,0.36,0.24,2.2,0.095,19,42,0.9946,3.57,0.57,11.7,0.032937968
Wi02-2118,Red,13.99,6,10.4,0.52,0.45,2,0.08,6,13,0.99774,3.22,0.76,11.4,0.023962657
Wi02-2119,Red,16.99,6,10,0.49,0.2,11,0.071,13,50,1.0015,3.16,0.69,9.2,0.033057851
Wi02-2120,Red,9.99,5,9.4,0.4,0.47,2.5,0.087,6,20,0.99772,3.15,0.5,10.5,0.048730806
Wi02-2121,Red,12.99,5,12.3,0.5,0.49,2.2,0.089,5,14,1.0002,3.19,0.44,9.6,0.048946668
Wi02-2122,Red,14.99,5,10,0.38,0.38,1.6,0.169,27,90,0.99914,3.15,0.65,8.5,0.043584189
Wi02-2123,Red,13.99,6,5.2,0.34,0,1.8,0.05,27,63,0.9916,3.68,0.79,14,0.025355998
Wi02-2124,Red,10.99,5,7.5,0.5,0.36,6.1,0.071,17,102,0.9978,3.35,0.8,10.5,0.039211842
Wi02-2125,Red,8.99,5,7.1,0.735,0.16,1.9,0.1,15,77,0.9966,3.27,0.64,9.3,0.038597967
Wi02-2126,Red,18.99,7,8.7,0.52,0.09,2.5,0.091,20,49,0.9976,3.34,0.86,10.6,0.019726045
Wi02-2127,Red,26.99,7,9.5,0.39,0.41,8.9,0.069,18,39,0.99859,3.29,0.81,10.9,0.020762568
Wi02-2128,Red,13.99,6,6.9,0.36,0.25,2.4,0.098,5,16,0.9964,3.41,0.6,10.1,0.031215273
Wi02-2129,Red,12.99,5,7,0.56,0.13,1.6,0.077,25,42,0.99629,3.34,0.59,9.2,0.037412688
Wi02-2130,Red,10.99,5,10.7,0.43,0.39,2.2,0.106,8,32,0.9986,2.89,0.5,9.6,0.047881484
Wi02-2131,Red,15.99,6,6.9,0.45,0.11,2.4,0.043,6,12,0.99354,3.3,0.65,11.4,0.028437448
Wi02-2132,Red,14.99,5,8,0.745,0.56,2,0.118,30,134,0.9968,3.24,0.66,9.4,0.040160481
Wi02-2133,Red,10.99,5,7.1,0.68,0,2.2,0.073,12,22,0.9969,3.48,0.5,9.3,0.041143967
Wi02-2134,Red,14.99,5,8.5,0.49,0.11,2.3,0.084,9,67,0.9968,3.17,0.53,9.4,0.034807307
Wi02-2135,Red,14.99,6,10.6,0.34,0.49,3.2,0.078,20,78,0.9992,3.19,0.7,10,0.028533601
Wi02-2136,Red,17.99,6,10.4,0.41,0.55,3.2,0.076,22,54,0.9996,3.15,0.89,9.9,0.030778701
Wi02-2137,Red,17.99,6,7.1,0.27,0.6,2.1,0.074,17,25,0.99814,3.38,0.72,10.6,0.03143705
Wi02-2138,Red,14.99,5,9.3,0.4,0.49,2.5,0.085,38,142,0.9978,3.22,0.55,9.4,0.04
Wi02-2139,Red,24.99,7,8.3,0.3,0.49,3.8,0.09,11,24,0.99498,3.27,0.64,12.1,0.021690045
Wi02-2140,Red,19.99,6,6.9,0.74,0.03,2.3,0.054,7,16,0.99508,3.45,0.63,11.5,0.027051593
Wi02-2141,Red,14.99,5,7.1,0.43,0.42,5.5,0.071,28,128,0.9973,3.42,0.71,10.5,0.037412688
Wi02-2142,Red,14.99,6,9.3,0.36,0.39,1.5,0.08,41,55,0.99652,3.47,0.73,10.9,0.024414063
Wi02-2143,Red,12.99,5,7.1,0.62,0.06,1.3,0.07,5,12,0.9942,3.17,0.48,9.8,0.043584189
Wi02-2144,Red,17.99,6,8.9,0.22,0.48,1.8,0.077,29,60,0.9968,3.39,0.53,9.4,0.027963893
Wi02-2145,Red,17.99,6,7.8,0.34,0.37,2,0.082,24,58,0.9964,3.34,0.59,9.4,0.026353517
Wi02-2146,Red,12.99,5,7.2,0.41,0.3,2.1,0.083,35,72,0.997,3.44,0.52,9.4,0.037703836
Wi02-2147,Red,9.99,5,9.3,0.43,0.44,1.9,0.085,9,22,0.99708,3.28,0.55,9.5,0.034040931
Wi02-2148,Red,12.99,5,10.6,0.83,0.37,2.6,0.086,26,70,0.9981,3.16,0.52,9.9,0.049163967
Wi02-2149,Red,15.99,6,6.9,0.84,0.21,4.1,0.074,16,65,0.99842,3.53,0.72,9.25,0.031325867
Wi02-2150,Red,11.99,5,8.8,0.52,0.34,2.7,0.087,24,122,0.9982,3.26,0.61,9.5,0.039524286
Wi02-2151,Red,24.99,7,12,0.37,0.76,4.2,0.066,7,38,1.0004,3.22,0.6,13,0.019183401
Wi02-2152,Red,13.99,5,8,0.62,0.35,2.8,0.086,28,52,0.997,3.31,0.62,10.8,0.035068524
Wi02-2153,Red,11.99,5,9.9,0.74,0.28,2.6,0.078,21,77,0.998,3.28,0.51,9.8,0.038903089
Wi02-2154,Red,13.99,6,10.5,0.39,0.46,2.2,0.075,14,27,0.99598,3.06,0.84,11.4,0.025847541
Wi02-2155,Red,18.99,6,6.8,0.64,0,2.7,0.123,15,33,0.99538,3.44,0.63,11.3,0.028151885
Wi02-2156,Red,12.99,5,7.2,0.61,0.08,4,0.082,26,108,0.99641,3.25,0.51,9.4,0.03968191
Wi02-2157,Red,13.99,6,10.2,0.54,0.37,15.4,0.214,55,95,1.00369,3.18,0.77,9,0.030778701
Wi02-2158,Red,10.99,5,8.8,0.42,0.21,2.5,0.092,33,88,0.99823,3.19,0.52,9.2,0.044696932
Wi02-2159,Red,14.99,5,6.9,0.58,0.01,1.9,0.08,40,54,0.99683,3.4,0.73,9.7,0.040160481
Wi02-2160,Red,18.99,6,6.2,0.7,0.15,5.1,0.076,13,27,0.99622,3.54,0.6,11.9,0.028151885
Wi02-2161,Red,9.99,5,8.1,0.575,0.22,2.1,0.077,12,65,0.9967,3.29,0.51,9.2,0.046850696
Wi02-2162,Red,9.99,5,7.6,0.41,0.33,2.5,0.078,6,23,0.9957,3.3,0.58,11.2,0.041649313
Wi02-2163,Red,18.99,7,8,0.59,0.16,1.8,0.065,3,16,0.9962,3.42,0.92,10.5,0.018972596
Wi02-2164,Red,13.99,5,11,0.2,0.48,2,0.343,6,18,0.9979,3.3,0.71,10.5,0.033915665
Wi02-2165,Red,8.99,5,7.6,0.55,0.21,2.2,0.071,7,28,0.9964,3.28,0.55,9.7,0.048516369
Wi02-2166,Red,19.99,6,8.2,0.38,0.32,2.5,0.08,24,71,0.99624,3.27,0.85,11,0.025930853
Wi02-2167,Red,6.99,4,7.9,0.885,0.03,1.8,0.058,4,8,0.9972,3.36,0.33,9.1,0.079349335
Wi02-2168,Red,8.99,5,7.2,0.34,0.24,2,0.071,30,52,0.99576,3.44,0.58,10.1,0.041479835
Wi02-2169,Red,13.99,5,11.5,0.42,0.48,2.6,0.077,8,20,0.99852,3.09,0.53,11,0.034040931
Wi02-2170,Red,20.99,7,11.8,0.26,0.52,1.8,0.071,6,10,0.9968,3.2,0.72,10.2,0.019560859
Wi02-2171,Red,14.99,5,8.4,0.29,0.4,1.7,0.067,8,20,0.99603,3.39,0.6,10.5,0.03329959
Wi02-2172,Red,15.99,6,5,0.38,0.01,1.6,0.048,26,60,0.99084,3.7,0.75,14,0.027051593
Wi02-2173,Red,15.99,6,9.9,0.25,0.46,1.7,0.062,26,42,0.9959,3.18,0.83,10.6,0.026439289
Wi02-2174,Red,14.99,6,11.2,0.28,0.56,1.9,0.075,17,60,0.998,3.16,0.58,9.8,0.031325867
Wi02-2175,Red,17.99,6,6.6,0.5,0.04,2.1,0.068,6,14,0.9955,3.39,0.64,9.4,0.028727377
Wi02-2176,Red,17.99,6,7.7,0.57,0.21,1.5,0.069,4,9,0.99458,3.16,0.54,9.8,0.030457255
Wi02-2177,Red,17.99,6,6.8,0.57,0,2.5,0.072,32,64,0.99491,3.43,0.56,11.2,0.032582205
Wi02-2178,Red,13.99,5,7.9,0.18,0.4,1.8,0.062,7,20,0.9941,3.28,0.7,11.1,0.039367599
Wi02-2179,Red,14.99,6,8.2,0.42,0.49,2.6,0.084,32,55,0.9988,3.34,0.75,8.7,0.029320698
Wi02-2180,Red,18.99,6,8,0.62,0.33,2.7,0.088,16,37,0.9972,3.31,0.58,10.7,0.029726516
Wi02-2181,Red,8.99,5,6.6,0.725,0.2,7.8,0.073,29,79,0.9977,3.29,0.54,9.2,0.040160481
Wi02-2182,Red,13.99,6,7.1,0.39,0.12,2.1,0.065,14,24,0.99252,3.3,0.53,13.3,0.029320698
Wi02-2183,Red,10.99,5,8.3,0.705,0.12,2.6,0.092,12,28,0.9994,3.51,0.72,10,0.036281179
Wi02-2184,Red,13.99,6,9,0.39,0.4,1.3,0.044,25,50,0.99478,3.2,0.83,10.9,0.023668639
Wi02-2185,Red,21.99,7,8.1,0.29,0.36,2.2,0.048,35,53,0.995,3.27,1.01,12.4,0.019949567
Wi02-2186,Red,10.99,5,6.6,0.57,0.02,2.1,0.115,6,16,0.99654,3.38,0.69,9.5,0.048946668
Wi02-2187,Red,12.99,5,7.2,0.725,0.05,4.65,0.086,4,11,0.9962,3.41,0.39,10.9,0.037850687
Wi02-2188,Red,18.99,6,7.2,0.52,0.07,1.4,0.074,5,20,0.9973,3.32,0.81,9.6,0.026268161
Wi02-2189,Red,21.99,7,10.1,0.38,0.5,2.4,0.104,6,13,0.99643,3.22,0.65,11.6,0.019451885
Wi02-2190,Red,13.99,5,7.7,0.96,0.2,2,0.047,15,60,0.9955,3.36,0.44,10.9,0.043766741
Wi02-2191,Red,18.99,6,11.3,0.34,0.45,2,0.082,6,15,0.9988,2.94,0.66,9.2,0.029932592
Wi02-2192,Red,6.99,4,5,1.02,0.04,1.4,0.045,41,85,0.9938,3.75,0.48,10.5,0.073842155
Wi02-2193,Red,17.99,6,9.7,0.295,0.4,1.5,0.073,14,21,0.99556,3.14,0.51,10.9,0.032937968
Wi02-2194,Red,20.99,7,8.5,0.34,0.4,4.7,0.055,3,9,0.99738,3.38,0.66,11.6,0.021187832
Wi02-2195,Red,14.99,5,5.6,0.615,0,1.6,0.089,16,59,0.9943,3.58,0.52,9.9,0.040812162
Wi02-2196,Red,13.99,5,8.1,0.87,0,2.2,0.084,10,31,0.99656,3.25,0.5,9.8,0.03379109
Wi02-2197,Red,9.99,5,9.1,0.775,0.22,2.2,0.079,12,48,0.9976,3.18,0.51,9.6,0.036419789
Wi02-2198,Red,15.99,6,7.7,0.58,0.1,1.8,0.102,28,109,0.99565,3.08,0.49,9.8,0.024644564
Wi02-2199,Red,13.99,5,9.9,0.63,0.24,2.4,0.077,6,33,0.9974,3.09,0.57,9.4,0.047672623
Wi02-2200,Red,9.99,5,7.1,0.34,0.28,2,0.082,31,68,0.99694,3.45,0.48,9.4,0.042865287
Wi02-2201,Red,14.99,5,8,0.52,0.25,2,0.078,19,59,0.99612,3.3,0.48,10.2,0.038903089
Wi02-2202,Red,14.99,5,5.6,0.66,0,2.5,0.066,7,15,0.99256,3.52,0.58,12.9,0.037412688
Wi02-2203,Red,9.99,5,6.8,0.68,0.21,2.1,0.07,9,23,0.99546,3.38,0.6,10.3,0.038146973
Wi02-2204,Red,10.99,5,8.7,0.29,0.52,1.6,0.113,12,37,0.9969,3.25,0.58,9.5,0.034040931
Wi02-2205,Red,21.99,7,7.4,0.635,0.1,2.4,0.08,16,33,0.99736,3.58,0.69,10.8,0.01831096
Wi02-2206,Red,23.99,7,8.2,0.33,0.39,2.5,0.074,29,48,0.99528,3.32,0.88,12.4,0.019781572
Wi02-2207,Red,13.99,6,6.9,0.63,0.01,2.4,0.076,14,39,0.99522,3.34,0.53,10.8,0.024262187
Wi02-2208,Red,21.99,7,7.2,0.37,0.32,2,0.062,15,28,0.9947,3.23,0.73,11.3,0.022477517
Wi02-2209,Red,19.99,6,10.9,0.21,0.49,2.8,0.088,11,32,0.9972,3.22,0.68,11.7,0.0256
Wi02-2210,Red,11.99,5,8,0.42,0.32,2.5,0.08,26,122,0.99801,3.22,1.07,9.7,0.037850687
Wi02-2211,Red,10.99,5,7.8,0.59,0.33,2,0.074,24,120,0.9968,3.25,0.54,9.4,0.049382716
Wi02-2212,Red,22.99,7,6.6,0.84,0.03,2.3,0.059,32,48,0.9952,3.52,0.56,12.3,0.02338
Wi02-2213,Red,8.99,4,6.8,0.91,0.06,2,0.06,4,11,0.99592,3.53,0.64,10.9,0.064092293
Wi02-2214,Red,24.99,7,7.1,0.66,0,2.4,0.052,6,11,0.99318,3.35,0.66,12.7,0.019397739
Wi02-2215,Red,15.99,6,6,0.49,0,2.3,0.068,15,33,0.99292,3.58,0.59,12.5,0.030457255
Wi02-2216,Red,9.99,5,7.9,0.43,0.21,1.6,0.106,10,37,0.9966,3.17,0.91,9.5,0.042688341
Wi02-2217,Red,16.99,6,6.1,0.58,0.23,2.5,0.044,16,70,0.99352,3.46,0.65,12.5,0.030457255
Wi02-2218,Red,8.99,5,9.7,0.55,0.17,2.9,0.087,20,53,1.0004,3.14,0.61,9.4,0.045462605
Wi02-2219,Red,17.99,6,9,0.4,0.43,2.4,0.068,29,46,0.9943,3.2,0.6,12.2,0.025436943
Wi02-2220,Red,14.99,6,10,0.42,0.5,3.4,0.107,7,21,0.9979,3.26,0.93,11.8,0.02942137
Wi02-2221,Red,18.99,6,6.6,0.44,0.09,2.2,0.063,9,18,0.99444,3.42,0.69,11.3,0.027230446
Wi02-2222,Red,13.99,6,11.2,0.66,0.24,2.5,0.085,16,53,0.9993,3.06,0.72,11,0.027051593
Wi02-2223,Red,10.99,4,4.6,0.52,0.15,2.1,0.054,8,65,0.9934,3.9,0.56,13.1,0.05806358
Wi02-2224,Red,10.99,5,9.6,0.56,0.23,3.4,0.102,37,92,0.9996,3.3,0.65,10.1,0.038146973
Wi02-2225,Red,8.99,5,9.2,0.59,0.24,3.3,0.101,20,47,0.9988,3.26,0.67,9.6,0.040977561
Wi02-2226,Red,25.99,7,7,0.56,0.17,1.7,0.065,15,24,0.99514,3.44,0.68,10.55,0.017920858
Wi02-2227,Red,18.99,6,9.1,0.28,0.46,9,0.114,3,9,0.99901,3.18,0.6,10.9,0.031548827
Wi02-2228,Red,9.99,5,6.4,0.4,0.23,1.6,0.066,5,12,0.9958,3.34,0.56,9.2,0.046049844
Wi02-2229,Red,19.99,7,8,0.31,0.45,2.1,0.216,5,16,0.99358,3.15,0.81,12.5,0.018114334
Wi02-2230,Red,24.99,7,8.8,0.24,0.35,1.7,0.055,13,27,0.99394,3.14,0.59,11.3,0.020882756
Wi02-2231,Red,15.99,6,8,0.48,0.34,2.2,0.073,16,25,0.9936,3.28,0.66,12.4,0.02750207
Wi02-2232,Red,19.99,7,7.6,0.735,0.02,2.5,0.071,10,14,0.99538,3.51,0.71,11.7,0.020408163
Wi02-2233,Red,16.99,6,7.1,0.35,0.29,2.5,0.096,20,53,0.9962,3.42,0.65,11,0.025436943
Wi02-2234,Red,13.99,5,5.6,0.915,0,2.1,0.041,17,78,0.99346,3.68,0.73,11.4,0.038446751
Wi02-2235,Red,13.99,5,7.5,0.6,0.03,1.8,0.095,25,99,0.995,3.35,0.54,10.1,0.039211842
Wi02-2236,Red,10.99,5,6.7,0.54,0.13,2,0.076,15,36,0.9973,3.61,0.64,9.8,0.04233772
Wi02-2237,Red,13.99,6,9.4,0.33,0.59,2.8,0.079,9,30,0.9976,3.12,0.54,12,0.030245747
Wi02-2238,Red,20.99,7,9.8,0.34,0.39,1.4,0.066,3,7,0.9947,3.19,0.55,11.4,0.018920438
Wi02-2239,Red,19.99,6,10.4,0.24,0.49,1.8,0.075,6,20,0.9977,3.18,1.06,11,0.026014568
Wi02-2240,Red,13.99,6,7.6,0.36,0.31,1.7,0.079,26,65,0.99716,3.46,0.62,9.5,0.025682117
Wi02-2241,Red,25.99,7,11,0.3,0.58,2.1,0.054,7,19,0.998,3.31,0.88,10.5,0.020643414
Wi02-2242,Red,16.99,6,6.6,0.855,0.02,2.4,0.062,15,23,0.99627,3.54,0.6,11,0.024037017
Wi02-2243,Red,19.99,7,10.5,0.51,0.64,2.4,0.107,6,15,0.9973,3.09,0.66,11.8,0.021947874
Wi02-2244,Red,12.99,5,9.5,0.55,0.66,2.3,0.387,12,37,0.9982,3.17,0.67,9.6,0.034166892
Wi02-2245,Red,14.99,6,10.4,0.26,0.48,1.9,0.066,6,10,0.99724,3.33,0.87,10.9,0.027051593
Wi02-2246,Red,15.99,6,7.6,0.41,0.14,3,0.087,21,43,0.9964,3.32,0.57,10.5,0.029829287
Wi02-2247,Red,19.99,6,7.5,0.63,0.27,2,0.083,17,91,0.99616,3.26,0.58,9.8,0.027777778
Wi02-2248,Red,10.99,5,7.1,0.66,0,3.9,0.086,17,45,0.9976,3.46,0.54,9.5,0.047258979
Wi02-2249,Red,18.99,7,7.9,0.65,0.01,2.5,0.078,17,38,0.9963,3.34,0.74,11.7,0.022681086
Wi02-2250,Red,15.99,6,6.2,0.44,0.39,2.5,0.077,6,14,0.99555,3.51,0.69,11,0.025847541
Wi02-2251,Red,16.99,6,8.2,1,0.09,2.3,0.065,7,37,0.99685,3.32,0.55,9,0.025518276
Wi02-2252,Red,25.99,7,7.7,0.58,0.01,1.8,0.088,12,18,0.99568,3.32,0.56,10.5,0.020525283
Wi02-2253,Red,9.99,5,8,0.71,0,2.6,0.08,11,34,0.9976,3.44,0.53,9.5,0.045269353
Wi02-2254,Red,11.99,5,7.1,0.43,0.42,5.5,0.07,29,129,0.9973,3.42,0.72,10.5,0.049163967
Wi02-2255,Red,23.99,7,9.9,0.27,0.49,5,0.082,9,17,0.99484,3.19,0.52,12.5,0.022612923
Wi02-2256,Red,14.99,6,13.4,0.27,0.62,2.6,0.082,6,21,1.0002,3.16,0.67,9.7,0.02618322
Wi02-2257,Red,14.99,6,6.8,0.56,0.22,1.8,0.074,15,24,0.99438,3.4,0.82,11.2,0.025355998
Wi02-2258,Red,10.99,5,6,0.5,0,1.4,0.057,15,26,0.99448,3.36,0.45,9.5,0.042164026
Wi02-2259,Red,11.99,5,6.8,0.48,0.08,1.8,0.074,40,64,0.99529,3.12,0.49,9.6,0.038146973
Wi02-2260,Red,8.99,5,8.4,0.745,0.11,1.9,0.09,16,63,0.9965,3.19,0.82,9.6,0.03317839
Wi02-2261,Red,8.99,5,7.2,0.695,0.13,2,0.076,12,20,0.99546,3.29,0.54,10.1,0.03354399
Wi02-2262,Red,12.99,5,7.1,0.43,0.17,1.8,0.082,27,51,0.99634,3.49,0.64,10.4,0.048946668
Wi02-2263,Red,19.99,6,6.1,0.48,0.09,1.7,0.078,18,30,0.99402,3.45,0.54,11.2,0.028533601
Wi02-2264,Red,14.99,6,9.4,0.43,0.24,2.8,0.092,14,45,0.998,3.19,0.73,10,0.027320538
Wi02-2265,Red,18.99,7,11.1,0.31,0.49,2.7,0.094,16,47,0.9986,3.12,1.02,10.6,0.021754075
Wi02-2266,Red,13.99,6,10.1,0.28,0.46,1.8,0.05,5,13,0.9974,3.04,0.79,10.2,0.028630243
Wi02-2267,Red,9.99,5,7.8,0.43,0.32,2.8,0.08,29,58,0.9974,3.31,0.64,10.3,0.041311389
Wi02-2268,Red,8.99,5,7.2,0.635,0.07,2.6,0.077,16,86,0.99748,3.51,0.54,9.7,0.038903089
Wi02-2269,Red,19.99,6,7.6,0.36,0.31,1.7,0.079,26,65,0.99716,3.46,0.62,9.5,0.027777778
Wi02-2270,Red,25.99,7,10.6,0.36,0.57,2.3,0.087,6,20,0.99676,3.14,0.72,11.1,0.022887433
Wi02-2271,Red,8.99,5,6.7,0.54,0.13,2,0.076,15,36,0.9973,3.61,0.64,9.8,0.036006323
Wi02-2272,Red,13.99,6,7.1,0.46,0.2,1.9,0.077,28,54,0.9956,3.37,0.64,10.4,0.027051593
Wi02-2273,Red,9.99,5,10.2,0.42,0.57,3.4,0.07,4,10,0.9971,3.04,0.63,9.6,0.048091721
Wi02-2274,Red,6.99,3,11.6,0.58,0.66,2.2,0.074,10,47,1.0008,3.25,0.57,9,0.15500031
Wi02-2275,Red,17.99,6,11.1,0.44,0.42,2.2,0.064,14,19,0.99758,3.25,0.57,10.4,0.031105263
Wi02-2276,Red,19.99,6,11.3,0.36,0.66,2.4,0.123,3,8,0.99642,3.2,0.53,11.9,0.027140798
Wi02-2277,Red,14.99,6,6.4,0.36,0.21,2.2,0.047,26,48,0.99661,3.47,0.77,9.7,0.030563842
Wi02-2278,Red,19.99,6,10.9,0.39,0.47,1.8,0.118,6,14,0.9982,3.3,0.75,9.8,0.027140798
Wi02-2279,Red,13.99,6,7.2,0.66,0.33,2.5,0.068,34,102,0.99414,3.27,0.78,12.8,0.032348222
Wi02-2280,Red,12.99,5,8.6,0.52,0.38,1.5,0.096,5,18,0.99666,3.2,0.52,9.4,0.035870064
Wi02-2281,Red,14.99,5,7.5,0.65,0.18,7,0.088,27,94,0.99915,3.38,0.77,9.4,0.034807307
Wi02-2282,Red,14.99,6,6.8,0.49,0.22,2.3,0.071,13,24,0.99438,3.41,0.83,11.3,0.028057653
Wi02-2283,Red,13.99,5,10,0.32,0.59,2.2,0.077,3,15,0.9994,3.2,0.78,9.6,0.034677791
Wi02-2284,Red,17.99,6,6.8,0.64,0,2.7,0.123,15,33,0.99538,3.44,0.63,11.3,0.024037017
Wi02-2285,Red,14.99,6,7,0.38,0.49,2.5,0.097,33,85,0.9962,3.39,0.77,11.4,0.032001946
Wi02-2286,Red,15.99,6,7.3,0.52,0.32,2.1,0.07,51,70,0.99418,3.34,0.82,12.9,0.0316612
Wi02-2287,Red,10.99,4,5.6,0.62,0.03,1.5,0.08,6,13,0.99498,3.66,0.62,10.1,0.07802503
Wi02-2288,Red,11.99,5,8.8,0.59,0.18,2.9,0.089,12,74,0.99738,3.14,0.54,9.4,0.044508537
Wi02-2289,Red,16.99,6,13.2,0.46,0.52,2.2,0.071,12,35,1.0006,3.1,0.56,9,0.032232175
Wi02-2290,Red,19.99,6,8.1,0.545,0.18,1.9,0.08,13,35,0.9972,3.3,0.59,9,0.025436943
Wi02-2291,Red,14.99,5,7.9,0.5,0.33,2,0.084,15,143,0.9968,3.2,0.55,9.5,0.03329959
Wi02-2292,Red,14.99,6,8.3,0.6,0.13,2.6,0.085,6,24,0.9984,3.31,0.59,9.2,0.024567369
Wi02-2293,Red,11.99,5,7.4,0.49,0.19,3,0.077,16,37,0.9966,3.37,0.51,10.5,0.037850687
Wi02-2294,Red,8.99,5,8.5,0.21,0.52,1.9,0.09,9,23,0.99648,3.36,0.67,10.4,0.038146973
Wi02-2295,Red,12.99,5,7.8,0.41,0.68,1.7,0.467,18,69,0.9973,3.08,1.31,9.3,0.040160481
Wi02-2296,Red,14.99,5,9.9,0.59,0.07,3.4,0.102,32,71,1.00015,3.31,0.71,9.8,0.047258979
Wi02-2297,Red,18.99,7,7.9,0.2,0.35,1.7,0.054,7,15,0.99458,3.32,0.8,11.9,0.023451663
Wi02-2298,Red,14.99,5,9.9,0.54,0.26,2,0.111,7,60,0.99709,2.94,0.98,10.2,0.042164026
Wi02-2299,Red,18.99,6,10.3,0.59,0.42,2.8,0.09,35,73,0.999,3.28,0.7,9.5,0.029829287
Wi02-2300,Red,17.99,6,13.7,0.415,0.68,2.9,0.085,17,43,1.0014,3.06,0.8,10,0.028533601
Wi02-2301,Red,24.99,7,6.7,0.28,0.28,2.4,0.012,36,100,0.99064,3.26,0.39,11.7,0.023096608
Wi02-2302,Red,8.99,5,7.2,0.695,0.13,2,0.076,12,20,0.99546,3.29,0.54,10.1,0.037703836
Wi02-2303,Red,10.99,5,8.8,0.61,0.14,2.4,0.067,10,42,0.9969,3.19,0.59,9.5,0.044508537
Wi02-2304,Red,14.99,5,7.2,0.655,0.03,1.8,0.078,7,12,0.99587,3.34,0.39,9.5,0.041649313
Wi02-2305,Red,13.99,5,8.4,0.62,0.09,2.2,0.084,11,108,0.9964,3.15,0.66,9.8,0.048730806
Wi02-2306,Red,13.99,5,8.5,0.34,0.44,1.7,0.079,6,12,0.99605,3.52,0.63,10.7,0.035068524
Wi02-2307,Red,16.99,6,7.1,0.16,0.44,2.5,0.068,17,31,0.99328,3.35,0.54,12.4,0.031105263
Wi02-2308,Red,8.99,5,8.7,0.675,0.1,1.6,0.09,4,11,0.99745,3.31,0.65,9.55,0.042512488
Wi02-2309,Red,6.99,4,5.7,1.13,0.09,1.5,0.172,7,19,0.994,3.5,0.48,9.8,0.072652771
Wi02-2310,Red,10.99,5,7.7,0.54,0.26,1.9,0.089,23,147,0.99636,3.26,0.59,9.7,0.041311389
Wi02-2311,Red,17.99,6,7.3,0.305,0.39,1.2,0.059,7,11,0.99331,3.29,0.52,11.5,0.030457255
Wi02-2312,Red,17.99,6,9,0.43,0.34,2.5,0.08,26,86,0.9987,3.38,0.62,9.5,0.027230446
Wi02-2313,Red,9.99,5,8,0.28,0.44,1.8,0.081,28,68,0.99501,3.36,0.66,11.2,0.044135301
Wi02-2314,Red,13.99,5,9.3,0.655,0.26,2,0.096,5,35,0.99738,3.25,0.42,9.6,0.036281179
Wi02-2315,Red,14.99,6,8.3,0.66,0.15,1.9,0.079,17,42,0.9972,3.31,0.54,9.6,0.026699133
Wi02-2316,Red,9.99,5,7.4,0.6,0.26,7.3,0.07,36,121,0.9982,3.37,0.49,9.4,0.033915665
Wi02-2317,Red,16.99,6,8.2,0.635,0.1,2.1,0.073,25,60,0.99638,3.29,0.75,10.9,0.032582205
Wi02-2318,Red,14.99,5,7.4,0.74,0.07,1.7,0.086,15,48,0.99502,3.12,0.48,10,0.037998396
Wi02-2319,Red,12.99,5,10.6,1.025,0.43,2.8,0.08,21,84,0.9985,3.06,0.57,10.1,0.041479835
Wi02-2320,Red,26.99,7,10.4,0.33,0.63,2.8,0.084,5,22,0.9998,3.26,0.74,11.2,0.021818388
Wi02-2321,Red,15.99,6,6.5,0.63,0.33,1.8,0.059,16,28,0.99531,3.36,0.64,10.1,0.028246593
Wi02-2322,Red,17.99,6,6.9,0.54,0.04,3,0.077,7,27,0.9987,3.69,0.91,9.4,0.032001946
Wi02-2323,Red,9.99,5,7.7,0.39,0.12,1.7,0.097,19,27,0.99596,3.16,0.49,9.4,0.045269353
Wi02-2324,Red,13.99,6,7.4,0.785,0.19,5.2,0.094,19,98,0.99713,3.16,0.52,9.6,0.032116751
Wi02-2325,Red,26.99,7,7.2,0.38,0.38,2.8,0.068,23,42,0.99356,3.34,0.72,12.9,0.023523655
Wi02-2326,Red,11.99,5,8.6,0.47,0.27,2.3,0.055,14,28,0.99516,3.18,0.8,11.2,0.037850687
Wi02-2327,Red,18.99,6,12.5,0.37,0.55,2.6,0.083,25,68,0.9995,3.15,0.82,10.4,0.026612094
Wi02-2328,Red,12.99,5,6.6,0.63,0,4.3,0.093,51,77.5,0.99558,3.2,0.45,9.5,0.036559195
Wi02-2329,Red,13.99,6,13.3,0.34,0.52,3.2,0.094,17,53,1.0014,3.05,0.81,9.5,0.032232175
Wi02-2330,Red,18.99,7,10.5,0.42,0.66,2.95,0.116,12,29,0.997,3.24,0.75,11.7,0.022681086
Wi02-2331,Red,26.99,7,7.4,0.25,0.29,2.2,0.054,19,49,0.99666,3.4,0.76,10.9,0.01831096
Wi02-2332,Red,15.99,6,7.3,0.4,0.3,1.7,0.08,33,79,0.9969,3.41,0.65,9.5,0.023741634
Wi02-2333,Red,13.99,5,6.1,0.705,0.1,2.8,0.081,13,28,0.99631,3.6,0.66,10.2,0.037557839
Wi02-2334,Red,13.99,5,7.6,0.43,0.29,2.1,0.075,19,66,0.99718,3.4,0.64,9.5,0.03968191
Wi02-2335,Red,15.99,6,8.9,0.29,0.35,1.9,0.067,25,57,0.997,3.18,1.36,10.3,0.025682117
Wi02-2336,Red,9.99,5,10.3,0.44,0.5,4.5,0.107,5,13,0.998,3.28,0.83,11.5,0.036559195
Wi02-2337,Red,14.99,5,11.9,0.38,0.49,2.7,0.098,12,42,1.0004,3.16,0.61,10.3,0.038446751
Wi02-2338,Red,18.99,6,8.6,0.49,0.28,1.9,0.11,20,136,0.9972,2.93,1.95,9.9,0.028246593
Wi01-1000,White,16.99,6,5.9,0.28,0.14,8.6,0.032,30,142,0.99542,3.28,0.44,9.5,0.028923134
Wi01-1001,White,19.99,6,6.8,0.22,0.29,8.9,0.046,82,188,0.9955,3.3,0.44,10.3,0.027593514
Wi01-1002,White,24.99,7,6,0.34,0.24,5.4,0.06,23,126,0.9951,3.25,0.44,9,0.020882756
Wi01-1003,White,15.99,6,7.3,0.21,0.21,1.6,0.046,35,133,0.99466,3.38,0.46,10,0.025847541
Wi01-1004,White,19.99,6,5.7,0.44,0.13,7,0.025,28,173,0.9913,3.33,0.48,12.5,0.030670989
Wi01-1005,White,13.99,6,7.6,0.3,0.22,10.2,0.049,57,191,0.9966,3.08,0.4,9.3,0.027230446
Wi01-1006,White,21.99,7,7.3,0.33,0.4,6.85,0.038,32,138,0.992,3.03,0.3,11.9,0.022818339
Wi01-1007,White,9.99,5,6.8,0.34,0.44,6.6,0.052,28,156,0.9955,3.14,0.41,9.6,0.047258979
Wi01-1008,White,22.99,7,5.8,0.35,0.29,3.2,0.034,41,151,0.9912,3.35,0.58,11.63333333,0.018561278
Wi01-1009,White,10.99,4,6.3,0.38,0.17,8.8,0.08,50,212,0.99803,3.47,0.66,9.4,0.051418905
Wi01-1010,White,21.99,7,6.5,0.14,0.32,2.7,0.037,18,89,0.9924,3.4,0.74,11.5,0.020349979
Wi01-1011,White,18.99,6,6.6,0.23,0.2,11.4,0.044,45,131,0.99604,2.96,0.51,9.7,0.029522561
Wi01-1012,White,25.99,7,8,0.45,0.28,10.8,0.051,25,157,0.9957,3.06,0.47,11.4,0.022343323
Wi01-1013,White,9.99,4,7.2,0.31,0.46,5,0.04,3,29,0.9906,3.04,0.53,12.5,0.069618006
Wi01-1014,White,18.99,6,6.2,0.47,0.19,8.3,0.029,24,142,0.992,3.22,0.45,12.3,0.024337947
Wi01-1015,White,18.99,6,7.3,0.17,0.23,6.3,0.051,35,240,0.9963,3.36,0.54,10,0.02609869
Wi01-1016,White,18.99,6,6.8,0.33,0.31,7.4,0.045,34,143,0.99226,3.06,0.55,12.2,0.024957012
Wi01-1017,White,21.99,7,6.1,0.3,0.32,2.2,0.042,41,142,0.98952,3.31,0.44,12.7,0.022818339
Wi01-1018,White,10.99,5,7.9,0.18,0.37,1.2,0.04,16,75,0.992,3.18,0.63,10.8,0.046447681
Wi01-1019,White,8.99,5,7.6,0.48,0.31,9.4,0.046,6,194,0.99714,3.07,0.61,9.4,0.033421455
Wi01-1020,White,11.99,5,8.3,0.21,0.41,2.2,0.05,24,108,0.994,2.85,0.45,9.5,0.04507733
Wi01-1021,White,14.99,6,6.3,0.3,0.34,1.6,0.049,14,132,0.994,3.3,0.49,9.5,0.029726516
Wi01-1022,White,10.99,5,6.2,0.3,0.17,2.8,0.04,24,125,0.9939,3.01,0.46,9,0.035200237
Wi01-1023,White,8.99,5,6.5,0.26,0.32,6.65,0.059,34,104,0.99254,3.18,0.42,11.1,0.045657097
Wi01-1024,White,9.99,5,8,0.28,0.42,7.1,0.045,41,169,0.9959,3.17,0.43,10.6,0.040160481
Wi01-1025,White,17.99,6,6.4,0.18,0.48,18,0.054,56,183,1.00038,2.98,0.61,8.5,0.028151885
Wi01-1026,White,14.99,6,6.6,0.42,0.33,2.8,0.034,15,85,0.99,3.28,0.51,13.4,0.027593514
Wi01-1027,White,16.99,6,7.8,0.42,0.26,9.2,0.058,34,199,0.9972,3.14,0.55,9.3,0.024644564
Wi01-1028,White,13.99,6,6.6,0.27,0.49,7.8,0.049,62,217,0.9959,3.17,0.45,9.4,0.029220542
Wi01-1029,White,14.99,6,5.9,0.24,0.34,2,0.037,40,108,0.98948,3.19,0.5,12.3,0.024878345
Wi01-1030,White,13.99,6,6.8,0.24,0.34,2.7,0.047,64.5,218.5,0.9934,3.3,0.58,9.7,0.032700149
Wi01-1031,White,16.99,6,7.5,0.14,0.74,1.6,0.035,21,126,0.9933,3.26,0.45,10.2,0.029726516
Wi01-1032,White,21.99,7,6.8,0.16,0.4,2.3,0.037,18,102,0.9923,3.49,0.42,11.4,0.021374098
Wi01-1033,White,15.99,6,7.5,0.35,0.37,2.5,0.066,29,89,0.98964,3.14,0.42,12.7,0.024337947
Wi01-1034,White,17.99,6,7.2,0.24,0.29,3,0.036,17,117,0.99411,3.36,0.68,10.1,0.032700149
Wi01-1035,White,17.99,6,6.8,0.11,0.27,8.6,0.044,45,104,0.99454,3.2,0.37,9.9,0.023888641
Wi01-1036,White,15.99,6,7.4,0.22,0.26,8.8,0.027,23,112,0.9931,2.98,0.41,11.4,0.032001946
Wi01-1037,White,11.99,5,6.6,0.24,0.28,1.8,0.028,39,132,0.99182,3.34,0.46,11.4,0.035870064
Wi01-1038,White,8.99,5,8.6,0.31,0.3,0.9,0.045,16,109,0.99249,2.95,0.39,10.1,0.040647763
Wi01-1039,White,16.99,6,6.4,0.25,0.32,11.3,0.038,69,192,0.99573,3.14,0.5,10.2,0.029522561
Wi01-1040,White,15.99,6,8.1,0.12,0.49,1.2,0.042,43,160,0.9934,3.13,0.48,9.7,0.030245747
Wi01-1041,White,22.99,7,7.4,0.13,0.39,4.7,0.042,36,137,0.995,3.36,0.56,10.3,0.018765247
Wi01-1042,White,19.99,7,6.6,0.22,0.35,1.4,0.05,23,83,0.99019,3.17,0.48,12,0.018972596
Wi01-1043,White,29.99,8,7.6,0.2,0.3,14.2,0.056,53,212.5,0.999,3.14,0.46,8.9,0.014621401
Wi01-1044,White,21.99,7,6.1,0.44,0.28,4.25,0.032,43,132,0.9916,3.26,0.47,11.3,0.018972596
Wi01-1045,White,14.99,6,6.8,0.17,0.17,5.1,0.049,26,82,0.993,3,0.38,9.8,0.033057851
Wi01-1046,White,14.99,6,6.7,0.24,0.39,2.9,0.173,63,157,0.9937,3.1,0.34,9.4,0.02942137
Wi01-1047,White,11.99,5,6.15,0.21,0.37,3.2,0.021,20,80,0.99076,3.39,0.47,12,0.046248121
Wi01-1048,White,9.99,5,7.4,0.33,0.26,15.6,0.049,67,210,0.99907,3.06,0.68,9.5,0.033421455
Wi01-1049,White,25.99,8,6.8,0.53,0.35,3.8,0.034,26,109,0.9906,3.26,0.57,12.7,0.016063715
Wi01-1050,White,26.99,7,5.6,0.19,0.31,2.7,0.027,11,100,0.98964,3.46,0.4,13.2,0.023026566
Wi01-1051,White,34.99,8,7,0.36,0.32,10.5,0.045,35,135,0.9935,3.09,0.33,11.6,0.01735867
Wi01-1052,White,6.99,4,9.2,0.16,0.49,2,0.044,18,107,0.99514,3.1,0.53,10.2,0.061572942
Wi01-1053,White,15.99,6,6.4,0.25,0.74,7.8,0.045,52,209,0.9956,3.21,0.42,9.2,0.029522561
Wi01-1054,White,8.99,5,7.6,0.26,0.58,7.9,0.041,62,180,0.9966,3.07,0.38,9,0.03329959
Wi01-1055,White,15.99,6,6.3,0.23,0.33,1.5,0.036,15,105,0.991,3.32,0.42,11.2,0.024567369
Wi01-1056,White,17.99,6,6.3,0.2,0.26,1.6,0.027,36,141,0.99268,3.53,0.56,10.8,0.027320538
Wi01-1057,White,14.99,5,6.4,0.43,0.32,1.4,0.048,10,67,0.992,3.08,0.41,11.4,0.034937549
Wi01-1058,White,12.99,5,8.1,0.46,0.31,1.7,0.052,50,183,0.9923,3.03,0.42,11.2,0.038296422
Wi01-1059,White,16.99,6,8,0.2,0.3,8.1,0.037,42,130,0.99379,3.1,0.67,11.8,0.024037017
Wi01-1060,White,8.99,5,7.1,0.31,0.25,11.2,0.048,32,136,0.99663,3.14,0.4,9.5,0.049163967
Wi01-1061,White,16.99,6,5.5,0.16,0.31,1.2,0.026,31,68,0.9898,3.33,0.44,11.63333333,0.028533601
Wi01-1062,White,19.99,6,6.4,0.27,0.3,1.6,0.04,19,86,0.99089,3.32,0.65,11.5,0.030351224
Wi01-1063,White,20.99,7,5.4,0.415,0.19,1.6,0.039,27,88,0.99265,3.54,0.41,10,0.022612923
Wi01-1064,White,9.99,5,7.7,0.43,0.37,10,0.169,22,210,0.99776,3.02,0.64,9.5,0.048091721
Wi01-1065,White,22.99,7,7.6,0.48,0.33,7,0.024,14,130,0.9918,3.25,0.45,12.5,0.019893332
Wi01-1066,White,6.99,4,8.2,0.26,0.44,1.3,0.046,7,69,0.9944,3.14,0.62,10.2,0.074245113
Wi01-1067,White,23.99,7,7.1,0.36,0.28,2.4,0.036,35,115,0.98936,3.19,0.44,13.5,0.020584221
Wi01-1068,White,17.99,6,6.7,0.16,0.32,12.5,0.035,18,156,0.99666,2.88,0.36,9,0.031887755
Wi01-1069,White,16.99,6,6,0.22,0.25,11.1,0.056,112,177,0.9961,3.08,0.36,9.4,0.023668639
Wi01-1070,White,13.99,5,7.3,0.32,0.35,1.4,0.05,8,163,0.99244,3.24,0.42,10.7,0.034677791
Wi01-1071,White,24.99,7,6.1,0.32,0.24,1.5,0.036,38,124,0.9898,3.29,0.42,12.4,0.021690045
Wi01-1072,White,16.99,6,7,0.33,0.78,9.9,0.042,21,251,0.99435,3.01,0.55,11,0.029320698
Wi01-1073,White,18.99,6,7,0.26,0.46,15.55,0.037,61,171,0.9986,2.94,0.35,8.8,0.030670989
Wi01-1074,White,19.99,6,7.5,0.24,0.29,1.1,0.046,34,84,0.9902,3.04,0.39,11.45,0.027870602
Wi01-1075,White,19.99,7,6,0.28,0.27,15.5,0.036,31,134,0.99408,3.19,0.44,13,0.022210327
Wi01-1076,White,8.99,5,7.4,0.22,0.28,9,0.046,22,121,0.99468,3.1,0.55,10.8,0.039840479
Wi01-1077,White,17.99,6,6.8,0.23,0.32,1.6,0.026,43,147,0.9904,3.29,0.54,12.5,0.026962826
Wi01-1078,White,14.99,5,5.9,0.35,0.47,2.2,0.11,14,138,0.9932,3.09,0.5,9.1,0.048946668
Wi01-1079,White,18.99,6,6.3,0.26,0.24,7.2,0.039,38,172,0.9958,3.49,0.64,9.7,0.024111724
Wi01-1080,White,14.99,6,6.6,0.24,0.29,2,0.023,19,86,0.99,3.25,0.45,12.5,0.029624275
Wi01-1081,White,13.99,6,6.6,0.21,0.49,18.15,0.042,41,158,0.9997,3.28,0.39,8.7,0.028825006
Wi01-1082,White,16.99,6,7,0.25,0.32,9,0.046,56,245,0.9955,3.25,0.5,10.4,0.030036434
Wi01-1083,White,10.99,4,7.4,0.28,0.4,11.9,0.032,13,92,0.99629,3.01,0.46,10.8,0.053090955
Wi01-1084,White,19.99,6,8.3,0.17,0.31,1.5,0.049,48,153,0.9942,3.12,0.58,9.4,0.032700149
Wi01-1085,White,18.99,6,5.8,0.27,0.22,12.7,0.058,42,206,0.9946,3.32,0.38,12.3,0.02618322
Wi01-1086,White,8.99,5,6.5,0.315,0.2,6.6,0.041,9,126,0.99494,2.94,0.51,8.8,0.049382716
Wi01-1087,White,16.99,6,6.6,0.17,0.3,1.1,0.031,13,73,0.99095,3.17,0.58,11,0.027230446
Wi01-1088,White,11.99,5,9.2,0.28,0.46,3.2,0.058,39,133,0.996,3.14,0.58,9.5,0.036982249
Wi01-1089,White,10.99,5,7.6,0.36,0.49,11.3,0.046,87,221,0.9984,3.01,0.43,9.2,0.046248121
Wi01-1090,White,22.99,7,6.4,0.15,0.4,1.5,0.042,23,87,0.98972,3.11,0.46,12.2,0.02359598
Wi01-1091,White,16.99,6,6.4,0.28,0.43,7.1,0.045,60,221,0.9952,3.09,0.45,9.4,0.023962657
Wi01-1092,White,14.99,5,7.5,0.2,0.47,16.9,0.052,51,188,0.99944,3.09,0.62,9.3,0.036006323
Wi01-1093,White,13.99,5,5.8,0.29,0.05,0.8,0.038,11,30,0.9924,3.36,0.35,9.2,0.034293553
Wi01-1094,White,18.99,7,5.6,0.18,0.58,1.25,0.034,29,129,0.98984,3.51,0.6,12,0.018017206
Wi01-1095,White,9.99,5,6.5,0.26,0.34,1.4,0.04,25,184,0.99216,3.29,0.46,10.7,0.038146973
Wi01-1096,White,9.99,5,7,0.44,0.24,12.1,0.056,68,210,0.99718,3.05,0.5,9.5,0.044696932
Wi01-1097,White,17.99,6,7,0.55,0.05,8,0.036,19,164,0.99269,3.26,0.46,12.2,0.024567369
Wi01-1098,White,24.99,7,5.4,0.22,0.29,1.2,0.045,69,152,0.99178,3.76,0.63,11,0.018360617
Wi01-1099,White,8.99,5,8.4,0.31,0.31,0.95,0.021,52,148,0.99038,2.93,0.32,11.5,0.035870064
Wi01-1100,White,13.99,6,7.3,0.21,0.3,10.9,0.037,18,112,0.997,3.4,0.5,9.6,0.027870602
Wi01-1101,White,14.99,5,5.9,0.32,0.26,1.5,0.057,17,141,0.9917,3.24,0.36,10.7,0.040484355
Wi01-1102,White,19.99,7,8,0.22,0.42,14.6,0.044,45,163,1.0003,3.21,0.69,8.6,0.019615689
Wi01-1103,White,23.99,7,6.1,0.24,0.26,1.7,0.033,61,134,0.9903,3.19,0.81,11.9,0.021690045
Wi01-1104,White,10.99,5,7,0.31,0.39,7.5,0.055,42,218,0.99652,3.37,0.54,10.3,0.034677791
Wi01-1105,White,11.99,5,6.4,0.23,0.35,10.3,0.042,54,140,0.9967,3.23,0.47,9.2,0.034548997
Wi01-1106,White,8.99,5,8.4,0.35,0.71,12.2,0.046,22,160,0.9982,2.98,0.65,9.4,0.038296422
Wi01-1107,White,18.99,6,7.6,0.29,0.58,17.5,0.041,51,225,0.9997,3.16,0.66,9.5,0.023962657
Wi01-1108,White,11.99,5,7.4,0.25,0.37,13.5,0.06,52,192,0.9975,3,0.44,9.1,0.039367599
Wi01-1109,White,19.99,6,7.4,0.24,0.42,14,0.066,48,198,0.9979,2.89,0.42,8.9,0.028630243
Wi01-1110,White,26.99,7,6.7,0.21,0.34,1.5,0.035,45,123,0.98949,3.24,0.36,12.6,0.022749557
Wi01-1111,White,16.99,6,9.2,0.14,0.37,1.1,0.034,36,84,0.99136,3.05,0.55,11.6,0.025355998
Wi01-1112,White,12.99,5,6.8,0.31,0.19,3.5,0.086,30,130,0.993,2.83,0.44,9.6,0.03317839
Wi01-1113,White,20.99,7,6.7,0.35,0.32,9,0.032,29,113,0.99188,3.13,0.65,12.9,0.02359598
Wi01-1114,White,14.99,5,9.3,0.34,0.49,7.3,0.052,30,146,0.998,3.17,0.61,10.2,0.036143359
Wi01-1115,White,13.99,6,6.5,0.24,0.38,1,0.027,31,90,0.98926,3.24,0.36,12.3,0.030995834
Wi01-1116,White,16.99,6,6.1,0.41,0,1.6,0.063,36,87,0.9914,3.27,0.67,10.8,0.031215273
Wi01-1117,White,16.99,6,7.9,0.18,0.36,5.9,0.058,31,132,0.995,3.25,0.52,10.9,0.026612094
Wi01-1118,White,12.99,5,6.6,0.4,0.46,6.2,0.056,42,241,0.9968,3.5,0.6,9.9,0.049382716
Wi01-1119,White,14.99,5,7.4,0.38,0.27,7.5,0.041,24,160,0.99535,3.17,0.43,10,0.043950441
Wi01-1120,White,9.99,5,7.2,0.31,0.5,13.3,0.056,68,195,0.9982,3.01,0.47,9.2,0.035465898
Wi01-1121,White,15.99,6,8.1,0.29,0.49,7.1,0.042,22,124,0.9944,3.14,0.41,10.8,0.030886981
Wi01-1122,White,9.99,5,7,0.14,0.28,1.3,0.026,10,56,0.99352,3.46,0.45,9.9,0.048516369
Wi01-1123,White,10.99,5,7.5,0.28,0.41,1.3,0.044,11,126,0.99293,3.28,0.45,10.3,0.036982249
Wi01-1124,White,15.99,6,7.6,0.18,0.28,7.1,0.041,29,110,0.99652,3.2,0.42,9.2,0.030670989
Wi01-1125,White,15.99,6,8.4,0.16,0.33,1.5,0.033,16,98,0.994,3.14,0.42,9.7,0.030140818
Wi01-1126,White,16.99,6,7.4,0.3,0.22,5.25,0.053,33,180,0.9926,3.13,0.45,11.6,0.023962657
Wi01-1127,White,15.99,6,6.8,0.15,0.41,12.9,0.044,79.5,182,0.99742,3.24,0.78,10.2,0.031325867
Wi01-1128,White,15.99,6,6.6,0.23,0.32,1.7,0.024,26,102,0.99084,3.29,0.6,11.8,0.0256
Wi01-1129,White,19.99,6,6.4,0.17,0.27,9.9,0.047,26,101,0.99596,3.34,0.5,9.9,0.032582205
Wi01-1130,White,18.99,6,6.5,0.22,0.72,6.8,0.042,33,168,0.9958,3.12,0.36,9.2,0.02576463
Wi01-1131,White,8.99,5,6,0.32,0.3,7.3,0.174,46,159,0.99519,3.18,0.49,9.4,0.044696932
Wi01-1132,White,26.99,7,5.4,0.5,0.13,5,0.028,12,107,0.99079,3.48,0.88,13.5,0.018920438
Wi01-1133,White,11.99,5,6.4,0.24,0.29,1,0.038,18,122,0.9906,3.3,0.42,11.5,0.041143967
Wi01-1134,White,15.99,6,6,0.19,0.26,12.4,0.048,50,147,0.9972,3.3,0.36,8.9,0.023668639
Wi01-1135,White,19.99,6,8,0.23,0.46,1.5,0.03,30,125,0.9907,3.23,0.47,12.5,0.030670989
Wi01-1136,White,23.99,7,8.7,0.23,0.32,13.4,0.044,35,169,0.99975,3.12,0.47,8.8,0.021311737
Wi01-1137,White,9.99,5,6,0.33,0.26,5.1,0.051,16,119,0.99416,3.15,0.41,9.2,0.038750078
Wi01-1138,White,17.99,6,6,0.33,0.38,9.7,0.04,29,124,0.9954,3.47,0.48,11,0.027140798
Wi01-1139,White,25.99,7,7.1,0.28,0.28,8.5,0.03,25,191,0.99338,3.16,0.46,12.2,0.020006042
Wi01-1140,White,19.99,6,8.5,0.25,0.27,4.7,0.031,31,92,0.9922,3.01,0.33,12,0.025436943
Wi01-1141,White,16.99,6,6.8,0.22,0.49,0.9,0.052,26,128,0.991,3.25,0.35,11.4,0.026699133
Wi01-1142,White,15.99,6,6.5,0.2,0.35,3.9,0.04,27,140,0.99102,2.98,0.53,11.8,0.032001946
Wi01-1143,White,17.99,6,6.6,0.23,0.2,11.4,0.044,45,131,0.99604,2.96,0.51,9.7,0.027593514
Wi01-1144,White,13.99,5,8.4,0.57,0.44,10.7,0.051,46,195,0.9981,3.15,0.51,10.4,0.033915665
Wi01-1145,White,20.99,7,7.2,0.23,0.39,2.3,0.033,29,102,0.9908,3.26,0.54,12.3,0.022144274
Wi01-1146,White,9.99,4,7,0.39,0.24,1,0.048,8,119,0.9923,3,0.31,10.1,0.053336462
Wi01-1147,White,16.99,6,6.1,0.37,0.46,12,0.042,61,210,0.997,3.17,0.59,9.7,0.029120898
Wi01-1148,White,12.99,5,7.8,0.29,0.29,3.15,0.044,41,117,0.99153,3.24,0.35,11.5,0.038296422
Wi01-1149,White,28.99,8,6.9,0.3,0.33,4.1,0.035,26,155,0.9925,3.25,0.79,12.3,0.016866251
Wi01-1150,White,16.99,6,6.1,0.3,0.56,2.7,0.046,46,184,0.9924,3.31,0.57,10.9,0.024262187
Wi01-1151,White,8.99,5,7.9,0.2,0.49,1.6,0.053,15,144,0.993,3.16,0.47,10.5,0.048516369
Wi01-1152,White,17.99,6,7,0.2,0.49,5.9,0.038,39,128,0.9938,3.21,0.48,10.8,0.031548827
Wi01-1153,White,13.99,6,5.7,0.36,0.34,4.2,0.026,21,77,0.9907,3.41,0.45,11.9,0.027411078
Wi01-1154,White,11.99,5,8,0.27,0.24,1.2,0.044,20,102,0.9929,3.28,0.42,10.9,0.03329959
Wi01-1155,White,26.99,7,6.6,0.4,0.32,1.7,0.035,39,84,0.99096,3.59,0.48,12.7,0.021311737
Wi01-1156,White,10.99,5,6.9,0.27,0.49,23.5,0.057,59,235,1.0024,2.98,0.47,8.6,0.041143967
Wi01-1157,White,17.99,6,7.6,0.3,0.27,10.6,0.039,31,119,0.99815,3.27,0.3,9.3,0.027870602
Wi01-1158,White,11.99,5,7.6,0.2,0.68,12.9,0.042,56,160,0.99841,3.05,0.41,8.7,0.046648536
Wi01-1159,White,20.99,7,5.5,0.32,0.45,4.9,0.028,25,191,0.9922,3.51,0.49,11.5,0.019560859
Wi01-1160,White,13.99,5,7.4,0.26,0.37,9.4,0.047,42,147,0.9982,3.46,0.72,10,0.038903089
Wi01-1161,White,24.99,7,7.2,0.23,0.39,14.2,0.058,49,192,0.9979,2.98,0.48,9,0.020292043
Wi01-1162,White,22.99,7,6.4,0.22,0.38,9.1,0.044,35,127,0.99326,2.97,0.3,11,0.018261505
Wi01-1163,White,8.99,5,8.6,0.31,0.3,0.9,0.045,16,109,0.99249,2.95,0.39,10.1,0.034293553
Wi01-1164,White,24.99,7,6.7,0.48,0.32,1.4,0.021,22,121,0.9889,3.15,0.53,12.7,0.019506258
Wi01-1165,White,13.99,5,8.3,0.4,0.41,8.2,0.05,15,122,0.9979,3.39,0.49,9.3,0.039524286
Wi01-1166,White,19.99,6,6.2,0.33,0.41,16.8,0.037,58,173,0.99882,3.25,0.57,9.4,0.030670989
Wi01-1167,White,25.99,7,7.4,0.18,0.42,2.1,0.036,33,187,0.9938,3.4,0.41,10.6,0.020349979
Wi01-1168,White,14.99,6,7.2,0.08,0.49,1.3,0.05,18,148,0.9945,3.46,0.44,10.2,0.025355998
Wi01-1169,White,13.99,5,6.3,0.16,0.4,1.6,0.033,59,148,0.9914,3.44,0.53,11.4,0.042512488
Wi01-1170,White,8.99,5,6.9,0.35,0.55,11.95,0.038,22,111,0.99687,3.11,0.29,9.7,0.03317839
Wi01-1171,White,19.99,7,7.8,0.17,0.23,1.7,0.029,39,128,0.99272,3.37,0.41,10.7,0.020466597
Wi01-1172,White,17.99,6,7.6,0.34,0.39,7.6,0.04,45,215,0.9965,3.11,0.53,9.2,0.025930853
Wi01-1173,White,13.99,5,7.8,0.24,0.38,2.1,0.058,14,167,0.994,3.21,0.55,9.9,0.048946668
Wi01-1174,White,8.99,5,7.9,0.3,0.6,1.85,0.048,13,106,0.99331,3.24,0.49,11.85,0.037703836
Wi01-1175,White,14.99,6,7.6,0.22,0.28,12,0.056,68,143,0.9983,2.99,0.3,9.2,0.028437448
Wi01-1176,White,11.99,5,6.8,0.24,0.31,18.3,0.046,40,142,1,3.3,0.41,8.7,0.034293553
Wi01-1177,White,12.99,5,6,0.28,0.29,19.3,0.051,36,174,0.99911,3.14,0.5,9,0.042688341
Wi01-1178,White,7.99,4,6.2,0.53,0.02,0.9,0.035,6,81,0.99234,3.24,0.35,9.5,0.06781684
Wi01-1179,White,13.99,6,6.2,0.25,0.48,10,0.044,78,240,0.99655,3.25,0.47,9.5,0.029624275
Wi01-1180,White,13.99,6,8.6,0.17,0.28,2.7,0.047,38,150,0.99365,3.1,0.56,10.8,0.025518276
Wi01-1181,White,15.99,6,6.9,0.26,0.31,7,0.039,37,175,0.99376,3.32,0.49,11.4,0.030886981
Wi01-1182,White,12.99,5,6,0.28,0.49,6.8,0.048,61,222,0.9953,3.19,0.47,9.3,0.037850687
Wi01-1183,White,11.99,5,6.9,0.29,0.23,8.6,0.056,56,215,0.9967,3.17,0.44,8.8,0.044135301
Wi01-1184,White,17.99,6,6.4,0.17,0.32,2.4,0.048,41,200,0.9938,3.5,0.5,9.7,0.03143705
Wi01-1185,White,15.99,6,7.8,0.43,0.49,13,0.033,37,158,0.9955,3.14,0.35,11.3,0.031325867
Wi01-1186,White,17.99,6,6.6,0.39,0.39,11.9,0.057,51,221,0.99851,3.26,0.51,8.9,0.026699133
Wi01-1187,White,20.99,7,6.2,0.2,0.26,9.7,0.03,39,102,0.9908,3.08,0.56,12.9,0.022749557
Wi01-1188,White,13.99,6,6.8,0.25,0.24,4.55,0.053,41,211,0.9955,3.37,0.67,9.5,0.02750207
Wi01-1189,White,15.99,6,9,0.245,0.38,5.9,0.045,52,159,0.995,2.93,0.35,10.2,0.028151885
Wi01-1190,White,12.99,5,5.3,0.165,0.24,1.1,0.051,25,105,0.9925,3.32,0.47,9.1,0.047054173
Wi01-1191,White,20.99,7,7,0.28,0.32,7.75,0.032,30,114,0.99158,3.12,0.64,12.8,0.020349979
Wi01-1192,White,17.99,6,7.1,0.42,0.2,2.8,0.038,28,109,0.98968,3.23,0.47,13.4,0.030778701
Wi01-1193,White,14.99,6,7,0.33,0.32,1.2,0.053,38,138,0.9906,3.13,0.28,11.2,0.027685416
Wi01-1194,White,20.99,7,7.2,0.26,0.3,2.1,0.033,50,158,0.9909,3.33,0.43,12.1,0.019290123
Wi01-1195,White,18.99,6,5.7,0.23,0.28,9.65,0.025,26,121,0.9925,3.28,0.38,11.3,0.02652548
Wi01-1196,White,16.99,6,7.8,0.43,0.49,13,0.033,37,158,0.9955,3.14,0.35,11.3,0.030351224
Wi01-1197,White,19.99,7,7.1,0.34,0.31,5.2,0.032,36,140,0.99166,3.35,0.47,12.3,0.018460539
Wi01-1198,White,15.99,6,5.3,0.33,0.3,1.2,0.048,25,119,0.99045,3.32,0.62,11.3,0.031887755
Wi01-1199,White,21.99,7,6.7,0.3,0.29,2.8,0.025,37,107,0.99159,3.31,0.63,11.3,0.019290123
Wi01-1200,White,14.99,6,6,0.27,0.31,5,0.043,54,170,0.9924,3.28,0.52,11,0.025275439
Wi01-1201,White,26.99,7,6.2,0.29,0.32,3.6,0.026,39,138,0.9892,3.31,0.37,13.1,0.018868494
Wi01-1202,White,17.99,6,6.7,0.19,0.36,1.1,0.026,63,143,0.9912,3.27,0.48,11,0.030457255
Wi01-1203,White,13.99,6,6.4,0.17,0.3,2.8,0.034,33,125,0.99152,3.03,0.49,10.4,0.031774175
Wi01-1204,White,14.99,6,6.3,0.2,0.58,1.4,0.204,15,97,0.9931,3.16,0.43,10,0.025930853
Wi01-1205,White,14.99,5,6.8,0.28,0.44,11.5,0.04,58,223,0.9969,3.22,0.56,9.5,0.046049844
Wi01-1206,White,9.99,5,5.9,0.19,0.37,0.8,0.027,3,21,0.9897,3.09,0.31,10.8,0.045657097
Wi01-1207,White,18.99,6,6.2,0.36,0.45,10.4,0.06,22,184,0.99711,3.31,0.56,9.8,0.028825006
Wi01-1208,White,9.99,5,7.3,0.24,0.39,17.95,0.057,45,149,0.9999,3.21,0.36,8.6,0.038146973
Wi01-1209,White,13.99,6,5.1,0.14,0.25,0.7,0.039,15,89,0.9919,3.22,0.43,9.2,0.030886981
Wi01-1210,White,9.99,5,6.6,0.28,0.41,7,0.046,59,194,0.99558,3.14,0.48,9.4,0.04
Wi01-1211,White,33.99,8,6.9,0.15,0.28,4.4,0.029,14,107,0.99347,3.24,0.46,10.4,0.015317126
Wi01-1212,White,26.99,7,5.7,0.32,0.38,4.75,0.033,23,94,0.991,3.42,0.42,11.8,0.018920438
Wi01-1213,White,11.99,5,7.5,0.29,0.31,8.95,0.055,20,151,0.9968,3.08,0.54,9.3,0.034166892
Wi01-1214,White,15.99,6,6.8,0.2,0.36,1.6,0.028,7,46,0.99175,3.21,0.6,10.9,0.0256
Wi01-1215,White,18.99,6,6.8,0.27,0.3,13,0.047,69,160,0.99705,3.16,0.5,9.6,0.024722123
Wi01-1216,White,18.99,6,6.4,0.17,0.27,6.7,0.036,88,223,0.9948,3.28,0.35,10.2,0.023962657
Wi01-1217,White,18.99,7,5.6,0.28,0.27,3.9,0.043,52,158,0.99202,3.35,0.44,10.7,0.020006042
Wi01-1218,White,10.99,5,7.2,0.15,0.39,1.8,0.043,21,159,0.9948,3.52,0.47,10,0.04507733
Wi01-1219,White,13.99,5,6.8,0.28,0.39,1.4,0.036,15,115,0.9918,3.27,0.72,11.7,0.034807307
Wi01-1220,White,14.99,5,7.2,0.13,0.46,1.3,0.044,48,111,0.99127,2.97,0.45,11.1,0.042512488
Wi01-1221,White,13.99,6,8.9,0.27,0.28,0.8,0.024,29,128,0.98984,3.01,0.35,12.4,0.026612094
Wi01-1222,White,11.99,5,7.6,0.29,0.26,6.5,0.042,32,160,0.9944,3.14,0.47,10.7,0.038146973
Wi01-1223,White,14.99,6,6.8,0.22,0.37,15.2,0.051,68,178,0.99935,3.4,0.85,9.3,0.030778701
Wi01-1224,White,23.99,7,5.7,0.22,0.28,1.3,0.027,26,101,0.98948,3.35,0.38,12.5,0.01831096
Wi01-1225,White,34.99,8,6.3,0.17,0.32,1,0.04,39,118,0.98886,3.31,0.4,13.1,0.01420614
Wi01-1226,White,17.99,6,6.1,0.19,0.37,2.6,0.041,24,99,0.99153,3.18,0.5,10.9,0.026786599
Wi01-1227,White,20.99,7,8,0.22,0.42,14.6,0.044,45,163,1.0003,3.21,0.69,8.6,0.022078516
Wi01-1228,White,19.99,7,6.8,0.39,0.34,7.4,0.02,38,133,0.99212,3.18,0.44,12,0.020822532
Wi01-1229,White,9.99,5,6.5,0.31,0.14,7.5,0.044,34,133,0.9955,3.22,0.5,9.5,0.034677791
Wi01-1230,White,10.99,5,6.1,0.27,0.3,16.7,0.039,49,172,0.99985,3.4,0.45,9.4,0.048303345
Wi01-1231,White,16.99,6,7.2,0.18,0.45,4.4,0.046,57,166,0.9943,3.13,0.62,11.2,0.02609869
Wi01-1232,White,23.99,7,4.8,0.17,0.28,2.9,0.03,22,111,0.9902,3.38,0.34,11.3,0.021003991
Wi01-1233,White,13.99,5,6.6,0.17,0.28,1.8,0.042,62,178,0.99204,3.15,0.42,10.2,0.047258979
Wi01-1234,White,15.99,6,7.1,0.38,0.42,11.8,0.041,32,193,0.99624,3.04,0.49,10,0.030351224
Wi01-1235,White,18.99,6,8.4,0.2,0.31,2.8,0.054,16,89,0.99416,2.96,0.45,9.5,0.028437448
Wi01-1236,White,13.99,6,7.9,0.33,0.26,1.2,0.044,23,103,0.9932,3.19,0.54,10.5,0.030670989
Wi01-1237,White,19.99,6,6.7,0.13,0.57,6.6,0.056,60,150,0.99548,2.96,0.43,9.4,0.029320698
Wi01-1238,White,12.99,5,7.1,0.18,0.39,14.5,0.051,48,156,0.99947,3.35,0.78,9.1,0.035332693
Wi01-1239,White,18.99,6,5.3,0.31,0.38,10.5,0.031,53,140,0.99321,3.34,0.46,11.7,0.0316612
Wi01-1240,White,24.99,7,7.3,0.4,0.28,6.5,0.037,26,97,0.99148,3.16,0.58,12.6,0.019837334
Wi01-1241,White,13.99,6,6.4,0.24,0.49,5.8,0.053,25,120,0.9942,3.01,0.98,10.5,0.025436943
Wi01-1242,White,8.99,5,8.3,0.4,0.38,1.1,0.038,15,75,0.9934,3.03,0.43,9.2,0.046648536
Wi01-1243,White,9.99,5,4.5,0.19,0.21,0.95,0.033,89,159,0.99332,3.34,0.42,8,0.037998396
Wi01-1244,White,13.99,5,6.8,0.17,0.32,1.4,0.04,35,106,0.99026,3.16,0.66,12,0.0336672
Wi01-1245,White,8.99,5,5.7,0.245,0.33,1.1,0.049,28,150,0.9927,3.13,0.42,9.3,0.035870064
Wi01-1246,White,8.99,5,6.7,0.5,0.63,13.4,0.078,81,238,0.9988,3.08,0.44,9.2,0.048730806
Wi01-1247,White,19.99,6,7.2,0.24,0.29,3,0.036,17,117,0.99411,3.36,0.68,10.1,0.027963893
Wi01-1248,White,12.99,5,6.7,0.5,0.38,7.5,0.046,26,175,0.99662,3.32,0.54,9.6,0.043043336
Wi01-1249,White,18.99,6,6.1,0.15,0.4,1.2,0.03,19,84,0.98926,3.19,0.96,13,0.02652548
Wi01-1250,White,19.99,6,6.1,0.16,0.24,1.4,0.046,17,77,0.99319,3.66,0.57,10.3,0.024111724
Wi01-1251,White,8.99,5,6.8,0.28,0.34,7.5,0.035,34,177,0.99692,3.33,0.43,9.1,0.036281179
Wi01-1252,White,14.99,5,6.6,0.36,0.52,11.3,0.046,8,110,0.9966,3.07,0.46,9.4,0.048946668
Wi01-1253,White,15.99,6,7.3,0.24,0.43,2,0.021,20,69,0.99,3.08,0.56,12.2,0.032348222
Wi01-1254,White,11.99,5,7.5,0.31,0.51,14.8,0.039,62,204,0.9982,3.06,0.6,9.5,0.035734578
Wi01-1255,White,18.99,6,8.1,0.34,0.28,7.5,0.04,70,230,0.99558,3.14,0.55,9.8,0.029624275
Wi01-1256,White,25.99,7,6.7,0.31,0.3,2.4,0.038,30,83,0.98867,3.09,0.36,12.8,0.018972596
Wi01-1257,White,18.99,6,5.3,0.2,0.31,3.6,0.036,22,91,0.99278,3.41,0.5,9.8,0.028151885
Wi01-1258,White,8.99,5,6.1,0.34,0.21,5,0.042,17,133,0.99373,3.02,0.53,9.4,0.048303345
Wi01-1259,White,8.99,5,8,0.74,0.21,4,0.05,24,133,0.99418,3.06,0.38,9.7,0.041479835
Wi01-1260,White,17.99,6,4.9,0.47,0.17,1.9,0.035,60,148,0.98964,3.27,0.35,11.5,0.024722123
Wi01-1261,White,10.99,5,8.5,0.24,0.47,15.2,0.057,40,234,1.0005,3.02,0.66,9,0.033915665
Wi01-1262,White,16.99,6,7.6,0.27,0.3,9.2,0.018,23,96,0.9938,3.08,0.29,11,0.027051593
Wi01-1263,White,10.99,5,6.4,0.29,0.28,11.1,0.063,66,169,0.9973,2.89,0.57,9,0.048303345
Wi01-1264,White,16.99,6,6.9,0.23,0.4,7.5,0.04,50,151,0.9927,3.11,0.27,11.4,0.028923134
Wi01-1265,White,20.99,7,7.1,0.26,0.34,14.4,0.067,35,189,0.9986,3.07,0.53,9.1,0.022210327
Wi01-1266,White,12.99,5,8.3,0.39,0.7,10.6,0.045,33,169,0.9976,3.09,0.57,9.4,0.04032193
Wi01-1267,White,15.99,6,7,0.29,0.49,3.8,0.047,37,136,0.9938,2.95,0.4,9.4,0.024111724
Wi01-1268,White,14.99,6,7.1,0.44,0.27,8.4,0.057,60,160,0.99257,3.16,0.36,11.8,0.02750207
Wi01-1269,White,22.99,7,7.1,0.25,0.25,1.6,0.046,50,181,0.9925,3.2,0.42,11,0.022144274
Wi01-1270,White,15.99,6,6.5,0.21,0.4,7.3,0.041,49,115,0.99268,3.21,0.43,11,0.027320538
Wi01-1271,White,14.99,6,6,0.29,0.21,1.3,0.055,42,168,0.9914,3.32,0.43,11.1,0.024490536
Wi01-1272,White,15.99,6,7.4,0.28,0.49,1.5,0.034,20,126,0.9918,2.98,0.39,10.6,0.032116751
Wi01-1273,White,16.99,6,6.6,0.38,0.29,2.9,0.035,15,101,0.98916,3.04,0.37,12.5,0.028437448
Wi01-1274,White,11.99,5,6.9,0.23,0.24,14.2,0.053,19,94,0.9982,3.17,0.5,9.6,0.04432133
Wi01-1275,White,9.99,5,9.4,0.16,0.23,1.6,0.042,14,67,0.9942,3.07,0.32,9.5,0.039524286
Wi01-1276,White,18.99,6,8.8,0.39,0.34,5.9,0.055,33,128,0.9927,2.95,0.51,11.8,0.030036434
Wi01-1277,White,11.99,5,8.2,0.38,0.49,13.6,0.042,58,166,0.99855,3.1,0.54,9.4,0.038446751
Wi01-1278,White,10.99,5,6.6,0.38,0.36,9.2,0.061,42,214,0.9976,3.31,0.56,9.4,0.03968191
Wi01-1279,White,8.99,5,7.4,0.33,0.26,15.6,0.049,67,210,0.99907,3.06,0.68,9.5,0.047054173
Wi01-1280,White,24.99,7,6.9,0.21,0.33,1.8,0.034,48,136,0.9899,3.25,0.41,12.6,0.019397739
Wi01-1281,White,24.99,7,6.8,0.18,0.28,9.8,0.039,29,113,0.99406,3.11,0.45,10.9,0.018765247
Wi01-1282,White,12.99,5,6.5,0.38,0.34,3.4,0.036,34,200,0.9937,3.14,0.76,10,0.043043336
Wi01-1283,White,14.99,5,5.5,0.32,0.13,1.3,0.037,45,156,0.99184,3.26,0.38,10.7,0.034807307
Wi01-1284,White,15.99,6,6.6,0.17,0.26,7.4,0.052,45,128,0.99388,3.16,0.37,10,0.028727377
Wi01-1285,White,12.99,5,6.3,0.26,0.25,7.8,0.058,44,166,0.9961,3.24,0.41,9,0.039211842
Wi01-1286,White,10.99,5,6.6,0.25,0.33,8.5,0.042,29,141,0.99546,3.28,0.6,10.4,0.043766741
Wi01-1287,White,19.99,6,6.1,0.25,0.28,10,0.055,56,131,0.994,3.22,0.35,10.9,0.02480005
Wi01-1288,White,16.99,6,7.2,0.27,0.28,15.2,0.046,6,41,0.99665,3.17,0.39,10.9,0.025355998
Wi01-1289,White,14.99,6,8.3,0.16,0.48,1.7,0.057,31,98,0.9943,3.15,0.41,10.3,0.025847541
Wi01-1290,White,14.99,6,8.4,0.27,0.46,8.7,0.048,39,197,0.9974,3.14,0.59,9.6,0.029829287
Wi01-1291,White,18.99,7,7.9,0.25,0.29,5.3,0.031,33,117,0.9918,3.06,0.32,11.8,0.020119712
Wi01-1292,White,13.99,6,6.9,0.16,0.37,1.8,0.034,36,95,0.98952,2.93,0.59,12,0.026353517
Wi01-1293,White,19.99,7,6.4,0.29,0.3,2.9,0.036,25,79,0.99037,3.29,0.6,12.4,0.021690045
Wi01-1294,White,12.99,5,6.7,0.24,0.33,12.3,0.046,31,145,0.9983,3.36,0.4,9.5,0.035465898
Wi01-1295,White,16.99,6,6.9,0.52,0.54,7.9,0.036,23,169,0.99267,3.26,0.47,12.2,0.024262187
Wi01-1296,White,19.99,6,6.2,0.24,0.27,16.8,0.04,48,129,0.99691,3.23,0.38,10.5,0.02750207
Wi01-1297,White,19.99,6,6.6,0.21,0.5,8.7,0.036,41,191,0.99294,2.96,0.56,11,0.02750207
Wi01-1298,White,11.99,5,6.5,0.23,0.36,16.3,0.038,43,133,0.99924,3.26,0.41,8.8,0.041479835
Wi01-1299,White,15.99,6,5.8,0.385,0.25,3.7,0.031,38,122,0.99128,3.2,0.63,11.2,0.027685416
Wi01-1300,White,17.99,6,7,0.22,0.29,8.9,0.05,24,90,0.99556,3.29,0.46,9.8,0.030995834
Wi01-1301,White,8.99,5,6,0.45,0.42,1.1,0.051,61,197,0.9932,3.02,0.4,9,0.038903089
Wi01-1302,White,13.99,6,7,0.2,0.34,5.7,0.035,32,83,0.9928,3.19,0.46,11.5,0.030563842
Wi01-1303,White,18.99,6,6.1,0.24,0.27,11.5,0.05,51,133,0.99476,3.22,0.37,10.8,0.027593514
Wi01-1304,White,29.99,8,6.7,0.28,0.31,7.4,0.041,7,81,0.99254,3.04,0.47,11.4,0.014071644
Wi01-1305,White,6.99,4,6.3,0.24,0.37,1.8,0.031,6,61,0.9897,3.3,0.34,12.2,0.070358618
Wi01-1306,White,18.99,6,6.4,0.28,0.28,3,0.04,19,98,0.99216,3.25,0.47,11.1,0.024262187
Wi01-1307,White,10.99,5,8.2,0.37,0.64,13.9,0.043,22,171,0.99873,2.99,0.8,9.3,0.041311389
Wi01-1308,White,7.99,4,8.3,0.27,0.45,1.3,0.048,8,72,0.9944,3.08,0.61,10.3,0.075473977
Wi01-1309,White,24.99,7,6.7,0.19,0.39,1,0.032,14,71,0.98912,3.31,0.38,13,0.021947874
Wi01-1310,White,18.99,6,6.9,0.14,0.38,1,0.041,22,81,0.99043,3.03,0.54,11.4,0.028533601
Wi01-1311,White,21.99,7,7.2,0.19,0.31,1.4,0.046,37,135,0.9939,3.34,0.57,10.2,0.023026566
Wi01-1312,White,10.99,5,5.6,0.245,0.25,9.7,0.032,12,68,0.994,3.31,0.34,10.5,0.03354399
Wi01-1313,White,19.99,7,6,0.26,0.29,3.1,0.041,37,144,0.98944,3.22,0.39,12.8,0.018212249
Wi01-1314,White,14.99,6,6.3,0.3,0.34,1.6,0.049,14,132,0.994,3.3,0.49,9.5,0.030886981
Wi01-1315,White,10.99,5,6.4,0.18,0.48,4,0.186,64,150,0.9945,3.06,0.4,9.3,0.036006323
Wi01-1316,White,14.99,5,7.1,0.29,0.3,16,0.036,58,201,0.99954,3.3,0.67,9,0.038296422
Wi01-1317,White,9.99,5,8.4,0.22,0.28,18.8,0.028,55,130,0.998,2.96,0.35,11.6,0.036419789
Wi01-1318,White,13.99,6,6.5,0.43,0.28,11.25,0.032,31,87,0.9922,3.02,0.38,12.4,0.028825006
Wi01-1319,White,21.99,7,5.9,0.3,0.47,7.85,0.03,19,133,0.9933,3.52,0.43,11.5,0.020062756
Wi01-1320,White,11.99,5,6.2,0.35,0.03,1.2,0.064,29,120,0.9934,3.22,0.54,9.1,0.039057008
Wi01-1321,White,14.99,6,6.2,0.36,0.45,10.4,0.06,22,184,0.99711,3.31,0.56,9.8,0.024111724
Wi01-1322,White,8.99,4,6.3,0.39,0.24,6.9,0.069,9,117,0.9942,3.15,0.35,10.2,0.060966316
Wi01-1323,White,19.99,6,6.4,0.23,0.39,1.8,0.032,23,118,0.9912,3.32,0.5,11.8,0.029320698
Wi01-1324,White,13.99,5,5.9,0.3,0.29,1.1,0.036,23,56,0.9904,3.19,0.38,11.3,0.043402778
Wi01-1325,White,14.99,6,5.8,0.17,0.3,1.4,0.037,55,130,0.9909,3.29,0.38,11.3,0.028630243
Wi01-1326,White,8.99,5,6.6,0.25,0.36,8.1,0.045,54,180,0.9958,3.08,0.42,9.2,0.035068524
Wi01-1327,White,17.99,6,5.8,0.29,0.27,1.6,0.062,17,140,0.99138,3.23,0.35,11.1,0.02942137
Wi01-1328,White,14.99,6,7.2,0.24,0.28,1.9,0.032,30,92,0.9914,3.1,0.39,10.9,0.028923134
Wi01-1329,White,16.99,6,7.7,0.3,0.34,1.2,0.048,4,119,0.99084,3.18,0.34,12.1,0.026612094
Wi01-1330,White,17.99,6,6.2,0.35,0.2,18.1,0.069,33,158,0.99908,3.15,0.5,8.8,0.028923134
Wi01-1331,White,11.99,5,5.5,0.28,0.21,1.6,0.032,23,85,0.99027,3.42,0.42,12.5,0.034937549
Wi01-1332,White,12.99,5,8.3,0.33,0.43,9.2,0.046,22,126,0.9982,3.38,0.47,9.3,0.0336672
Wi01-1333,White,18.99,7,7.4,0.16,0.3,13.7,0.056,33,168,0.99825,2.9,0.44,8.7,0.02359598
Wi01-1334,White,18.99,6,7.3,0.17,0.36,8.2,0.028,44,111,0.99272,3.14,0.41,12.4,0.026439289
Wi01-1335,White,15.99,6,8.5,0.21,0.26,9.25,0.034,73,142,0.9945,3.05,0.37,11.4,0.032464897
Wi01-1336,White,8.99,5,7.7,0.3,0.42,14.3,0.045,45,213,0.9991,3.18,0.63,9.2,0.039211842
Wi01-1337,White,23.99,7,6.5,0.18,0.41,14.2,0.039,47,129,0.99678,3.28,0.72,10.3,0.019130372
Wi01-1338,White,17.99,6,5.5,0.335,0.3,2.5,0.071,27,128,0.9924,3.14,0.51,9.6,0.027230446
Wi01-1339,White,17.99,6,6.4,0.38,0.26,8.2,0.043,28,98,0.99234,2.99,0.31,11.4,0.025115468
Wi01-1340,White,12.99,5,6.6,0.27,0.29,5.3,0.045,57,189,0.9953,3.31,0.79,9.8,0.044886527
Wi01-1341,White,18.99,6,6.7,0.37,0.25,2.5,0.028,24,84,0.9909,3.14,0.36,11.7,0.027320538
Wi01-1342,White,26.99,7,4.8,0.21,0.21,10.2,0.037,17,112,0.99324,3.66,0.48,12.2,0.023668639
Wi01-1343,White,16.99,6,7.3,0.2,0.39,2.3,0.048,24,87,0.99044,2.94,0.35,12,0.026268161
Wi01-1344,White,17.99,6,6,0.25,0.4,5.7,0.052,56,152,0.99398,3.16,0.88,10.5,0.026014568
Wi01-1345,White,8.99,5,5.5,0.18,0.22,5.5,0.037,10,86,0.99156,3.46,0.44,12.2,0.038296422
Wi01-1346,White,11.99,5,5.8,0.28,0.66,9.1,0.039,26,159,0.9965,3.66,0.55,10.8,0.040160481
Wi01-1347,White,15.99,6,7.4,0.4,0.41,14.1,0.053,37,194,0.99886,3.2,0.63,9.4,0.03143705
Wi01-1348,White,9.99,5,5.7,0.255,0.65,1.2,0.079,17,137,0.99307,3.2,0.42,9.4,0.037998396
Wi01-1349,White,23.99,7,6.9,0.19,0.35,6.9,0.045,51,125,0.9933,3.1,0.44,10.7,0.021126284
Wi01-1350,White,25.99,7,7,0.11,0.32,4.6,0.057,59,144,0.9956,3.55,0.44,9.4,0.018972596
Wi01-1351,White,13.99,5,6.8,0.26,0.4,7.5,0.046,45,179,0.99583,3.2,0.49,9.3,0.037998396
Wi01-1352,White,18.99,6,7,0.19,0.23,5.7,0.123,27,104,0.9954,3.04,0.54,9.4,0.029320698
Wi01-1353,White,14.99,5,6.8,0.25,0.18,1.4,0.056,13,137,0.9935,3.11,0.42,9.5,0.037850687
Wi01-1354,White,17.99,6,7.3,0.32,0.34,6.6,0.032,24,112,0.99505,3.22,0.46,9.8,0.030670989
Wi01-1355,White,17.99,6,6.2,0.32,0.16,7,0.045,30,136,0.9949,3.18,0.47,9.6,0.025518276
Wi01-1356,White,23.99,7,7.1,0.28,0.44,1.8,0.032,32,107,0.9907,3.25,0.48,12.2,0.020643414
Wi01-1357,White,10.99,4,8,0.66,0.72,17.55,0.042,62,233,0.9999,2.92,0.68,9.4,0.078462758
Wi01-1358,White,12.99,5,7,0.29,0.54,10.7,0.046,59,234,0.9966,3.05,0.61,9.5,0.038750078
Wi01-1359,White,14.99,5,6.1,0.22,0.28,16.55,0.059,54,135,0.99665,3.2,0.38,10.5,0.035332693
Wi01-1360,White,13.99,5,7.1,0.32,0.24,13.1,0.05,52,204,0.998,3.1,0.49,8.8,0.036559195
Wi01-1361,White,11.99,5,6.7,0.18,0.3,6.4,0.048,40,251,0.9956,3.29,0.52,10,0.041649313
Wi01-1362,White,9.99,5,7.1,0.37,0.67,10.5,0.045,49,155,0.9975,3.16,0.44,8.7,0.040160481
Wi01-1363,White,13.99,5,7.5,0.26,0.26,18.35,0.084,33,139,1.0011,3.17,0.39,8.8,0.039524286
Wi01-1364,White,25.99,7,5,0.17,0.56,1.5,0.026,24,115,0.9906,3.48,0.39,10.8,0.01831096
Wi01-1365,White,18.99,6,6.5,0.44,0.49,7.7,0.045,16,169,0.9957,3.11,0.37,8.7,0.030778701
Wi01-1366,White,13.99,5,7.1,0.12,0.32,9.6,0.054,64,162,0.9962,3.4,0.41,9.4,0.0336672
Wi01-1367,White,17.99,6,6.6,0.26,0.38,6.5,0.17,68,201,0.9956,3.19,0.38,9.4,0.028057653
Wi01-1368,White,23.99,7,6,0.24,0.27,1.9,0.048,40,170,0.9938,3.64,0.54,10,0.018410476
Wi01-1369,White,20.99,7,7.2,0.36,0.36,5.7,0.038,26,98,0.9914,2.93,0.59,12.5,0.022276676
Wi01-1370,White,9.99,5,5.5,0.24,0.32,8.7,0.06,19,102,0.994,3.27,0.31,10.4,0.038296422
Wi01-1371,White,19.99,6,7.2,0.2,0.28,1.6,0.028,13,168,0.99203,3.17,1.06,11.5,0.027685416
Wi01-1372,White,16.99,6,5.9,0.34,0.3,3.8,0.035,57,135,0.99016,3.09,0.34,12,0.031215273
Wi01-1373,White,10.99,5,5.8,0.22,0.3,1.1,0.047,36,131,0.992,3.26,0.45,10.4,0.041479835
Wi01-1374,White,14.99,6,7.4,0.19,0.31,14.5,0.045,39,193,0.9986,3.1,0.5,9.2,0.029522561
Wi01-1375,White,23.99,7,7.4,0.19,0.3,12.8,0.053,48.5,229,0.9986,3.14,0.49,9.1,0.019781572
Wi01-1376,White,26.99,7,7.7,0.28,0.39,8.9,0.036,8,117,0.9935,3.06,0.38,12,0.023026566
Wi01-1377,White,15.99,6,7,0.24,0.25,1.7,0.042,48,189,0.992,3.25,0.42,11.4,0.029522561
Wi01-1378,White,14.99,5,6.7,0.31,0.09,1.4,0.039,53,141,0.99206,3.12,0.44,10.1,0.040812162
Wi01-1379,White,16.99,6,6.8,0.22,0.37,1.7,0.036,38,195,0.9908,3.35,0.72,12.5,0.029726516
Wi01-1380,White,18.99,7,7.4,0.25,0.28,7.25,0.028,14,78,0.99238,2.94,0.37,11.5,0.018410476
Wi01-1381,White,19.99,6,7.2,0.23,0.38,14.3,0.058,55,194,0.9979,3.09,0.44,9,0.029932592
Wi01-1382,White,12.99,5,7.4,0.32,0.22,1.7,0.051,50,179,0.9955,3.28,0.69,8.9,0.035465898
Wi01-1383,White,10.99,4,6.3,0.6,0.44,11,0.05,50,245,0.9972,3.19,0.57,9.3,0.066425763
Wi01-1384,White,18.99,7,6.6,0.12,0.25,1.4,0.039,21,131,0.99114,3.2,0.45,11.2,0.019451885
Wi01-1385,White,14.99,6,6,0.29,0.21,15.55,0.043,20,142,0.99658,3.11,0.54,10.1,0.02942137
Wi01-1386,White,6.99,3,5.8,0.24,0.44,3.5,0.029,5,109,0.9913,3.53,0.43,11.7,0.110374058
Wi01-1387,White,14.99,6,7.4,0.34,0.3,14.9,0.037,70,169,0.99698,3.25,0.37,10.4,0.029829287
Wi01-1388,White,10.99,5,6.4,0.29,0.44,3.6,0.2,75,181,0.9942,3.02,0.41,9.1,0.034040931
Wi01-1389,White,15.99,6,6.4,0.225,0.48,2.2,0.115,29,104,0.9918,3.24,0.58,12.1,0.026786599
Wi01-1390,White,31.99,8,6.1,0.28,0.27,4.7,0.03,56,140,0.99042,3.16,0.42,12.5,0.015902069
Wi01-1391,White,13.99,6,6.2,0.16,0.32,1.1,0.036,74,184,0.99096,3.22,0.41,11,0.026786599
Wi01-1392,White,23.99,7,6.4,0.15,0.44,1.2,0.043,67,150,0.9907,3.14,0.73,11.2,0.023096608
Wi01-1393,White,13.99,5,6.2,0.32,0.5,6.5,0.048,61,186,0.9948,3.19,0.45,9.6,0.036143359
Wi01-1394,White,15.99,6,6.3,0.27,0.49,1.2,0.063,35,92,0.9911,3.38,0.42,12.2,0.027963893
Wi01-1395,White,12.99,5,6.9,0.3,0.21,15.7,0.056,49,159,0.99827,3.11,0.48,9,0.042512488
Wi01-1396,White,14.99,5,8,0.59,0.71,17.35,0.038,61,228,1,2.95,0.75,9.3,0.0419914
Wi01-1397,White,14.99,5,7.8,0.24,0.32,12.2,0.054,42,138,0.9984,3.01,0.54,8.8,0.035200237
Wi01-1398,White,9.99,5,6.8,0.26,0.22,4.8,0.041,110,198,0.99437,3.29,0.67,10.6,0.045462605
Wi01-1399,White,20.99,7,7.3,0.3,0.33,2.3,0.043,28,125,0.99084,3.34,0.44,12.6,0.023026566
Wi01-1400,White,17.99,6,6.6,0.64,0.28,4.4,0.032,19,78,0.99036,3.11,0.62,12.9,0.024957012
Wi01-1401,White,13.99,5,7.5,0.21,0.68,10.9,0.045,38,133,0.9978,3,0.36,8.7,0.03442092
Wi01-1402,White,8.99,5,7.6,0.3,0.25,4.3,0.054,22,111,0.9956,3.12,0.49,9.2,0.037998396
Wi01-1403,White,8.99,5,9.5,0.21,0.47,1.3,0.039,21,123,0.9959,2.9,0.64,9.5,0.047881484
Wi01-1404,White,20.99,7,6.8,0.22,0.35,5.5,0.043,21,114,0.9938,3.3,0.53,10.7,0.019343819
Wi01-1405,White,9.99,4,6.8,0.705,0.25,3.2,0.048,10,57,0.996,3.36,0.52,9.5,0.062188668
Wi01-1406,White,13.99,6,8,0.18,0.37,1.3,0.04,15,96,0.9912,3.06,0.61,12.1,0.025930853
Wi01-1407,White,22.99,7,7.2,0.23,0.39,14.2,0.058,49,192,0.9979,2.98,0.48,9,0.020234354
Wi01-1408,White,14.99,6,6.5,0.37,0.33,3.5,0.036,23,92,0.99136,3.18,0.38,11.2,0.026786599
Wi01-1409,White,24.99,7,7.1,0.15,0.34,5.3,0.034,33,104,0.9953,3.37,0.52,9.3,0.017872973
Wi01-1410,White,15.99,6,6,0.27,0.32,3.6,0.035,36,133,0.99215,3.23,0.46,10.8,0.029829287
Wi01-1411,White,18.99,6,6.4,0.33,0.31,5.5,0.048,42,173,0.9951,3.19,0.66,9.3,0.025355998
Wi01-1412,White,14.99,6,7,0.36,0.25,5.7,0.015,14,73,0.98963,2.82,0.59,13.2,0.026268161
Wi01-1413,White,16.99,6,6.2,0.15,0.49,0.9,0.033,17,51,0.9932,3.3,0.7,9.4,0.025115468
Wi01-1414,White,22.99,7,6.7,0.16,0.37,1.3,0.036,45,125,0.98964,3.19,0.51,12.4,0.020292043
Wi01-1415,White,15.99,6,6.8,0.34,0.74,2.8,0.088,23,185,0.9928,3.51,0.7,12,0.026439289
Wi01-1416,White,26.99,7,7,0.32,0.29,7.6,0.025,35,124,0.99162,3.15,0.65,12.8,0.01902497
Wi01-1417,White,19.99,7,7.4,0.3,0.22,1.4,0.046,16,135,0.9928,3.08,0.77,10.4,0.018510806
Wi01-1418,White,24.99,7,7.7,0.39,0.28,4.9,0.035,36,109,0.9918,3.19,0.58,12.2,0.023308665
Wi01-1419,White,15.99,6,6.8,0.15,0.41,12.9,0.044,79.5,183,0.99742,3.24,0.78,10.2,0.028825006
Wi01-1420,White,16.99,6,7.9,0.18,0.49,5.2,0.051,36,157,0.9953,3.18,0.48,10.6,0.023668639
Wi01-1421,White,8.99,5,6.7,0.5,0.36,11.5,0.096,18,92,0.99642,3.11,0.49,9.6,0.049163967
Wi01-1422,White,16.99,6,6.6,0.26,0.24,7.2,0.038,28,137,0.9952,3.35,0.6,10.4,0.027870602
Wi01-1423,White,20.99,7,7.6,0.2,0.26,4.8,0.033,26,76,0.99076,2.98,0.49,12.3,0.019343819
Wi01-1424,White,14.99,6,7.4,0.3,0.22,5.25,0.053,33,180,0.9926,3.13,0.45,11.6,0.03143705
Wi01-1425,White,18.99,6,6.6,0.41,0.27,10.7,0.11,20,103,0.99672,3.08,0.41,9,0.027870602
Wi01-1426,White,8.99,5,6.8,0.39,0.35,11.6,0.044,57,220,0.99775,3.07,0.53,9.3,0.049382716
Wi01-1427,White,25.99,7,5.9,0.2,0.28,12.8,0.038,29,132,0.99426,3.31,0.57,11.8,0.017968935
Wi01-1428,White,14.99,6,8,0.27,0.25,19.1,0.045,50,208,1.00051,3.05,0.5,9.2,0.032937968
Wi01-1429,White,14.99,6,7.3,0.23,0.41,14.6,0.048,73,223,0.99863,3.16,0.71,9.4,0.025518276
Wi01-1430,White,10.99,5,5.8,0.26,0.24,9.2,0.044,55,152,0.9961,3.31,0.38,9.4,0.048946668
Wi01-1431,White,32.99,8,6.4,0.32,0.35,4.8,0.03,34,101,0.9912,3.36,0.6,12.5,0.0148721
Wi01-1432,White,18.99,6,6.6,0.22,0.23,17.3,0.047,37,118,0.99906,3.08,0.46,8.8,0.026268161
Wi01-1433,White,16.99,6,5.9,0.28,0.14,8.6,0.032,30,142,0.99542,3.28,0.44,9.5,0.026353517
Wi01-1434,White,24.99,7,7,0.32,0.31,6.4,0.031,38,115,0.99235,3.38,0.58,12.2,0.019451885
Wi01-1435,White,13.99,5,5.5,0.17,0.23,2.9,0.039,10,108,0.99243,3.28,0.5,10,0.047672623
Wi01-1436,White,8.99,4,8.5,0.18,0.3,1.1,0.028,34,95,0.99272,2.83,0.36,10,0.060666359
Wi01-1437,White,20.99,7,6.4,0.31,0.28,1.5,0.037,12,119,0.9919,3.32,0.51,10.4,0.021690045
Wi01-1438,White,14.99,5,6.2,0.33,0.14,4.8,0.052,27,128,0.99475,3.21,0.48,9.4,0.036006323
Wi01-1439,White,11.99,5,6.9,0.41,0.33,10.1,0.043,28,152,0.9968,3.2,0.52,9.4,0.047672623
Wi01-1440,White,9.99,5,7.1,0.32,0.4,1.5,0.034,13,84,0.9944,3.42,0.6,10.4,0.034937549
Wi01-1441,White,12.99,5,7.8,0.25,0.34,13.7,0.044,66,184,0.99976,3.22,0.75,8.9,0.045462605
Wi01-1442,White,9.99,5,6.8,0.31,0.42,6.9,0.046,50,173,0.9958,3.19,0.46,9,0.038296422
Wi01-1443,White,14.99,6,6.3,0.19,0.29,5.5,0.042,44,189,0.99304,3.19,0.47,10.3,0.024262187
Wi01-1444,White,18.99,6,7.3,0.2,0.39,2.3,0.048,24,87,0.99044,2.94,0.35,12,0.026353517
Wi01-1445,White,26.99,7,7.3,0.13,0.31,2.3,0.054,22,104,0.9924,3.24,0.92,11.5,0.018765247
Wi01-1446,White,19.99,6,9.4,0.17,0.55,1.6,0.049,14,94,0.9949,3.02,0.61,10.3,0.031887755
Wi01-1447,White,11.99,5,6.8,0.25,0.27,10.7,0.076,47,154,0.9967,3.05,0.38,9,0.035465898
Wi01-1448,White,16.99,6,8,0.29,0.29,13.2,0.046,26,113,0.9983,3.25,0.37,9.7,0.032818736
Wi01-1449,White,9.99,5,7.3,0.23,0.34,9.3,0.052,19,86,0.99574,3.04,0.56,10,0.03354399
Wi01-1450,White,19.99,6,6.5,0.17,0.54,8.5,0.082,64,163,0.9959,2.89,0.39,8.8,0.029021763
Wi01-1451,White,15.99,6,7.4,0.24,0.4,4.3,0.032,9,95,0.992,3.09,0.39,11.1,0.028533601
Wi01-1452,White,19.99,7,7.6,0.31,0.27,8.8,0.021,57,156,0.99442,3.08,0.38,11,0.018920438
Wi01-1453,White,17.99,6,6.8,0.3,0.35,2.8,0.038,10,164,0.9912,3.09,0.53,12,0.026699133
Wi01-1454,White,16.99,6,7.6,0.2,0.34,1.8,0.041,42,148,0.99335,3.35,0.66,11.1,0.023888641
Wi01-1455,White,8.99,5,6.5,0.23,0.38,1.3,0.032,29,112,0.99298,3.29,0.54,9.7,0.048946668
Wi01-1456,White,35.99,8,6.7,0.33,0.36,6.6,0.042,34,116,0.99123,2.97,0.31,12.2,0.014240065
Wi01-1457,White,9.99,5,6.8,0.45,0.3,11.8,0.094,23,97,0.997,3.09,0.44,9.6,0.038146973
Wi01-1458,White,26.99,7,5.2,0.31,0.36,5.1,0.031,46,145,0.9897,3.14,0.31,12.4,0.020234354
Wi01-1459,White,13.99,5,6.5,0.22,0.19,4.5,0.096,16,115,0.9937,3.02,0.44,9.6,0.035599858
Wi01-1460,White,13.99,6,7.5,0.32,0.49,1.7,0.031,44,109,0.9906,3.07,0.46,12.5,0.03143705
Wi01-1461,White,13.99,5,7.3,0.24,0.39,3.6,0.024,35,116,0.9928,3.17,0.51,10.9,0.038750078
Wi01-1462,White,15.99,6,10,0.23,0.27,14.1,0.033,45,166,0.9988,2.72,0.43,9.7,0.02418678
Wi01-1463,White,16.99,6,6.9,0.31,0.32,1.2,0.024,20,166,0.99208,3.05,0.54,9.8,0.02652548
Wi01-1464,White,15.99,6,5.8,0.13,0.26,5.1,0.039,19,103,0.99478,3.36,0.47,9.3,0.030778701
Wi01-1465,White,17.99,6,6.4,0.25,0.74,7.8,0.045,52,209,0.9956,3.21,0.42,9.2,0.029932592
Wi01-1466,White,16.99,6,6.7,0.31,0.33,2,0.033,12,74,0.99064,3.29,0.65,12.5,0.027140798
Wi01-1467,White,18.99,7,7.3,0.19,0.25,1.4,0.051,41,107,0.99382,3.53,0.66,10.5,0.019130372
Wi01-1468,White,16.99,6,7.2,0.2,0.61,16.2,0.043,14,103,0.9987,3.06,0.36,9.2,0.032582205
Wi01-1469,White,17.99,6,6.5,0.27,0.19,6.6,0.045,98,175,0.99364,3.16,0.34,10.1,0.027963893
Wi01-1470,White,22.99,7,7.1,0.34,0.49,1.5,0.027,26,126,0.99,3.3,0.33,12.2,0.019130372
Wi01-1471,White,11.99,5,6.8,0.26,0.24,7.8,0.052,54,214,0.9961,3.13,0.47,8.9,0.037412688
Wi01-1472,White,24.99,7,6.8,0.23,0.3,1.7,0.043,19,95,0.99207,3.17,0.46,10.7,0.019130372
Wi01-1473,White,14.99,6,6.3,0.28,0.34,8.1,0.038,44,129,0.99248,3.26,0.29,12.1,0.029932592
Wi01-1474,White,6.99,4,7.2,0.5,0,0.8,0.034,46,114,0.9932,3.19,0.34,9.2,0.073046019
Wi01-1475,White,18.99,6,7,0.14,0.41,0.9,0.037,22,95,0.9914,3.25,0.43,10.9,0.026699133
Wi01-1476,White,14.99,5,7.6,0.48,0.28,10.4,0.049,57,205,0.99748,3.24,0.45,9.3,0.038597967
Wi01-1477,White,10.99,4,6.4,0.34,0.2,14.9,0.06,37,162,0.9983,3.13,0.45,9,0.07979827
Wi01-1478,White,9.99,5,5.9,0.3,0.23,4.2,0.038,42,119,0.9924,3.15,0.5,11,0.048730806
Wi01-1479,White,19.99,6,8,0.24,0.36,1.5,0.047,17,129,0.9948,3.2,0.54,10,0.024414063
Wi01-1480,White,10.99,5,7.1,0.33,0.18,6.3,0.094,27,166,0.99474,2.9,0.49,9.5,0.034937549
Wi01-1481,White,16.99,6,7.3,0.22,0.37,14.3,0.063,48,191,0.9978,2.89,0.38,9,0.027320538
Wi01-1482,White,17.99,6,6,0.17,0.21,6,0.05,26,134,0.9939,3.08,0.54,9.8,0.028437448
Wi01-1483,White,25.99,7,5.8,0.3,0.42,1.1,0.036,19,113,0.98871,3.1,0.46,12.6,0.018065672
Wi01-1484,White,15.99,6,8.3,0.2,0.74,4.45,0.044,33,130,0.9924,3.25,0.42,12.2,0.031887755
Wi01-1485,White,22.99,7,5.8,0.2,0.27,1.4,0.031,12,77,0.9905,3.25,0.36,10.9,0.020062756
Wi01-1486,White,14.99,5,6.9,0.38,0.28,8.3,0.062,22,166,0.99506,3.16,0.72,10.6,0.036840418
Wi01-1487,White,14.99,6,6.2,0.16,0.54,1.4,0.126,37,110,0.9932,3.23,0.37,8.9,0.02418678
Wi01-1488,White,12.99,5,4.8,0.33,0,6.5,0.028,34,163,0.9937,3.35,0.61,9.9,0.035734578
Wi01-1489,White,15.99,6,8.3,0.3,0.36,10,0.042,33,169,0.9982,3.23,0.51,9.3,0.028057653
Wi01-1490,White,8.99,4,8,0.23,0.37,9.6,0.054,23,159,0.99795,3.32,0.47,9.8,0.067465003
Wi01-1491,White,8.99,4,6.8,0.63,0.04,1.3,0.058,25,133,0.99271,3.17,0.39,10.2,0.071491893
Wi01-1492,White,14.99,6,6.4,0.32,0.27,4.9,0.034,18,122,0.9916,3.36,0.71,12.5,0.024337947
Wi01-1493,White,14.99,6,5.7,0.28,0.35,1.2,0.052,39,141,0.99108,3.44,0.69,11.3,0.026786599
Wi01-1494,White,9.99,5,6.9,0.4,0.56,11.2,0.043,40,142,0.9975,3.14,0.46,8.7,0.040160481
Wi01-1495,White,23.99,7,7.1,0.2,0.36,11.6,0.042,45,124,0.997,2.92,0.59,9.5,0.018163193
Wi01-1496,White,18.99,6,7.2,0.2,0.31,10,0.054,49,165,0.997,3.4,0.42,9.9,0.032700149
Wi01-1497,White,17.99,6,6,0.28,0.52,5,0.078,30,139,0.99494,3.1,0.36,9,0.032116751
Wi01-1498,White,25.99,7,7.9,0.42,0.49,8.2,0.056,32,164,0.9965,3.29,0.6,11.2,0.019781572
Wi01-1499,White,29.99,8,6.4,0.32,0.25,5,0.055,28,138,0.99171,3.27,0.5,12.4,0.01574285
Wi01-1500,White,18.99,6,6.4,0.145,0.49,5.4,0.048,54,164,0.9946,3.56,0.44,10.8,0.028341779
Wi01-1501,White,24.99,7,7.3,0.19,0.25,1.4,0.051,41,107,0.99382,3.53,0.66,10.5,0.022612923
Wi01-1502,White,16.99,6,8.1,0.28,0.4,6.9,0.05,30,97,0.9951,3.26,0.44,10.1,0.031774175
Wi01-1503,White,13.99,5,6.8,0.24,0.34,4.6,0.032,37,135,0.9927,3.2,0.39,10.6,0.043950441
Wi01-1504,White,19.99,7,7.1,0.2,0.27,9.6,0.037,19,105,0.99444,3.04,0.37,10.5,0.018114334
Wi01-1505,White,25.99,7,6.7,0.22,0.37,1.6,0.028,24,102,0.9913,3.29,0.59,11.6,0.019560859
Wi01-1506,White,11.99,5,6.2,0.235,0.34,1.9,0.036,4,117,0.99032,3.4,0.44,12.2,0.03317839
Wi01-1507,White,13.99,6,7.9,0.19,0.45,1.5,0.045,17,96,0.9917,3.13,0.39,11,0.032232175
Wi01-1508,White,24.99,7,5.9,0.24,0.28,1.3,0.032,36,95,0.98889,3.08,0.64,12.9,0.017920858
Wi01-1509,White,14.99,5,7.3,0.32,0.48,13.3,0.06,57,196,0.9982,3.04,0.5,9.2,0.039057008
Wi01-1510,White,8.99,5,6.4,0.24,0.23,7.3,0.069,31,157,0.9962,3.25,0.53,9.1,0.036419789
Wi01-1511,White,7.99,4,6.8,0.67,0.3,13,0.29,22,193,0.9984,3.08,0.67,9,0.071111111
Wi01-1512,White,8.99,5,6.3,0.32,0.26,12.3,0.044,24,205,0.99611,3.11,0.58,9.9,0.038750078
Wi01-1513,White,25.99,7,6,0.32,0.3,1.9,0.033,41,142,0.98912,3.29,0.42,12.8,0.019726045
Wi01-1514,White,19.99,6,5.1,0.35,0.26,6.8,0.034,36,120,0.99188,3.38,0.4,11.5,0.027685416
Wi01-1515,White,14.99,6,6.9,0.33,0.21,1,0.053,39,148,0.9927,3.12,0.45,9.4,0.023741634
Wi01-1516,White,9.99,5,6.7,0.24,0.33,12.3,0.046,31,145,0.9983,3.36,0.4,9.5,0.035200237
Wi01-1517,White,13.99,5,7.5,0.305,0.4,18.9,0.059,44,170,1,2.99,0.46,9,0.037703836
Wi01-1518,White,16.99,6,8.4,0.23,0.49,7.8,0.035,22,95,0.9935,3.04,0.34,12,0.024111724
Wi01-1519,White,19.99,7,6.9,0.2,0.37,6.2,0.027,24,97,0.992,3.38,0.49,12.2,0.018510806
Wi01-1520,White,14.99,5,5.8,0.31,0.31,7.5,0.052,55,230,0.9949,3.19,0.46,9.8,0.039211842
Wi01-1521,White,17.99,6,6.8,0.23,0.33,1.9,0.047,20,101,0.9914,3.1,0.46,11.1,0.031548827
Wi01-1522,White,14.99,6,8.3,0.28,0.27,17.5,0.045,48,253,1.00014,3.02,0.56,9.1,0.02418678
Wi01-1523,White,22.99,7,5.9,0.33,0.32,8.1,0.038,9,34,0.9911,3.22,0.36,12.7,0.019949567
Wi01-1524,White,10.99,5,8.7,0.31,0.73,14.35,0.044,27,191,1.00013,2.96,0.88,8.7,0.036281179
Wi01-1525,White,25.99,7,7.5,0.31,0.24,7.1,0.031,28,141,0.99397,3.16,0.38,10.6,0.01902497
Wi01-1526,White,18.99,6,7.9,0.18,0.37,3,0.061,25,178,0.995,3.22,0.51,10,0.027777778
Wi01-1527,White,7.99,3,6.2,0.23,0.35,0.7,0.051,24,111,0.9916,3.37,0.43,11,0.139229227
Wi01-1528,White,15.99,6,6.6,0.26,0.52,8.2,0.047,52,191,0.99541,3.16,0.47,9.5,0.024567369
Wi01-1529,White,18.99,6,6.8,0.38,0.29,9.9,0.037,40,146,0.99326,3.11,0.37,11.5,0.02609869
Wi01-1530,White,18.99,7,7.4,0.2,0.33,1.9,0.035,39,138,0.991,3.17,0.44,11.7,0.022545068
Wi01-1531,White,23.99,7,7.5,0.19,0.34,2.6,0.037,33,125,0.9923,3.1,0.49,11.1,0.021003991
Wi01-1532,White,8.99,4,7.6,0.21,0.35,1.2,0.041,7,106,0.9914,3.06,0.45,11.3,0.063448153
Wi01-1533,White,5.99,3,4.2,0.215,0.23,5.1,0.041,64,157,0.99688,3.42,0.44,8,0.091273355
Wi01-1534,White,22.99,7,8.7,0.23,0.32,13.4,0.044,35,169,0.99975,3.12,0.47,8.8,0.020882756
Wi01-1535,White,24.99,7,6.9,0.22,0.37,15,0.053,59,178,0.9992,3.37,0.82,9.5,0.018561278
Wi01-1536,White,13.99,5,6.4,0.22,0.31,13.9,0.04,57,135,0.99672,3.21,0.38,10.7,0.036840418
Wi01-1537,White,19.99,6,7,0.2,0.4,1.1,0.058,30,93,0.99322,3.03,0.38,9.2,0.024567369
Wi01-1538,White,11.99,5,5.2,0.17,0.27,0.7,0.03,11,68,0.99218,3.3,0.41,9.8,0.041143967
Wi01-1539,White,26.99,7,4.8,0.13,0.32,1.2,0.042,40,98,0.9898,3.42,0.64,11.8,0.019670751
Wi01-1540,White,21.99,7,7,0.26,0.26,10.8,0.039,37,184,0.99787,3.47,0.58,10.3,0.021436733
Wi01-1541,White,16.99,6,6.6,0.27,0.41,1.3,0.052,16,142,0.9951,3.42,0.47,10,0.030351224
Wi01-1542,White,16.99,6,6.4,0.16,0.22,1.4,0.04,41,149,0.9933,3.49,0.58,10,0.025847541
Wi01-1543,White,11.99,5,8.2,0.26,0.33,2.6,0.053,11,71,0.99402,2.89,0.49,9.5,0.037703836
Wi01-1544,White,27.99,8,6,0.18,0.31,1.4,0.036,14,75,0.99085,3.34,0.58,11.1,0.017087445
Wi01-1545,White,11.99,5,6.6,0.27,0.25,3.1,0.052,41,188,0.9915,3.24,0.4,11.3,0.037850687
Wi01-1546,White,17.99,6,7.1,0.26,0.32,5.9,0.037,39,97,0.9934,3.31,0.4,11.6,0.02750207
Wi01-1547,White,15.99,6,7.2,0.16,0.49,1.3,0.037,27,104,0.9924,3.23,0.57,10.6,0.026014568
Wi01-1548,White,16.99,6,6.3,0.27,0.25,5.8,0.038,52,155,0.995,3.28,0.38,9.4,0.02942137
Wi01-1549,White,32.99,8,5.8,0.32,0.28,4.3,0.032,46,115,0.98946,3.16,0.57,13,0.014105089
Wi01-1550,White,37.99,8,6.2,0.66,0.48,1.2,0.029,29,75,0.9892,3.33,0.39,12.8,0.014799818
Wi01-1551,White,8.99,5,6.4,0.28,0.44,7.1,0.048,49,179,0.99528,3.15,0.48,9.2,0.045462605
Wi01-1552,White,9.99,5,6.9,0.615,0.42,12,0.067,24,131,0.99727,3.19,0.34,9.3,0.04585284
Wi01-1553,White,16.99,6,6.1,0.21,0.38,1.5,0.039,37,122,0.98972,3.2,0.43,12,0.030245747
Wi01-1554,White,30.99,8,6,0.25,0.28,2.2,0.026,54,126,0.9898,3.43,0.65,12.9,0.017683341
Wi01-1555,White,13.99,5,7.5,0.3,0.21,6.55,0.026,33,143,0.99244,2.92,0.35,11.1,0.034166892
Wi01-1556,White,14.99,6,7.5,0.24,0.29,1.1,0.046,34,84,0.9902,3.04,0.39,11.45,0.025436943
Wi01-1557,White,21.99,7,7,0.36,0.3,5,0.04,40,143,0.99173,3.33,0.42,12.2,0.018460539
Wi01-1558,White,18.99,6,6.3,0.27,0.49,1.2,0.063,35,92,0.9911,3.38,0.42,12.2,0.025036052
Wi01-1559,White,18.99,7,5.8,0.18,0.37,1.2,0.036,19,74,0.98853,3.09,0.49,12.7,0.019670751
Wi01-1560,White,21.99,7,7.2,0.17,0.28,17.55,0.05,33,154,0.99971,2.94,0.43,9,0.021947874
Wi01-1561,White,15.99,6,5.1,0.26,0.34,6.4,0.034,26,99,0.99449,3.23,0.41,9.2,0.0316612
Wi01-1562,White,19.99,6,7.4,0.29,0.25,3.8,0.044,30,114,0.992,3.11,0.4,11,0.026874496
Wi01-1563,White,13.99,6,6.9,0.58,0.58,8.2,0.032,29,169,0.99275,3.28,0.44,12.2,0.023814967
Wi01-1564,White,19.99,6,5.3,0.395,0.07,1.3,0.035,26,102,0.992,3.5,0.35,10.6,0.029624275
Wi01-1565,White,13.99,6,5.6,0.32,0.33,7.4,0.037,25,95,0.99268,3.25,0.49,11.1,0.02480005
Wi01-1566,White,12.99,5,6.4,0.31,0.26,13.2,0.046,57,205,0.9975,3.17,0.41,9.6,0.03354399
Wi01-1567,White,19.99,6,6.6,0.19,0.43,10.9,0.045,53,154,0.99752,3.52,0.77,10.4,0.030036434
Wi01-1568,White,9.99,5,6.2,0.44,0.18,7.7,0.096,28,210,0.99771,3.56,0.72,9.2,0.048946668
Wi01-1569,White,19.99,6,5.9,0.26,0.29,5.4,0.046,34,116,0.99224,3.24,0.41,11.4,0.033057851
Wi01-1570,White,19.99,6,6.2,0.17,0.3,1.1,0.037,14,79,0.993,3.5,0.54,10.3,0.023668639
Wi01-1571,White,19.99,6,5.6,0.18,0.31,1.5,0.038,16,84,0.9924,3.34,0.58,10.1,0.029120898
Wi01-1572,White,25.99,7,7,0.31,0.29,1.4,0.037,33,128,0.9896,3.12,0.36,12.2,0.019130372
Wi01-1573,White,13.99,6,6.9,0.17,0.22,4.6,0.064,55,152,0.9952,3.29,0.37,9.3,0.030351224
Wi01-1574,White,20.99,7,6.3,0.19,0.29,2,0.022,33,96,0.98902,3.04,0.54,12.8,0.021065004
Wi01-1575,White,11.99,5,7.6,0.32,0.58,16.75,0.05,43,163,0.9999,3.15,0.54,9.2,0.03442092
Wi01-1576,White,14.99,5,5.3,0.21,0.29,0.7,0.028,11,66,0.99215,3.3,0.4,9.8,0.034166892
Wi01-1577,White,19.99,6,9,0.22,0.49,10.4,0.048,52,195,0.9987,3.31,0.44,10.2,0.030995834
Wi01-1578,White,19.99,7,6.8,0.32,0.32,8.7,0.029,31,105,0.99146,3,0.34,12.3,0.023451663
Wi01-1579,White,9.99,5,6.4,0.25,0.53,6.6,0.038,59,234,0.9955,3.03,0.42,8.8,0.038597967
Wi01-1580,White,15.99,6,7.2,0.23,0.32,8.5,0.058,47,186,0.9956,3.19,0.4,9.9,0.031215273
Wi01-1581,White,10.99,4,7.1,0.24,0.34,1.2,0.045,6,132,0.99132,3.16,0.46,11.2,0.076310247
Wi01-1582,White,21.99,7,6.5,0.37,0.33,3.9,0.027,40,130,0.9906,3.28,0.39,12.7,0.01902497
Wi01-1583,White,19.99,7,5.6,0.42,0.34,2.4,0.022,34,97,0.98915,3.22,0.38,12.8,0.019343819
Wi01-1584,White,19.99,6,6.3,0.26,0.49,1.5,0.052,34,134,0.9924,2.99,0.61,9.8,0.031548827
Wi01-1585,White,13.99,6,5.9,0.18,0.29,4.6,0.032,68,137,0.99159,3.21,0.38,11.3,0.028630243
Wi01-1586,White,19.99,6,7,0.2,0.38,8.1,0.05,42,173,0.99585,3.3,0.54,9.8,0.032700149
Wi01-1587,White,16.99,6,6.4,0.2,0.15,6.6,0.046,26,113,0.99408,2.99,0.58,9.9,0.02418678
Wi01-1588,White,17.99,6,6.2,0.3,0.21,1.1,0.032,31,111,0.9889,2.97,0.42,12.2,0.026874496
Wi01-1589,White,9.99,5,5.4,0.31,0.47,3,0.053,46,144,0.9931,3.29,0.76,10,0.043584189
Wi01-1590,White,17.99,6,7.6,0.17,0.27,4.6,0.05,23,98,0.99422,3.08,0.47,9.5,0.026353517
Wi01-1591,White,17.99,6,8,0.19,0.3,2,0.053,48,140,0.994,3.18,0.49,9.6,0.032116751
Wi01-1592,White,9.99,5,7.5,0.33,0.38,8.7,0.126,49,199,0.99711,2.98,0.57,9.4,0.038296422
Wi01-1593,White,25.99,7,6.1,0.22,0.4,1.85,0.031,25,111,0.98966,3.03,0.3,11.8,0.017920858
Wi01-1594,White,19.99,6,7.2,0.32,0.3,8.25,0.02,14,104,0.99362,2.99,0.44,11.4,0.030245747
Wi01-1595,White,14.99,6,6.7,0.48,0.49,2.9,0.03,28,122,0.98926,3.13,0.4,13,0.028341779
Wi01-1596,White,13.99,5,8,0.23,0.41,1.1,0.048,35,150,0.99168,3.09,0.47,11.2,0.043584189
Wi01-1597,White,6.99,4,7.1,0.23,0.24,5.4,0.039,60,196,0.9948,3.19,0.78,10,0.065077051
Wi01-1598,White,16.99,6,7.5,0.33,0.36,2.6,0.051,26,126,0.99097,3.32,0.53,12.7,0.029021763
Wi01-1599,White,23.99,7,6.8,0.25,0.28,5,0.035,42,126,0.99048,3.12,0.38,12.6,0.023166971
Wi01-1600,White,15.99,6,6.3,0.4,0.24,5.1,0.036,43,131,0.99186,3.24,0.44,11.3,0.030351224
Wi01-1601,White,14.99,6,7.2,0.21,1,1.1,0.154,46,114,0.9931,2.95,0.43,9.2,0.030036434
Wi01-1602,White,15.99,6,8.3,0.28,0.4,7.8,0.041,38,194,0.9976,3.34,0.51,9.6,0.025036052
Wi01-1603,White,13.99,6,6.5,0.24,0.39,17.3,0.052,22,126,0.99888,3.11,0.47,9.2,0.032116751
Wi01-1604,White,6.99,4,7,0.61,0.26,1.7,0.051,25,161,0.9946,3.36,0.6,10.6,0.060368611
Wi01-1605,White,13.99,5,6.8,0.26,0.44,8.2,0.046,52,183,0.99584,3.2,0.51,9.4,0.049163967
Wi01-1606,White,15.99,6,7.5,0.26,0.25,1.7,0.038,29,129,0.99312,3.45,0.56,10.4,0.027051593
Wi01-1607,White,19.99,6,6.8,0.15,0.32,8.8,0.058,24,110,0.9972,3.4,0.4,8.8,0.027777778
Wi01-1608,White,10.99,4,6.3,0.28,0.22,9.5,0.04,30,111,0.99338,3.05,0.31,10.8,0.068889027
Wi01-1609,White,14.99,6,6.7,0.15,0.38,1.7,0.037,20,84,0.99046,3.09,0.53,11.4,0.030563842
Wi01-1610,White,9.99,5,6,0.39,0.13,1.2,0.042,60,172,0.99114,3.06,0.52,10.6,0.045462605
Wi01-1611,White,18.99,7,7.2,0.24,0.29,2.2,0.037,37,102,0.992,3.27,0.64,11,0.018611957
Wi01-1612,White,22.99,7,7.6,0.19,0.32,18.75,0.047,32,193,1.00014,3.1,0.5,9.3,0.020234354
Wi01-1613,White,19.99,7,7,0.32,0.34,1.3,0.042,20,69,0.9912,3.31,0.65,12,0.019290123
Wi01-1614,White,19.99,6,8.1,0.2,0.36,9.7,0.044,63,162,0.997,3.1,0.46,10,0.02576463
Wi01-1615,White,19.99,6,5.8,0.18,0.37,1.1,0.036,31,96,0.98942,3.16,0.48,12,0.025355998
Wi01-1616,White,13.99,6,6.3,0.24,0.29,13.7,0.035,53,134,0.99567,3.17,0.38,10.6,0.028630243
Wi01-1617,White,16.99,6,9,0.26,0.34,6.7,0.029,21,162,0.99497,3.08,0.5,10.6,0.027870602
Wi01-1618,White,19.99,7,7.1,0.35,0.27,3.1,0.034,28,134,0.9897,3.26,0.38,13.1,0.019893332
Wi01-1619,White,13.99,6,6.2,0.25,0.21,15.55,0.039,28,159,0.9982,3.48,0.64,9.6,0.027870602
Wi01-1620,White,15.99,6,7.8,0.22,0.38,10.3,0.059,28,99,0.9967,3.12,0.47,10,0.029320698
Wi01-1621,White,8.99,5,6.1,0.17,0.42,15.1,0.033,28,124,0.99684,2.87,0.47,9.5,0.047258979
Wi01-1622,White,13.99,5,6,0.29,0.2,12.6,0.045,45,187,0.9972,3.33,0.42,9.5,0.042865287
Wi01-1623,White,19.99,6,6.4,0.31,0.27,7.4,0.049,48,169,0.99323,3.27,0.45,11.1,0.026699133
Wi01-1624,White,29.99,8,7.3,0.41,0.29,1.8,0.032,26,74,0.98889,2.96,0.35,13,0.016478781
Wi01-1625,White,15.99,6,7,0.14,0.32,9,0.039,54,141,0.9956,3.22,0.43,9.4,0.032001946
Wi01-1626,White,13.99,6,6.8,0.29,0.22,3.4,0.035,40,122,0.99024,3.09,0.47,12.3,0.025195263
Wi01-1627,White,14.99,5,6.9,0.37,0.23,9.5,0.057,54,166,0.99568,3.23,0.42,10,0.033421455
Wi01-1628,White,13.99,6,7,0.32,0.35,1.5,0.039,24,125,0.9918,3.17,0.64,12.2,0.025436943
Wi01-1629,White,14.99,6,7,0.21,0.34,8.5,0.033,31,253,0.9953,3.22,0.56,10.5,0.029726516
Wi01-1630,White,8.99,5,7.6,0.19,0.41,1.1,0.04,38,143,0.9907,2.92,0.42,11.4,0.035870064
Wi01-1631,White,15.99,6,6.6,0.25,0.42,11.3,0.049,77,231,0.9966,3.24,0.52,9.5,0.023814967
Wi01-1632,White,16.99,6,7.5,0.28,0.39,10.2,0.045,59,209,0.9972,3.16,0.63,9.6,0.030995834
Wi01-1633,White,17.99,6,6.7,0.24,0.41,8.7,0.036,29,148,0.9952,3.22,0.62,9.9,0.026962826
Wi01-1634,White,14.99,5,7.2,0.31,0.24,1.4,0.057,17,117,0.9928,3.16,0.35,10.5,0.040647763
Wi01-1635,White,19.99,6,7.6,0.27,0.25,13.9,0.05,45,199,0.9984,3.34,0.5,9.8,0.032348222
Wi01-1636,White,21.99,7,8.1,0.2,0.49,11.8,0.048,46,212,0.9968,3.09,0.46,10,0.022410269
Wi01-1637,White,18.99,6,5.7,0.22,0.2,16,0.044,41,113,0.99862,3.22,0.46,8.9,0.025847541
Wi01-1638,White,19.99,6,7.6,0.32,0.25,9.5,0.03,15,136,0.99367,3.1,0.44,12.1,0.029320698
Wi01-1639,White,14.99,5,6.9,0.34,0.74,11.2,0.069,44,150,0.9968,3,0.81,9.2,0.034166892
Wi01-1640,White,14.99,5,5.9,0.415,0.13,1.4,0.04,11,64,0.9922,3.29,0.52,10.5,0.03317839
Wi01-1641,White,13.99,6,5.7,0.21,0.24,2.3,0.047,60,189,0.995,3.65,0.72,10.1,0.029932592
Wi01-1642,White,19.99,7,5.9,0.34,0.31,2,0.03,38,142,0.98892,3.4,0.41,12.9,0.017920858
Wi01-1643,White,15.99,6,6.7,0.13,0.45,4.2,0.043,52,131,0.99162,3.06,0.54,11.3,0.023668639
Wi01-1644,White,19.99,7,7.4,0.19,0.49,6.7,0.037,15,110,0.9938,3.2,0.38,11,0.019290123
Wi01-1645,White,16.99,6,7,0.16,0.26,6.85,0.047,30,220,0.99622,3.38,0.58,10.1,0.026699133
Wi01-1646,White,18.99,6,7.8,0.39,0.26,9.9,0.059,33,181,0.9955,3.04,0.42,10.9,0.030563842
Wi01-1647,White,17.99,6,7.7,0.38,0.4,2,0.038,28,152,0.9906,3.18,0.32,12.9,0.024111724
Wi01-1648,White,15.99,6,6.9,0.25,0.3,4.1,0.054,23,116,0.994,2.99,0.38,9.4,0.027411078
Wi01-1649,White,18.99,6,6.6,0.31,0.28,1.4,0.035,28,107,0.98836,3,0.4,13.2,0.026439289
Wi01-1650,White,18.99,6,6.4,0.28,0.19,5.4,0.042,67,181,0.99435,3.31,0.35,10.2,0.025682117
Wi01-1651,White,15.99,6,7.2,0.24,0.4,1.4,0.045,31,106,0.9914,2.88,0.38,10.8,0.029624275
Wi01-1652,White,9.99,4,8.1,0.28,0.46,15.4,0.059,32,177,1.0004,3.27,0.58,9,0.0625
Wi01-1653,White,18.99,7,7.7,0.11,0.34,14.05,0.04,41,114,0.99634,3.07,0.59,11,0.019343819
Wi01-1654,White,19.99,6,6.2,0.2,0.31,1,0.031,22,73,0.99035,3.24,0.52,11.3,0.031774175
Wi01-1655,White,16.99,6,6.1,0.34,0.29,2.2,0.036,25,100,0.98938,3.06,0.44,11.8,0.03143705
Wi01-1656,White,19.99,7,7.4,0.16,0.27,15.5,0.05,25,135,0.9984,2.9,0.43,8.7,0.018017206
Wi01-1657,White,17.99,6,6.7,0.3,0.45,10.6,0.032,56,212,0.997,3.22,0.59,9.5,0.032818736
Wi01-1658,White,9.99,5,6.7,0.25,0.23,7.2,0.038,61,220,0.9952,3.14,0.35,9.5,0.040977561
Wi01-1659,White,14.99,5,6,0.28,0.29,19.3,0.051,36,174,0.99911,3.14,0.5,9,0.042865287
Wi01-1660,White,15.99,6,6.5,0.28,0.38,7.8,0.031,54,216,0.99154,3.03,0.42,13.1,0.027870602
Wi01-1661,White,8.99,5,6.6,0.24,0.35,7.7,0.031,36,135,0.9938,3.19,0.37,10.5,0.03354399
Wi01-1662,White,13.99,5,8.2,0.345,1,18.2,0.047,55,205,0.99965,2.96,0.43,9.6,0.042164026
Wi01-1663,White,16.99,6,7.7,0.16,0.36,5.9,0.054,25,148,0.99578,3.25,0.54,10.2,0.028151885
Wi01-1664,White,8.99,5,6.7,0.23,0.42,11.2,0.047,52,171,0.99758,3.54,0.74,10.4,0.045462605
Wi01-1665,White,26.99,7,5.2,0.31,0.2,2.4,0.027,27,117,0.98886,3.56,0.45,13,0.01782528
Wi01-1666,White,11.99,5,7.8,0.26,0.49,3.1,0.045,21,116,0.9931,3.16,0.35,10.3,0.041819832
Wi01-1667,White,13.99,5,6.4,0.68,0.26,3.4,0.069,25,146,0.99347,3.18,0.4,9.3,0.033915665
Wi01-1668,White,8.99,5,7.8,0.28,0.31,2.1,0.046,28,208,0.99434,3.23,0.64,9.8,0.035599858
Wi01-1669,White,13.99,5,6.9,0.32,0.17,7.6,0.042,69,219,0.9959,3.13,0.4,8.9,0.037703836
Wi01-1670,White,12.99,5,9.8,0.42,0.48,9.85,0.034,5,110,0.9958,2.87,0.29,10,0.044696932
Wi01-1671,White,15.99,6,6.2,0.3,0.2,6.6,0.045,42,170,0.9944,3.36,0.45,10.4,0.024722123
Wi01-1672,White,25.99,7,6,0.1,0.24,1.1,0.041,15,65,0.9927,3.61,0.61,10.3,0.021626298
Wi01-1673,White,10.99,5,7.7,0.3,0.23,2,0.068,28,138,0.99382,3.11,0.62,9.8,0.038597967
Wi01-1674,White,19.99,6,6.5,0.35,0.38,7.4,0.036,20,196,0.99712,3.47,0.48,9.1,0.02618322
Wi01-1675,White,11.99,5,7.6,0.2,0.26,4.5,0.086,37,133,0.9963,3.15,0.42,9.2,0.038903089
Wi01-1676,White,13.99,5,5.5,0.24,0.45,1.7,0.046,22,113,0.99224,3.22,0.48,10,0.036281179
Wi01-1677,White,6.99,4,8.2,0.29,0.49,1,0.044,29,118,0.9928,3.24,0.36,10.9,0.073842155
Wi01-1678,White,17.99,6,7.2,0.33,0.28,1.4,0.034,26,109,0.99246,3.28,0.57,10.6,0.032700149
Wi01-1679,White,12.99,5,6.4,0.18,0.74,11.9,0.046,54,168,0.9978,3.58,0.68,10.1,0.037268377
Wi01-1680,White,18.99,6,5.8,0.29,0.38,10.7,0.038,49,136,0.99366,3.11,0.59,11.2,0.023814967
Wi01-1681,White,10.99,5,7.3,0.31,0.69,10.2,0.041,58,160,0.9977,3.06,0.45,8.6,0.04
Wi01-1682,White,10.99,5,7.6,0.32,0.58,16.75,0.05,43,163,0.9999,3.15,0.54,9.2,0.043584189
Wi01-1683,White,9.99,5,8.9,0.33,0.32,1.5,0.047,11,200,0.9954,3.19,0.46,9.4,0.044508537
Wi01-1684,White,12.99,5,6.3,0.36,0.3,4.8,0.049,14,85,0.9932,3.28,0.39,10.6,0.04507733
Wi01-1685,White,18.99,6,6.7,0.22,0.39,1.2,0.049,26,152,0.99346,3.5,0.47,10,0.024414063
Wi01-1686,White,10.99,4,6.2,0.255,0.24,1.7,0.039,138.5,272,0.99452,3.53,0.53,9.6,0.066084681
Wi01-1687,White,12.99,5,8.2,0.37,0.27,1.7,0.028,10,59,0.9923,2.97,0.48,10.4,0.036143359
Wi01-1688,White,20.99,7,7.1,0.16,0.36,1.2,0.043,21,90,0.9925,3.16,0.42,11,0.020822532
Wi01-1689,White,7.99,4,8.6,0.34,0.36,1.4,0.045,11,119,0.99556,3.17,0.47,9.4,0.063129719
Wi01-1690,White,15.99,6,5.2,0.34,0.37,6.2,0.031,42,133,0.99076,3.25,0.41,12.5,0.024414063
Wi01-1691,White,23.99,7,6.2,0.17,0.28,4.7,0.037,39,133,0.9931,3.41,0.46,10.8,0.018816764
Wi01-1692,White,17.99,6,7.6,0.17,0.46,0.9,0.036,63,147,0.99126,3.02,0.41,10.7,0.031774175
Wi01-1693,White,16.99,6,6.4,0.22,0.34,1.4,0.023,56,115,0.98958,3.18,0.7,11.7,0.025275439
Wi01-1694,White,19.99,6,6.7,0.25,0.34,12.85,0.048,30,161,0.9986,3.44,0.47,9.5,0.0316612
Wi01-1695,White,15.99,6,6.5,0.27,0.26,8.2,0.042,21,133,0.99612,3.43,0.64,9.8,0.024878345
Wi01-1696,White,16.99,6,8.2,0.18,0.38,1.1,0.04,41,92,0.99062,2.88,0.6,12,0.029220542
Wi01-1697,White,24.99,7,5.2,0.5,0.18,2,0.036,23,129,0.98949,3.36,0.77,13.4,0.019077562
Wi01-1698,White,14.99,6,7.7,0.16,0.49,2,0.056,20,124,0.9948,3.32,0.49,10.7,0.025275439
Wi01-1699,White,9.99,5,6.3,0.36,0.2,2,0.048,48,191,0.9929,3.17,0.51,9.6,0.043402778
Wi01-1700,White,14.99,6,6.4,0.19,0.42,2.9,0.032,32,83,0.9908,3.3,0.41,11.7,0.032232175
Wi01-1701,White,12.99,5,5.4,0.24,0.18,2.3,0.05,22,145,0.99207,3.24,0.46,10.3,0.037268377
Wi01-1702,White,18.99,7,6.1,0.36,0.27,2.1,0.035,16,100,0.9917,3.4,0.71,11.5,0.018662845
Wi01-1703,White,15.99,6,7.15,0.17,0.24,9.6,0.119,56,178,0.99578,3.15,0.44,10.2,0.023668639
Wi01-1704,White,13.99,6,7.3,0.27,0.37,9.7,0.042,36,130,0.9979,3.48,0.75,9.9,0.024111724
Wi01-1705,White,18.99,6,6,0.18,0.27,1.5,0.089,40,143,0.9923,3.49,0.62,10.8,0.027051593
Wi01-1706,White,19.99,6,6.6,0.22,0.23,17.3,0.047,37,118,0.99906,3.08,0.46,8.8,0.028437448
Wi01-1707,White,26.99,7,6.8,0.11,0.42,1.1,0.042,51,132,0.99059,3.18,0.74,11.3,0.020292043
Wi01-1708,White,22.99,7,7.6,0.52,0.49,14,0.034,37,156,0.9958,3.14,0.38,11.8,0.017777778
Wi01-1709,White,21.99,7,6.2,0.21,0.27,1.7,0.038,41,150,0.9933,3.49,0.71,10.5,0.019893332
Wi01-1710,White,15.99,6,6.8,0.28,0.29,11.9,0.052,51,149,0.99544,3.02,0.58,10.4,0.032232175
Wi01-1711,White,21.99,7,7.3,0.23,0.27,2.6,0.035,39,120,0.99138,3.04,0.59,11.3,0.020119712
Wi01-1712,White,16.99,6,6.7,0.41,0.27,2.6,0.033,25,85,0.99086,3.05,0.34,11.7,0.025518276
Wi01-1713,White,12.99,5,6.4,0.46,0.22,14.7,0.047,51,183,0.998275,3.39,0.6,10.5,0.041143967
Wi01-1714,White,9.99,5,7.1,0.28,0.35,3.5,0.028,35,91,0.99022,2.96,0.33,12.1,0.040647763
Wi01-1715,White,22.99,7,8.3,0.26,0.41,9.2,0.042,41,162,0.9944,3.1,0.38,12,0.021065004
Wi01-1716,White,23.99,7,7,0.35,0.3,6.5,0.028,27,87,0.9936,3.4,0.42,11.4,0.021562831
Wi01-1717,White,18.99,6,7.3,0.18,0.29,1,0.036,26,101,0.99,3.09,0.37,11.7,0.029021763
Wi01-1718,White,9.99,4,7.1,0.21,0.28,2.7,0.034,23,111,0.99405,3.35,0.64,10.2,0.054589921
Wi01-1719,White,26.99,7,6.5,0.33,0.3,3.8,0.036,34,88,0.99028,3.25,0.63,12.5,0.018611957
Wi01-1720,White,12.99,5,4.9,0.345,0.34,1,0.068,32,143,0.99138,3.24,0.4,10.1,0.034807307
Wi01-1721,White,10.99,5,6.3,0.21,0.29,11.7,0.048,49,147,0.99482,3.22,0.38,10.8,0.035200237
Wi01-1722,White,17.99,6,6.6,0.38,0.15,4.6,0.044,25,78,0.9931,3.11,0.38,10.2,0.025436943
Wi01-1723,White,12.99,5,5.7,0.335,0.34,1,0.04,13,174,0.992,3.27,0.66,10,0.046648536
Wi01-1724,White,24.99,7,6.9,0.28,0.24,2.1,0.034,49,121,0.98882,2.98,0.43,13.2,0.01831096
Wi01-1725,White,13.99,6,7.2,0.21,0.34,1.1,0.046,25,80,0.992,3.25,0.4,11.3,0.027051593
Wi01-1726,White,16.99,6,7.8,0.26,0.74,7.5,0.044,59,160,0.996,3.22,0.64,10,0.031215273
Wi01-1727,White,22.99,7,7,0.15,0.28,14.7,0.051,29,149,0.99792,2.96,0.39,9,0.019615689
Wi01-1728,White,19.99,6,6.5,0.23,0.25,17.3,0.046,15,110,0.99828,3.15,0.42,9.2,0.025518276
Wi01-1729,White,19.99,6,8.6,0.16,0.49,7.3,0.043,9,63,0.9953,3.13,0.59,10.5,0.030351224
Wi01-1730,White,13.99,6,7.9,0.28,0.49,7.7,0.045,48,195,0.9954,3.04,0.55,11,0.032700149
Wi01-1731,White,14.99,6,7.2,0.3,0.3,8.1,0.05,40,188,0.99652,3.15,0.49,9.1,0.032001946
Wi01-1732,White,9.99,5,6.5,0.36,0.32,1.1,0.031,13,66,0.9916,3.1,0.46,10.6,0.035200237
Wi01-1733,White,16.99,6,6.9,0.21,0.33,1.4,0.056,35,136,0.9938,3.63,0.78,10.3,0.028151885
Wi01-1734,White,14.99,5,6.4,0.28,0.41,6.8,0.045,61,216,0.9952,3.09,0.46,9.4,0.038903089
Wi01-1735,White,8.99,5,8.4,0.19,0.43,2.1,0.052,20,104,0.994,2.85,0.46,9.5,0.039524286
Wi01-1736,White,18.99,7,7,0.3,0.38,14.9,0.032,60,181,0.9983,3.18,0.61,9.3,0.019451885
Wi01-1737,White,8.99,4,6.6,0.38,0.18,1.2,0.042,20,84,0.9927,3.22,0.45,10.1,0.049382716
Wi01-1738,White,24.99,7,7.1,0.36,0.4,1.95,0.033,26,118,0.98934,3.2,0.45,13.5,0.018868494
Wi01-1739,White,9.99,5,7.4,0.41,0.34,4.7,0.042,19,127,0.9953,3.25,0.42,10.4,0.048516369
Wi01-1740,White,19.99,6,7.3,0.13,0.32,14.4,0.051,34,109,0.9974,3.2,0.35,9.2,0.024722123
Wi01-1741,White,14.99,5,6.7,0.27,0.25,8,0.053,54,202,0.9961,3.22,0.43,9.3,0.038597967
Wi01-1742,White,36.99,8,8.2,0.37,0.36,1,0.034,17,93,0.9906,3.04,0.32,11.7,0.016227839
Wi01-1743,White,9.99,5,8.4,0.3,0.25,17.75,0.047,25,218,1.00016,2.98,0.66,9.1,0.038903089
Wi01-1744,White,11.99,5,6.4,0.25,0.41,8.6,0.042,57,173,0.9965,3,0.44,9.1,0.038597967
Wi01-1745,White,19.99,6,5.8,0.36,0.26,3.3,0.038,40,153,0.9911,3.34,0.55,11.3,0.025115468
Wi01-1746,White,11.99,5,7.4,0.44,0.2,11.5,0.049,44,157,0.998,3.27,0.44,9,0.035465898
Wi01-1747,White,10.99,5,6.5,0.25,0.5,7.6,0.047,54,184,0.99572,3.17,0.45,9.2,0.04
Wi01-1748,White,14.99,6,7.8,0.3,0.29,16.85,0.054,23,135,0.9998,3.16,0.38,9,0.0316612
Wi01-1749,White,10.99,5,7.6,0.47,0.49,13,0.239,42,220,0.9988,2.96,0.51,9.2,0.033915665
Wi01-1750,White,22.99,7,6.8,0.18,0.28,9.8,0.039,29,113,0.99406,3.11,0.45,10.9,0.022956841
Wi01-1751,White,17.99,6,7,0.2,0.33,4.7,0.03,25,76,0.99202,2.88,0.54,10.5,0.026268161
Wi01-1752,White,19.99,7,7.1,0.12,0.3,3.1,0.018,15,37,0.99004,3.02,0.52,11.9,0.019781572
Wi01-1753,White,14.99,6,6.3,0.495,0.22,1.8,0.046,31,140,0.9929,3.39,0.54,10.4,0.02576463
Wi01-1754,White,13.99,5,6.2,0.33,0.29,1.3,0.042,26,138,0.9956,3.77,0.64,9.5,0.036419789
Wi01-1755,White,8.99,5,6.5,0.51,0.25,1.7,0.048,39,177,0.99212,3.28,0.57,10.56666667,0.036699403
Wi01-1756,White,24.99,7,7.1,0.23,0.3,2.6,0.034,62,148,0.99121,3.03,0.56,11.3,0.021311737
Wi01-1757,White,16.99,6,7.3,0.22,0.37,14.3,0.063,48,191,0.9978,2.89,0.38,9,0.029120898
Wi01-1758,White,15.99,6,6.7,0.31,0.18,7.7,0.043,57,200,0.99566,3.17,0.44,9.4,0.025930853
Wi01-1759,White,20.99,7,6.7,0.46,0.27,5.2,0.039,35,96,0.99129,3.16,0.44,12.4,0.020408163
Wi01-1760,White,24.99,7,6,0.29,0.41,10.8,0.048,55,149,0.9937,3.09,0.59,10.96666667,0.020702862
Wi01-1761,White,31.99,8,6.4,0.15,0.36,1.8,0.034,43,150,0.9922,3.42,0.69,11,0.016692373
Wi01-1762,White,18.99,6,6.9,0.44,0.27,5,0.038,33,166,0.99124,3.2,0.42,12.2,0.030563842
Wi01-1763,White,13.99,6,6.8,0.21,0.49,14.5,0.06,50,170,0.9991,3.55,0.44,9.8,0.033057851
Wi01-1764,White,12.99,5,7.9,0.36,0.53,12.9,0.049,63,139,0.99792,2.94,0.45,9.1,0.049163967
Wi01-1765,White,21.99,7,6.2,0.36,0.38,3.2,0.031,20,89,0.98956,3.06,0.33,12,0.019451885
Wi01-1766,White,12.99,5,8.3,0.36,0.57,15,0.052,35,256,1.0001,2.93,0.64,8.6,0.047881484
Wi01-1767,White,14.99,5,6.1,0.28,0.27,8,0.048,41,162,0.99498,3.21,0.51,9.9,0.03442092
Wi01-1768,White,30.99,8,5.8,0.28,0.34,2.2,0.037,24,125,0.98986,3.36,0.33,12.8,0.017042859
Wi01-1769,White,18.99,6,5.6,0.46,0.24,4.8,0.042,24,72,0.9908,3.29,0.37,12.6,0.032001946
Wi01-1770,White,19.99,6,6,0.28,0.24,17.8,0.047,42,111,0.99896,3.1,0.45,8.9,0.029220542
Wi01-1771,White,15.99,6,6.4,0.55,0.26,9.6,0.027,20,104,0.9924,3.22,0.73,13.1,0.025036052
Wi01-1772,White,15.99,6,8.4,0.2,0.38,11.8,0.055,51,170,1.0004,3.34,0.82,8.9,0.030563842
Wi01-1773,White,17.99,6,7.8,0.19,0.32,7.4,0.015,47,124,0.99278,2.99,0.39,11,0.029932592
Wi01-1774,White,18.99,7,6.4,0.4,0.19,3.2,0.033,28,124,0.9904,3.22,0.54,12.7,0.018713941
Wi01-1775,White,10.99,4,6.9,0.39,0.22,4.3,0.03,10,102,0.993,3,0.87,11.6,0.079349335
Wi01-1776,White,19.99,6,6.1,0.21,0.3,6.3,0.039,47,136,0.99068,3.27,0.31,12.7,0.025275439
Wi01-1777,White,17.99,6,7.1,0.14,0.33,1,0.104,20,54,0.99057,3.19,0.64,11.5,0.026439289
Wi01-1778,White,14.99,6,6.7,0.66,0,13,0.033,32,75,0.99551,3.15,0.5,10.7,0.02609869
Wi01-1779,White,14.99,5,6.4,0.38,0.24,7.2,0.047,41,151,0.99604,3.11,0.6,9.2,0.033057851
Wi01-1780,White,18.99,6,7,0.24,0.3,12.3,0.035,72,172,0.9954,2.99,0.57,10.4,0.023814967
Wi01-1781,White,9.99,5,7.5,0.2,0.49,1.3,0.031,8,97,0.9918,3.06,0.62,11.1,0.040484355
Wi01-1782,White,13.99,6,6.7,0.24,0.31,2.3,0.044,37,113,0.99013,3.29,0.46,12.9,0.030563842
Wi01-1783,White,19.99,7,6.6,0.26,0.21,2.9,0.026,48,126,0.99089,3.22,0.38,11.3,0.018920438
Wi01-1784,White,19.99,7,5.5,0.42,0.09,1.6,0.019,18,68,0.9906,3.33,0.51,11.4,0.021626298
Wi01-1785,White,14.99,6,5.7,0.385,0.04,12.6,0.034,22,115,0.9964,3.28,0.63,9.9,0.032116751
Wi01-1786,White,12.99,5,7.1,0.2,0.37,1.5,0.049,28,129,0.99226,3.15,0.52,10.8,0.03329959
Wi01-1787,White,13.99,5,8,0.25,0.13,17.2,0.036,49,219,0.9996,2.96,0.46,9.7,0.034548997
Wi01-1788,White,12.99,5,6.9,0.28,0.41,1.4,0.016,6,55,0.98876,3.16,0.4,13.4,0.045462605
Wi01-1789,White,10.99,5,6.6,0.29,0.44,9,0.053,62,178,0.99685,3.02,0.45,8.9,0.041311389
Wi01-1790,White,14.99,6,6.4,0.22,0.32,4.9,0.046,50,156,0.99316,3.38,0.55,11.2,0.023888641
Wi01-1791,White,25.99,7,7.3,0.33,0.4,6.85,0.038,32,138,0.992,3.03,0.3,11.9,0.021626298
Wi01-1792,White,25.99,7,5.9,0.18,0.28,1,0.037,24,88,0.99094,3.29,0.55,10.65,0.022078516
Wi01-1793,White,16.99,6,7.2,0.23,0.38,14.3,0.058,55,194,0.9979,3.09,0.44,9,0.024957012
Wi01-1794,White,14.99,6,5.7,0.33,0.32,1.4,0.043,28,93,0.9897,3.31,0.5,12.3,0.030140818
Wi01-1795,White,21.99,7,7.6,0.2,0.39,2.6,0.044,30,180,0.9941,3.46,0.44,10.8,0.022276676
Wi01-1796,White,13.99,6,6.5,0.26,0.24,10.8,0.042,47,130,0.996,3.08,0.4,10.1,0.031887755
Wi01-1797,White,25.99,7,8,0.2,0.4,5.2,0.055,41,167,0.9953,3.18,0.4,10.6,0.020762568
Wi01-1798,White,7.99,4,7.1,0.64,0.49,1.8,0.05,17,128,0.9946,3.31,0.58,10.6,0.055363322
Wi01-1799,White,20.99,7,6.6,0.17,0.28,1.1,0.034,55,108,0.98939,3,0.52,11.9,0.020006042
Wi01-1800,White,11.99,5,6.2,0.27,0.32,8.8,0.047,65,224,0.9961,3.17,0.47,8.9,0.036559195
Wi01-1801,White,19.99,6,9,0.2,0.33,3.5,0.049,10,40,0.9944,3.14,0.36,9.8,0.031887755
Wi01-1802,White,8.99,5,7.9,0.21,0.39,2,0.057,21,138,0.99176,3.05,0.52,10.9,0.04233772
Wi01-1803,White,12.99,5,7.4,0.37,0.26,9.6,0.05,33,134,0.99608,3.13,0.46,10.4,0.039211842
Wi01-1804,White,15.99,6,7.9,0.255,0.26,2,0.026,40,190,0.9932,3.04,0.39,11.2,0.026353517
Wi01-1805,White,18.99,7,7,0.15,0.28,14.7,0.051,29,149,0.99792,2.96,0.39,9,0.020822532
Wi01-1806,White,19.99,6,6.2,0.26,0.2,8,0.047,35,111,0.99445,3.11,0.42,10.4,0.027593514
Wi01-1807,White,13.99,5,6.3,0.34,0.19,5.8,0.041,22,145,0.9943,3.15,0.63,9.9,0.04032193
Wi01-1808,White,18.99,6,7.7,0.26,0.34,6.4,0.05,36,163,0.9937,3.19,0.7,11.5,0.028533601
Wi01-1809,White,13.99,5,6.2,0.25,0.54,7,0.046,58,176,0.99454,3.19,0.7,10.4,0.047465125
Wi01-1810,White,12.99,5,6.6,0.27,0.52,8.1,0.044,53,202,0.99548,3.18,0.48,9.5,0.036143359
Wi01-1811,White,16.99,6,8.6,0.33,0.34,11.8,0.059,42,240,0.99882,3.17,0.52,10,0.023962657
Wi01-1812,White,9.99,5,6.4,0.33,0.24,1.6,0.054,25,117,0.9943,3.36,0.5,9.3,0.04432133
Wi01-1813,White,12.99,5,6.9,0.4,0.37,8.9,0.053,36,148,0.996,3.16,0.5,9.3,0.038903089
Wi01-1814,White,18.99,7,6.6,0.32,0.26,4.6,0.031,26,120,0.99198,3.4,0.73,12.5,0.01831096
Wi01-1815,White,21.99,7,8.6,0.2,0.42,1.5,0.041,35,125,0.9925,3.11,0.49,11.4,0.018510806
Wi01-1816,White,14.99,6,7.8,0.32,0.33,10.4,0.031,47,194,0.99692,3.07,0.58,9.6,0.029220542
Wi01-1817,White,23.99,7,5.6,0.18,0.58,1.25,0.034,29,129,0.98984,3.51,0.6,12,0.021690045
Wi01-1818,White,10.99,4,6.5,0.28,0.28,8.5,0.047,54,210,0.9962,3.09,0.54,8.9,0.059779652
Wi01-1819,White,15.99,6,6.8,0.27,0.28,7.8,0.038,26,89,0.9915,3.24,0.34,12.5,0.028923134
Wi01-1820,White,19.99,7,6.6,0.25,0.41,7.4,0.043,29,151,0.9946,3.15,0.6,10.2,0.019670751
Wi01-1821,White,9.99,5,6,0.2,0.71,1.6,0.15,10,54,0.9927,3.12,0.47,9.8,0.038296422
Wi01-1822,White,19.99,6,6.2,0.3,0.49,11.2,0.058,68,215,0.99656,3.19,0.6,9.4,0.026699133
Wi01-1823,White,19.99,7,6.4,0.17,0.27,1.5,0.037,20,98,0.9916,3.46,0.42,11,0.022545068
Wi01-1824,White,8.99,5,5,0.24,0.19,5,0.043,17,101,0.99438,3.67,0.57,10,0.040977561
Wi01-1825,White,19.99,6,7.7,0.27,0.49,1.8,0.041,23,86,0.9914,3.16,0.42,12.5,0.027870602
Wi01-1826,White,26.99,7,6.7,0.18,0.28,10.2,0.039,29,115,0.99469,3.11,0.45,10.9,0.020466597
Wi01-1827,White,11.99,5,7.1,0.3,0.49,1.6,0.045,31,100,0.9942,3.4,0.59,10.2,0.038750078
Wi01-1828,White,20.99,7,6.7,0.21,0.42,9.1,0.049,31,150,0.9953,3.12,0.74,9.9,0.022013049
Wi01-1829,White,16.99,6,5.9,0.34,0.25,2,0.042,12,110,0.99034,3.02,0.54,11.4,0.023814967
Wi01-1830,White,10.99,5,7,0.53,0.02,1,0.036,39,107,0.993,3.2,0.32,9,0.037703836
Wi01-1831,White,22.99,7,6.4,0.35,0.28,1.1,0.055,9,160,0.99405,3.42,0.5,9.1,0.023523655
Wi01-1832,White,14.99,6,7.2,0.2,0.3,2,0.039,43,188,0.9911,3.3,0.41,12,0.027963893
Wi01-1833,White,19.99,6,6,0.28,0.34,1.6,0.119,33,104,0.9921,3.19,0.38,10.2,0.024037017
Wi01-1834,White,24.99,7,6.5,0.23,0.39,1.9,0.036,41,98,0.99,3.19,0.43,11.9,0.021187832
Wi01-1835,White,16.99,6,6.2,0.32,0.45,2.9,0.029,37,94,0.98998,3.25,0.6,12.4,0.028151885
Wi01-1836,White,17.99,6,7.1,0.23,0.39,13.7,0.058,26,172,0.99755,2.9,0.46,9,0.032700149
Wi01-1837,White,23.99,7,6.8,0.18,0.28,9.8,0.039,29,113,0.99406,3.11,0.45,10.9,0.023668639
Wi01-1838,White,18.99,6,7.8,0.19,0.26,8.9,0.039,42,182,0.996,3.18,0.46,9.9,0.026874496
Wi01-1839,White,18.99,6,7.1,0.2,0.31,6.85,0.053,32,211,0.99587,3.31,0.59,10.4,0.032582205
Wi01-1840,White,14.99,6,7,0.23,0.26,7.2,0.041,21,90,0.99509,3.22,0.55,9.5,0.027051593
Wi01-1841,White,16.99,6,7.6,0.27,0.52,3.2,0.043,28,152,0.99129,3.02,0.53,11.4,0.032818736
Wi01-1842,White,19.99,6,7.7,0.42,0.31,9.2,0.048,22,221,0.9969,3.06,0.61,9.2,0.025436943
Wi01-1843,White,19.99,6,7.1,0.36,0.56,1.3,0.046,25,102,0.9923,3.24,0.33,10.5,0.030351224
Wi01-1844,White,10.99,5,6.8,0.27,0.12,1.3,0.04,87,168,0.992,3.18,0.41,10,0.03442092
Wi01-1845,White,17.99,6,5.7,0.25,0.22,9.8,0.049,50,125,0.99571,3.2,0.45,10.1,0.027411078
Wi01-1846,White,15.99,6,5.8,0.42,0.3,2.2,0.035,26,129,0.989,3.32,0.47,12.9,0.032700149
Wi01-1847,White,13.99,6,6.8,0.28,0.36,8,0.045,28,123,0.9928,3.02,0.37,11.4,0.026786599
Wi01-1848,White,21.99,7,5.8,0.31,0.32,4.5,0.024,28,94,0.98906,3.25,0.52,13.7,0.021690045
Wi01-1849,White,18.99,6,7.2,0.29,0.4,13.6,0.045,66,231,0.9977,3.08,0.59,9.6,0.025195263
Wi01-1850,White,19.99,6,5.7,0.41,0.21,1.9,0.048,30,112,0.99138,3.29,0.55,11.2,0.028246593
Wi01-1851,White,9.99,5,7.8,0.34,0.27,1.2,0.04,25,106,0.9932,3.01,0.55,10.4,0.048516369
Wi01-1852,White,17.99,6,6.3,0.34,0.29,6.2,0.046,29,227,0.9952,3.29,0.53,10.1,0.025518276
Wi01-1853,White,14.99,5,6.9,0.28,0.22,10,0.052,36,131,0.99696,3.08,0.46,9.6,0.04
Wi01-1854,White,10.99,5,6,0.45,0.65,9.7,0.08,11,159,0.9956,3.04,0.48,9.4,0.03317839
Wi01-1855,White,18.99,6,7.7,0.12,0.32,1.4,0.06,47,150,0.9952,3.37,0.42,9.2,0.028151885
Wi01-1856,White,16.99,6,5.8,0.39,0.47,7.5,0.027,12,88,0.9907,3.38,0.45,14,0.024722123
Wi01-1857,White,12.99,5,6,0.16,0.3,6.7,0.043,43,153,0.9951,3.63,0.46,10.6,0.042688341
Wi01-1858,White,20.99,7,6.4,0.22,0.38,9.1,0.044,35,127,0.99326,2.97,0.3,11,0.019726045
Wi01-1859,White,12.99,5,6.8,0.46,0.26,6.3,0.147,49,159,0.99434,3.14,0.47,10,0.038146973
Wi01-1860,White,23.99,7,6.2,0.35,0.31,2.6,0.036,37,92,0.98938,3.27,0.53,12.8,0.020882756
Wi01-1861,White,14.99,5,8,0.29,0.49,11.7,0.035,40,131,0.9958,3.14,0.34,10.8,0.048091721
Wi01-1862,White,13.99,6,6.3,0.21,0.28,1.5,0.051,46,142,0.9928,3.23,0.42,10.1,0.028825006
Wi01-1863,White,19.99,6,5.7,0.25,0.27,10.8,0.05,58,116,0.99592,3.1,0.5,9.8,0.02576463
Wi01-1864,White,28.99,8,6.8,0.22,0.31,6.9,0.037,33,121,0.99176,3.02,0.39,11.9,0.01516659
Wi01-1865,White,14.99,6,7.2,0.39,0.54,1.4,0.157,34,132,0.99449,3.11,0.53,9,0.024337947
Wi01-1866,White,16.99,6,6.9,0.38,0.29,13.65,0.048,52,189,0.99784,3,0.6,9.5,0.030563842
Wi01-1867,White,6.99,3,11.8,0.23,0.38,11.1,0.034,15,123,0.9997,2.93,0.55,9.7,0.098269475
Wi01-1868,White,12.99,5,8.1,0.45,0.34,8.3,0.037,33,216,0.9976,3.31,0.64,9.7,0.036006323
Wi01-1869,White,10.99,5,5.6,0.695,0.06,6.8,0.042,9,84,0.99432,3.44,0.44,10.2,0.046648536
Wi01-1870,White,9.99,5,6,0.26,0.18,7,0.055,50,194,0.99591,3.21,0.43,9,0.04585284
Wi01-1871,White,35.99,8,7.1,0.26,0.31,2.2,0.044,29,128,0.9937,3.34,0.64,10.9,0.015586011
Wi01-1872,White,19.99,6,6.9,0.44,0.42,8.5,0.048,10,147,0.9974,3.32,0.46,9.5,0.027140798
Wi01-1873,White,18.99,7,7.6,0.29,0.49,9.6,0.03,45,197,0.9938,3.13,0.38,12.3,0.01902497
Wi01-1874,White,15.99,6,5,0.44,0.04,18.6,0.039,38,128,0.9985,3.37,0.57,10.2,0.032348222
Wi01-1875,White,19.99,6,5.8,0.3,0.12,1.6,0.036,57,163,0.99239,3.38,0.59,10.5,0.032116751
Wi01-1876,White,24.99,7,6.4,0.18,0.31,1.6,0.049,36,127,0.9934,3.6,0.67,10.4,0.022612923
Wi01-1877,White,9.99,5,7.7,0.31,0.26,7.8,0.031,23,90,0.9944,3.13,0.5,10.4,0.048516369
Wi01-1878,White,13.99,6,6.8,0.27,0.3,13,0.047,69,160,0.99705,3.16,0.5,9.6,0.0256
Wi01-1879,White,13.99,6,8.5,0.15,0.49,1.5,0.031,17,122,0.9932,3.03,0.4,10.3,0.023888641
Wi01-1880,White,11.99,5,6.9,0.18,0.33,1,0.054,24,164,0.9926,3.42,0.51,10.5,0.042865287
Wi01-1881,White,12.99,5,5.5,0.14,0.27,4.6,0.029,22,104,0.9949,3.34,0.44,9,0.039057008
Wi01-1882,White,10.99,5,6.2,0.46,0.25,4.4,0.066,62,207,0.9939,3.25,0.52,9.8,0.036143359
Wi01-1883,White,19.99,6,7.8,0.15,0.24,7.7,0.047,21,98,0.9951,2.94,0.31,9.6,0.025847541
Wi01-1884,White,14.99,5,7.1,0.25,0.28,1.6,0.052,46,169,0.9926,3.05,0.41,10.5,0.04507733
Wi01-1885,White,16.99,6,5.8,0.23,0.31,4.5,0.046,42,124,0.99324,3.31,0.64,10.8,0.027320538
Wi01-1886,White,15.99,6,5.6,0.18,0.27,1.7,0.03,31,103,0.98892,3.35,0.37,12.9,0.025115468
Wi01-1887,White,15.99,6,6.4,0.33,0.24,9.8,0.041,29,109,0.9956,3.29,0.47,10.1,0.024337947
Wi01-1888,White,14.99,6,6.9,0.25,0.34,1.3,0.035,27,82,0.99045,3.18,0.44,12.2,0.024262187
Wi01-1889,White,16.99,6,8,0.3,0.36,11,0.034,8,70,0.99354,3.05,0.41,12.2,0.029726516
Wi01-1890,White,11.99,5,6.8,0.44,0.2,16,0.065,61,186,0.99884,3.13,0.45,8.6,0.038750078
Wi01-1891,White,16.99,6,6.5,0.2,0.33,1.5,0.039,36,110,0.99008,3.22,0.65,12,0.025682117
Wi01-1892,White,17.99,6,5.2,0.365,0.08,13.5,0.041,37,142,0.997,3.46,0.39,9.9,0.026874496
Wi01-1893,White,11.99,5,9.6,0.23,0.4,1.5,0.044,19,135,0.9937,2.96,0.49,10.9,0.042865287
Wi01-1894,White,14.99,5,6.7,0.34,0.3,15.6,0.054,51,196,0.9982,3.19,0.49,9.3,0.03968191
Wi01-1895,White,20.99,7,7.3,0.22,0.4,14.75,0.042,44.5,129.5,0.9998,3.36,0.41,9.1,0.018713941
Wi01-1896,White,8.99,5,7.3,0.3,0.25,2.5,0.045,32,122,0.99329,3.18,0.54,10.3,0.041143967
Wi01-1897,White,18.99,6,7.4,0.31,0.28,1.6,0.05,33,137,0.9929,3.31,0.56,10.5,0.028057653
Wi01-1898,White,13.99,5,6.9,0.29,0.41,7.8,0.046,52,171,0.99537,3.12,0.51,9.6,0.042688341
Wi01-1899,White,18.99,7,5.8,0.3,0.27,1.7,0.014,45,104,0.98914,3.4,0.56,12.6,0.022887433
Wi01-1900,White,8.99,5,6.3,0.19,0.33,10.1,0.063,63,133,0.99561,2.86,0.41,9.1,0.03329959
Wi01-1901,White,10.99,5,7.7,0.18,0.53,1.2,0.041,42,167,0.9908,3.11,0.44,11.9,0.0336672
Wi01-1902,White,14.99,6,7.3,0.18,0.31,17.3,0.055,32,197,1.0002,3.13,0.46,9,0.026268161
Wi01-1903,White,17.99,6,6,0.19,0.29,1.2,0.046,29,92,0.99033,3.22,0.53,11.3,0.031548827
Wi01-1904,White,14.99,6,7.4,0.19,0.31,14.5,0.045,39,193,0.9986,3.1,0.5,9.2,0.031887755
Wi01-1905,White,12.99,5,6.1,0.17,0.21,1.9,0.09,44,130,0.99255,3.07,0.41,9.7,0.036143359
Wi01-1906,White,11.99,5,6.1,0.22,0.49,1.5,0.051,18,87,0.9928,3.3,0.46,9.6,0.036559195
Wi01-1907,White,10.99,4,7.1,0.53,0.24,0.8,0.029,29,86,0.993,3.16,0.32,9.1,0.067465003
Wi01-1908,White,6.99,4,6,0.35,0.46,0.9,0.033,9,65,0.98934,3.24,0.35,12.1,0.055103705
Wi01-1909,White,11.99,5,6.4,0.24,0.26,8.2,0.054,47,182,0.99538,3.12,0.5,9.5,0.038446751
Wi01-1910,White,31.99,8,7.3,0.25,0.36,2.1,0.034,30,177,0.99085,3.25,0.4,11.9,0.016310846
Wi01-1911,White,14.99,6,6.5,0.22,0.45,8,0.053,52,196,0.9959,3.23,0.48,9.1,0.0316612
Wi01-1912,White,18.99,6,7.4,0.26,0.43,6,0.022,22,125,0.9928,3.13,0.55,11.5,0.023962657
Wi01-1913,White,13.99,6,6,0.25,0.28,7.7,0.053,37,132,0.99489,3.06,0.5,9.4,0.02418678
Wi01-1914,White,19.99,7,5.9,0.37,0.32,1.6,0.029,41,102,0.98916,3.41,0.55,12.7,0.021436733
Wi01-1915,White,19.99,6,7.5,0.13,0.38,1.1,0.023,42,104,0.99112,3.28,0.53,11.8,0.025518276
Wi01-1916,White,23.99,7,6.4,0.23,0.32,1.9,0.038,40,118,0.99074,3.32,0.53,11.8,0.018460539
Wi01-1917,White,17.99,6,6.5,0.41,0.24,14,0.048,24,113,0.9982,3.44,0.53,9.8,0.032700149
Wi01-1918,White,9.99,5,6.8,0.18,0.37,1.6,0.055,47,154,0.9934,3.08,0.45,9.1,0.039211842
Wi01-1919,White,18.99,6,6.5,0.29,0.52,7.9,0.049,35,192,0.99551,3.16,0.51,9.5,0.025847541
Wi01-1920,White,16.99,6,6.7,0.24,0.46,2.2,0.033,19,111,0.99045,3.1,0.62,11.9,0.023814967
Wi01-1921,White,16.99,6,8.3,0.49,0.43,2.5,0.036,32,116,0.9944,3.23,0.47,10.7,0.025682117
Wi01-1922,White,8.99,5,7.2,0.29,0.53,18.15,0.047,59,182,0.9992,3.09,0.52,9.6,0.044508537
Wi01-1923,White,14.99,6,7.5,0.38,0.33,5,0.045,30,131,0.9942,3.32,0.44,10.9,0.027320538
Wi01-1924,White,19.99,6,6.2,0.27,0.32,6.3,0.048,47,159,0.99282,3.21,0.6,11,0.029726516
Wi01-1925,White,22.99,7,6.4,0.23,0.35,4.6,0.039,43,147,0.99216,3.18,0.4,11,0.022887433
Wi01-1926,White,22.99,7,5.8,0.2,0.24,1.4,0.033,65,169,0.99043,3.59,0.56,12.3,0.018920438
Wi01-1927,White,16.99,6,7.8,0.3,0.29,16.85,0.054,23,135,0.9998,3.16,0.38,9,0.032464897
Wi01-1928,White,14.99,6,6.2,0.26,0.29,2,0.036,16,87,0.99081,3.33,0.61,11.8,0.031774175
Wi01-1929,White,17.99,6,7.2,0.19,0.31,1.6,0.062,31,173,0.9917,3.35,0.44,11.7,0.025518276
Wi01-1930,White,12.99,5,8.3,0.22,0.38,14.8,0.054,32,126,1.0002,3.22,0.5,9.7,0.034166892
Wi01-1931,White,17.99,6,7.4,0.26,0.43,6,0.022,22,125,0.9928,3.13,0.55,11.5,0.030995834
Wi01-1932,White,13.99,6,7,0.29,0.37,4.9,0.034,26,127,0.9928,3.17,0.44,10.8,0.029320698
Wi01-1933,White,16.99,6,6.6,0.56,0.16,3.1,0.045,28,92,0.994,3.12,0.35,9.1,0.029120898
Wi01-1934,White,16.99,6,7.4,0.35,0.2,13.9,0.054,63,229,0.99888,3.11,0.5,8.9,0.029120898
Wi01-1935,White,10.99,4,7,0.24,0.18,1.3,0.046,9,62,0.994,3.38,0.47,10.1,0.075890384
Wi01-1936,White,10.99,5,9.8,0.16,0.46,1.8,0.046,23,130,0.99587,3.04,0.67,9.6,0.042164026
Wi01-1937,White,18.99,6,4.9,0.235,0.27,11.75,0.03,34,118,0.9954,3.07,0.5,9.4,0.025355998
Wi01-1938,White,16.99,6,7,0.15,0.29,16.4,0.058,45,110,0.9978,3.15,0.37,9.7,0.026268161
Wi01-1939,White,12.99,5,7.1,0.32,0.24,13.1,0.05,52,204,0.998,3.1,0.49,8.8,0.035734578
Wi01-1940,White,19.99,6,7.7,0.18,0.35,5.8,0.055,25,144,0.99576,3.24,0.54,10.2,0.02576463
Wi01-1941,White,13.99,5,7.4,0.29,0.48,12.8,0.037,61.5,182,0.99808,3.02,0.34,8.8,0.038903089
Wi01-1942,White,25.99,7,6.9,0.38,0.32,8.5,0.044,36,152,0.9932,3.38,0.35,12,0.021003991
Wi01-1943,White,10.99,4,7.2,0.4,0.62,10.8,0.041,70,189,0.9976,3.08,0.49,8.6,0.056960259
Wi01-1944,White,10.99,5,7.2,0.16,0.26,7.1,0.054,41,224,0.9966,3.38,0.55,10.1,0.044886527
Wi01-1945,White,10.99,5,6.4,0.29,0.57,1,0.06,15,120,0.9924,3.06,0.41,9.5,0.035332693
Wi01-1946,White,14.99,6,7,0.21,0.28,8.6,0.045,37,221,0.9954,3.25,0.54,10.4,0.027051593
Wi01-1947,White,11.99,5,6.2,0.33,0.19,5.6,0.042,22,143,0.99425,3.15,0.63,9.9,0.041479835
Wi01-1948,White,24.99,7,6.4,0.125,0.36,1.4,0.044,22,68,0.99014,3.15,0.5,11.7,0.023166971
Wi01-1949,White,19.99,6,6.6,0.14,0.44,1.6,0.042,47,140,0.993,3.32,0.51,10.2,0.031325867
Wi01-1950,White,19.99,6,6.4,0.14,0.28,7.9,0.057,21,82,0.99425,3.26,0.36,10,0.032348222
Wi01-1951,White,8.99,5,6.3,0.23,0.49,7.1,0.05,67,210,0.9951,3.23,0.34,9.5,0.036281179
Wi01-1952,White,8.99,5,6.5,0.32,0.23,8.5,0.051,20,138,0.9943,3.03,0.42,10.7,0.035068524
Wi01-1953,White,19.99,6,7.4,0.15,0.42,1.7,0.045,49,154,0.992,3,0.6,10.4,0.030245747
Wi01-1954,White,22.99,7,8.2,0.42,0.29,4.1,0.03,31,100,0.9911,3,0.32,12.8,0.023308665
Wi01-1955,White,19.99,6,6,0.17,0.49,1,0.034,26,106,0.992,3.21,0.42,9.8,0.029320698
Wi01-1956,White,9.99,5,6,0.555,0.26,4.5,0.053,17,126,0.9943,3.24,0.46,9.1,0.038903089
Wi01-1957,White,19.99,6,5.6,0.185,0.19,7.1,0.048,36,110,0.99438,3.26,0.41,9.5,0.026699133
Wi01-1958,White,16.99,6,6.1,0.41,0.2,12.6,0.032,54,136,0.99516,2.91,0.43,10.6,0.027685416
Wi01-1959,White,18.99,7,6.2,0.1,0.41,1,0.04,17,76,0.98988,3.14,0.56,11.4,0.021818388
Wi01-1960,White,24.99,7,6.3,0.22,0.27,4.5,0.036,81,157,0.9928,3.05,0.76,10.7,0.019837334
Wi01-1961,White,18.99,6,6.7,0.27,0.26,2.3,0.043,61,181,0.99394,3.45,0.63,10.6,0.030140818
Wi01-1962,White,19.99,6,6,0.24,0.34,1,0.036,52,184,0.99097,3.44,0.44,11.45,0.033057851
Wi01-1963,White,23.99,7,5.9,0.24,0.3,2,0.033,28,92,0.99225,3.39,0.69,10.9,0.019560859
Wi01-1964,White,17.99,6,6.3,0.19,0.28,1.8,0.022,28,158,0.9907,3.2,0.64,11.4,0.023741634
Wi01-1965,White,13.99,6,6.6,0.26,0.29,1.4,0.039,13,67,0.9915,3.05,0.49,10.9,0.026786599
Wi01-1966,White,24.99,7,6.9,0.28,0.3,1.6,0.047,46,132,0.9918,3.35,0.38,11.1,0.019506258
Wi01-1967,White,21.99,7,6.1,0.3,0.56,2.8,0.044,47,179,0.9924,3.3,0.57,10.9,0.021947874
Wi01-1968,White,18.99,6,6.7,0.24,0.37,11.3,0.043,64,173,0.99632,3.08,0.53,9.9,0.028533601
Wi01-1969,White,14.99,6,6.6,0.25,0.3,14.4,0.052,40,183,0.998,3.02,0.5,9.1,0.029320698
Wi01-1970,White,18.99,6,7,0.45,0.34,19.8,0.04,12,67,0.9976,3.07,0.38,11,0.029932592
Wi01-1971,White,16.99,6,6.9,0.16,0.3,9.6,0.057,50,185,0.9978,3.39,0.38,9.6,0.031325867
Wi01-1972,White,10.99,5,6.3,0.21,0.58,10,0.081,34,126,0.9962,2.95,0.46,8.9,0.037268377
Wi01-1973,White,13.99,6,7.8,0.39,0.26,9.9,0.059,33,181,0.9955,3.04,0.42,10.9,0.02942137
Wi01-1974,White,13.99,6,6.7,0.36,0.28,8.3,0.034,29,81,0.99151,2.96,0.39,12.5,0.026353517
Wi01-1975,White,18.99,6,7.4,0.25,0.36,13.2,0.067,53,178,0.9976,3.01,0.48,9,0.026874496
Wi01-1976,White,18.99,6,6.1,0.18,0.38,2.3,0.033,28,111,0.98962,3.16,0.49,12.4,0.024567369
Wi01-1977,White,17.99,6,5.9,0.17,0.3,1.4,0.042,25,119,0.9931,3.68,0.72,10.5,0.030670989
Wi01-1978,White,13.99,6,7.5,0.18,0.37,6.2,0.05,21,138,0.99546,3.2,0.55,10.5,0.033057851
Wi01-1979,White,35.99,8,7.1,0.26,0.37,5.5,0.025,31,105,0.99082,3.06,0.33,12.6,0.014763874
Wi01-1980,White,18.99,6,8.1,0.28,0.39,1.9,0.029,18,79,0.9923,3.23,0.52,11.8,0.024337947
Wi01-1981,White,10.99,5,6.6,0.32,0.33,2.5,0.052,40,219.5,0.99316,3.15,0.6,10,0.042512488
Wi01-1982,White,10.99,5,7.2,0.26,0.32,10.4,0.062,23,114,0.9966,3.23,0.49,10.5,0.040812162
Wi01-1983,White,20.99,7,7.2,0.25,0.28,14.4,0.055,55,205,0.9986,3.12,0.38,9,0.020062756
Wi01-1984,White,21.99,7,6.5,0.5,0.22,4.1,0.036,35,131,0.9902,3.26,0.55,13,0.022210327
Wi01-1985,White,18.99,7,6.5,0.22,0.27,1.6,0.039,36,116,0.99178,3.38,0.57,11,0.019077562
Wi01-1986,White,9.99,5,7.6,0.345,0.26,1.9,0.043,15,134,0.9936,3.08,0.38,9.5,0.037412688
Wi01-1987,White,8.99,5,6.7,0.24,0.26,12.6,0.053,44,182,0.99802,3.42,0.42,9.7,0.047465125
Wi01-1988,White,19.99,6,6.2,0.23,0.36,17.2,0.039,37,130,0.99946,3.23,0.43,8.8,0.028246593
Wi01-1989,White,13.99,6,7.3,0.2,0.29,19.9,0.039,69,237,1.00037,3.1,0.48,9.2,0.027230446
Wi01-1990,White,8.99,4,6.4,0.27,0.19,1.9,0.085,21,196,0.99516,3.49,0.64,9.5,0.061268503
Wi01-1991,White,9.99,5,7.1,0.39,0.35,12.5,0.044,26,72,0.9941,3.17,0.29,11.6,0.039840479
Wi01-1992,White,15.99,6,6.5,0.23,0.33,13.8,0.042,25,139,0.99695,3.35,0.56,10.4,0.027140798
Wi01-1993,White,14.99,6,7.2,0.25,0.39,18.95,0.038,42,155,0.9999,2.97,0.47,9,0.026268161
Wi01-1994,White,26.99,7,6.4,0.33,0.28,4,0.04,24,81,0.9903,3.26,0.64,12.6,0.020882756
Wi01-1995,White,14.99,5,6.6,0.32,0.26,7.7,0.054,56,209,0.9961,3.17,0.45,8.8,0.04
Wi01-1996,White,19.99,7,5.6,0.49,0.13,4.5,0.039,17,116,0.9907,3.42,0.9,13.7,0.019615689
Wi01-1997,White,14.99,6,6.7,0.23,0.33,1.8,0.036,23,96,0.9925,3.32,0.4,10.8,0.02576463
Wi01-1998,White,18.99,6,7,0.28,0.33,14.6,0.043,47,168,0.9994,3.34,0.67,8.8,0.032464897
Wi01-1999,White,24.99,7,5.1,0.25,0.36,1.3,0.035,40,78,0.9891,3.23,0.64,12.1,0.020176911
Wi01-2000,White,17.99,6,7,0.21,0.34,8.5,0.033,31,253,0.9953,3.22,0.56,10.5,0.025355998
Wi01-2001,White,23.99,7,7.1,0.27,0.27,10.4,0.041,26,114,0.99335,3.04,0.52,11.5,0.020762568
Wi01-2002,White,8.99,5,5.7,0.24,0.47,6.3,0.069,35,182,0.99391,3.11,0.46,9.75,0.035200237
Wi01-2003,White,21.99,7,6.3,0.34,0.31,6,0.02,18,68,0.98981,3.22,0.29,13.4,0.022681086
Wi01-2004,White,16.99,6,6.5,0.3,0.28,11.45,0.041,29,109,0.99418,2.98,0.3,10.9,0.032348222
Wi01-2005,White,14.99,6,6.9,0.19,0.28,3,0.054,33,99,0.9924,3.16,0.4,10.8,0.025436943
Wi01-2006,White,15.99,6,7,0.35,0.17,1.1,0.049,7,119,0.99297,3.13,0.36,9.7,0.02609869
Wi01-2007,White,8.99,5,7.2,0.22,0.35,5.5,0.054,37,183,0.99474,3.08,0.5,10.3,0.036143359
Wi01-2008,White,12.99,5,7.3,0.28,0.35,1.6,0.054,31,148,0.99178,3.18,0.47,10.7,0.039524286
Wi01-2009,White,18.99,6,6.1,0.2,0.17,1.6,0.048,46,129,0.991,3.3,0.43,11.4,0.029220542
Wi01-2010,White,8.99,5,7.6,0.27,0.29,2.5,0.059,37,115,0.99328,3.09,0.37,9.8,0.046049844
Wi01-2011,White,9.99,5,6.4,0.31,0.39,7.5,0.04,57,213,0.99475,3.32,0.43,10,0.034937549
Wi01-2012,White,23.99,7,6.1,0.32,0.25,1.7,0.034,37,136,0.992,3.47,0.5,10.8,0.018713941
Wi01-2013,White,19.99,6,6.9,0.29,0.25,12.2,0.04,29,136,0.99552,3.05,0.65,10.4,0.025036052
Wi01-2014,White,15.99,6,6.7,0.15,0.32,7.9,0.034,17,81,0.99512,3.29,0.31,10,0.025355998
Wi01-2015,White,13.99,5,6.4,0.35,0.51,7.8,0.055,53,177,0.99502,3.12,0.45,9.6,0.039524286
Wi01-2016,White,25.99,7,7,0.22,0.28,10.6,0.039,32,117,0.99355,3.05,0.55,11.5,0.022078516
Wi01-2017,White,18.99,6,6,0.16,0.36,1.6,0.042,13,61,0.99143,3.22,0.54,10.8,0.026962826
Wi01-2018,White,18.99,6,7,0.21,0.37,7.2,0.042,36,167,0.9958,3.26,0.56,9.8,0.025518276
Wi01-2019,White,12.99,5,7.6,0.345,0.26,1.9,0.043,15,134,0.9936,3.08,0.38,9.5,0.044508537
Wi01-2020,White,12.99,5,7.2,0.2,0.38,1,0.037,21,74,0.9918,3.21,0.37,11,0.041479835
Wi01-2021,White,9.99,5,6.8,0.22,0.3,13.6,0.055,50,180,0.9984,3.44,0.39,9.8,0.046648536
Wi01-2022,White,26.99,7,6.7,0.11,0.34,8.8,0.043,41,113,0.9962,3.42,0.4,9.3,0.022477517
Wi01-2023,White,10.99,4,6.9,0.25,0.24,3.6,0.057,13,85,0.9942,2.99,0.48,9.5,0.064746292
Wi01-2024,White,36.99,8,5.6,0.12,0.33,2.9,0.044,21,73,0.98896,3.17,0.32,12.9,0.016063715
Wi01-2025,White,17.99,6,6.8,0.32,0.39,9.6,0.026,34,124,0.99286,3.18,0.35,12.1,0.023888641
Wi01-2026,White,22.99,7,5.9,0.37,0.3,1.5,0.033,35,95,0.98986,3.36,0.56,12,0.02359598
Wi01-2027,White,13.99,6,6.4,0.17,0.27,9.9,0.047,26,101,0.99596,3.34,0.5,9.9,0.029624275
Wi01-2028,White,9.99,5,5.7,0.26,0.24,17.8,0.059,23,124,0.99773,3.3,0.5,10.1,0.035068524
Wi01-2029,White,13.99,5,7,0.44,0.24,12.1,0.056,68,210,0.99718,3.05,0.5,9.5,0.03329959
Wi01-2030,White,33.99,8,7.9,0.28,0.41,2,0.044,50,152,0.9934,3.45,0.49,10.7,0.017496711
Wi01-2031,White,11.99,5,5.8,0.15,0.28,0.8,0.037,43,127,0.99198,3.24,0.51,9.3,0.038903089
Wi01-2032,White,14.99,5,6.1,0.28,0.25,17.75,0.044,48,161,0.9993,3.34,0.48,9.5,0.04507733
Wi01-2033,White,9.99,5,8,0.25,0.13,17.2,0.036,49,219,0.9996,2.96,0.46,9.7,0.035870064
Wi01-2034,White,14.99,5,7.1,0.26,0.3,2,0.031,13,128,0.9917,3.19,0.49,11.4,0.037124899
Wi01-2035,White,33.99,8,7,0.24,0.36,2.8,0.034,22,112,0.99,3.19,0.38,12.6,0.016866251
Wi01-2036,White,13.99,5,6.8,0.18,0.46,1.4,0.064,37,160,0.9924,3.37,0.45,11.1,0.04507733
Wi01-2037,White,18.99,6,7.3,0.22,0.41,15.4,0.05,55,191,1,3.32,0.59,8.9,0.027593514
Wi01-2038,White,23.99,7,6.9,0.35,0.39,2.4,0.048,25,157,0.99133,3.2,0.54,11.1,0.020062756
Wi01-2039,White,13.99,5,7.7,0.31,0.23,2,0.069,29,134,0.99382,3.11,0.62,9.8,0.038146973
Wi01-2040,White,12.99,5,6,0.16,0.27,12,0.03,39,98,0.99402,3.15,0.34,10.8,0.035599858
Wi01-2041,White,12.99,5,6.7,0.34,0.31,16.4,0.051,20,146,0.99834,3.06,0.54,9.1,0.034937549
Wi01-2042,White,10.99,5,6.7,0.43,0.23,5,0.157,49,145,0.99471,3.17,0.49,9.4,0.03379109
Wi01-2043,White,14.99,6,6.8,0.45,0.28,26.05,0.031,27,122,1.00295,3.06,0.42,10.6,0.029829287
Wi01-2044,White,16.99,6,9.2,0.15,0.68,1.6,0.046,22,130,0.9948,3.02,0.45,10.4,0.028246593
Wi01-2045,White,10.99,5,7.6,0.18,0.36,2.4,0.049,38,123,0.996,3.6,0.46,10.3,0.0336672
Wi01-2046,White,10.99,5,7.2,0.15,0.33,1.1,0.027,16,63,0.9937,3.37,0.4,9.9,0.03329959
Wi01-2047,White,17.99,6,7.9,0.26,0.33,10.3,0.039,73,212,0.9969,2.93,0.49,9.5,0.031774175
Wi01-2048,White,20.99,7,8.3,0.21,0.4,1.6,0.032,35,110,0.9907,3.02,0.6,12.9,0.020408163
Wi01-2049,White,17.99,6,6.3,0.17,0.42,2.8,0.028,45,107,0.9908,3.27,0.43,11.8,0.032464897
Wi01-2050,White,26.99,7,7.1,0.21,0.32,2.2,0.037,28,141,0.993,3.2,0.57,10,0.017968935
Wi01-2051,White,18.99,7,6.3,0.32,0.35,11.1,0.039,29,198,0.9984,3.36,0.5,9.4,0.021562831
Wi01-2052,White,13.99,6,6.5,0.19,0.27,4.9,0.037,13,101,0.9916,3.17,0.41,11.8,0.030351224
Wi01-2053,White,22.99,7,7.1,0.27,0.24,12.6,0.044,48,118,0.99726,3.04,0.56,10,0.019290123
Wi01-2054,White,11.99,5,7.5,0.3,0.32,1.4,0.032,31,161,0.99154,2.95,0.42,10.5,0.035332693
Wi01-2055,White,22.99,7,5.4,0.23,0.36,1.5,0.03,74,121,0.98976,3.24,0.99,12.1,0.020882756
Wi01-2056,White,12.99,5,6.3,0.695,0.55,12.9,0.056,58,252,0.99806,3.29,0.49,8.7,0.037850687
Wi01-2057,White,14.99,6,5.7,0.26,0.27,4.1,0.201,73.5,189.5,0.9942,3.27,0.38,9.4,0.027777778
Wi01-2058,White,16.99,6,6.6,0.24,0.24,8.6,0.034,25,135,0.99582,3.33,0.59,10.3,0.027685416
Wi01-2059,White,16.99,6,9.2,0.71,0.23,6.2,0.042,15,93,0.9948,2.89,0.34,10.1,0.029522561
Wi01-2060,White,8.99,5,6.2,0.27,0.18,1.5,0.028,20,111,0.99228,3.41,0.5,10,0.036840418
Wi01-2061,White,13.99,6,6.5,0.19,0.26,5.2,0.04,31,140,0.995,3.26,0.68,9.5,0.028825006
Wi01-2062,White,30.99,8,6.4,0.22,0.32,7.2,0.028,15,83,0.993,3.13,0.55,10.9,0.016910145
Wi01-2063,White,14.99,5,6.7,0.3,0.74,5,0.038,35,157,0.9945,3.21,0.46,9.9,0.04032193
Wi01-2064,White,11.99,5,7.4,0.28,0.5,12.1,0.049,48,122,0.9973,3.01,0.44,9,0.046850696
Wi01-2065,White,21.99,7,6.3,0.41,0.22,7.3,0.035,23,117,0.99172,3.2,0.39,11.94,0.018410476
Wi01-2066,White,14.99,5,6.6,0.15,0.34,5.1,0.055,34,125,0.9942,3.36,0.42,9.6,0.038296422
Wi01-2067,White,11.99,5,7.6,0.3,0.37,1.6,0.087,27,177,0.99438,3.09,0.5,9.8,0.04032193
Wi01-2068,White,14.99,5,5.9,0.29,0.33,7.4,0.037,58,205,0.99495,3.26,0.41,9.6,0.036006323
Wi01-2069,White,16.99,6,7.3,0.18,0.65,1.4,0.046,28,157,0.9946,3.33,0.62,9.4,0.024878345
Wi01-2070,White,8.99,5,8.3,0.18,0.37,1.2,0.049,6,94,0.9937,3.18,0.52,10.1,0.039367599
Wi01-2071,White,19.99,6,6.3,0.23,0.22,17.45,0.054,42,151,0.99853,3.12,0.6,9.3,0.029726516
Wi01-2072,White,14.99,6,7,0.19,0.23,5.7,0.123,27,104,0.9954,3.04,0.54,9.4,0.023741634
Wi01-2073,White,16.99,6,7.6,0.34,0.39,7.6,0.04,45,215,0.9965,3.11,0.53,9.2,0.02576463
Wi01-2074,White,7.99,3,7.1,0.32,0.32,11,0.038,16,66,0.9937,3.24,0.4,11.5,0.158727639
Wi01-2075,White,25.99,7,5.6,0.34,0.1,1.3,0.031,20,68,0.9906,3.36,0.51,11.2,0.022144274
Wi01-2076,White,16.99,6,5.7,0.32,0.18,1.4,0.029,26,104,0.9906,3.44,0.37,11,0.024414063
Wi01-2077,White,9.99,5,7.7,0.34,0.58,11.1,0.039,41,151,0.9978,3.06,0.49,8.6,0.048946668
Wi01-2078,White,17.99,6,5.7,0.25,0.21,1.5,0.044,21,108,0.99142,3.3,0.59,11,0.027051593
Wi01-2079,White,19.99,6,7.9,0.14,0.74,1.2,0.028,30,165,0.991,3.08,0.82,12.3,0.027230446
Wi01-2080,White,19.99,6,7.5,0.18,0.39,1.9,0.054,23,91,0.9941,3.27,0.45,10.3,0.026612094
Wi01-2081,White,8.99,5,6.1,0.15,0.35,15.8,0.042,55,158,0.99642,3.24,0.37,10.6,0.043043336
Wi01-2082,White,36.99,8,6.9,0.21,0.28,2.4,0.056,49,159,0.9944,3.02,0.47,8.8,0.01448098
Wi01-2083,White,17.99,6,6.5,0.13,0.27,2.6,0.035,32,76,0.9914,3.21,0.76,11.33333333,0.03143705
Wi01-2084,White,21.99,7,5.3,0.3,0.3,1.2,0.029,25,93,0.98742,3.31,0.4,13.6,0.020408163
Wi01-2085,White,14.99,5,9.4,0.28,0.3,1.6,0.045,36,139,0.99534,3.11,0.49,9.3,0.037850687
Wi01-2086,White,12.99,5,6.1,0.27,0.44,6.7,0.041,61,230,0.99505,3.12,0.4,8.9,0.043766741
Wi01-2087,White,12.99,5,6.6,0.34,0.34,2.6,0.051,40.5,210,0.99314,3.15,0.61,10,0.048946668
Wi01-2088,White,10.99,5,7.4,0.27,0.26,11.8,0.053,55,173,0.99699,3.11,0.6,9.8,0.036419789
Wi01-2089,White,13.99,5,6.6,0.28,0.23,10.4,0.049,45,190,0.99754,3.12,0.51,8.8,0.04
Wi01-2090,White,9.99,5,7.8,0.21,0.27,1.2,0.051,20,89,0.9936,3.06,0.46,9.1,0.048946668
Wi01-2091,White,15.99,6,8.4,0.23,0.32,1.3,0.048,59,113,0.99178,3.1,0.55,11,0.030995834
Wi01-2092,White,9.99,5,8.1,0.31,0.24,1.6,0.032,10,67,0.9924,3.08,0.47,10.5,0.045657097
Wi01-2093,White,13.99,6,5.7,0.28,0.3,3.9,0.026,36,105,0.98963,3.26,0.58,12.75,0.025115468
Wi01-2094,White,15.99,6,8.5,0.17,0.74,3.6,0.05,29,128,0.9928,3.28,0.4,12.4,0.030886981
Wi01-2095,White,14.99,6,5.9,0.12,0.27,4.8,0.03,40,110,0.99226,3.55,0.68,12.1,0.028825006
Wi01-2096,White,10.99,4,9.8,0.25,0.74,10,0.056,36,225,0.9977,3.06,0.43,10,0.056420354
Wi01-2097,White,26.99,7,8.1,0.26,0.33,11.1,0.052,52.5,158,0.9976,3.03,0.49,10.2,0.023668639
Wi01-2098,White,21.99,7,7.7,0.27,0.34,1.8,0.028,26,168,0.9911,2.99,0.48,12.1,0.018713941
Wi01-2099,White,16.99,6,6.7,0.25,0.26,13.5,0.06,50,156,0.99784,3.39,0.46,9.9,0.0256
Wi01-2100,White,8.99,5,7.4,0.23,0.38,8.6,0.052,41,150,0.99534,3.06,0.46,10.3,0.042164026
Wi01-2101,White,11.99,5,7.2,0.28,0.38,2,0.052,23,156,0.9912,3.13,0.52,11.1,0.045269353
Wi01-2102,White,19.99,7,6.5,0.18,0.33,1.4,0.029,35,138,0.99114,3.36,0.6,11.5,0.021882987
Wi01-2103,White,11.99,5,5.8,0.36,0.5,1,0.127,63,178,0.99212,3.1,0.45,9.7,0.04233772
Wi01-2104,White,16.99,6,8,0.22,0.28,14,0.053,83,197,0.9981,3.14,0.45,9.8,0.0256
Wi01-2105,White,9.99,5,6.7,0.29,0.45,14.3,0.054,30,181,0.99869,3.14,0.57,9.1,0.0419914
Wi01-2106,White,19.99,6,6.6,0.41,0.27,10.7,0.11,20,103,0.99672,3.08,0.41,9,0.030778701
Wi01-2107,White,25.99,7,4.4,0.54,0.09,5.1,0.038,52,97,0.99022,3.41,0.4,12.2,0.018765247
Wi01-2108,White,10.99,5,6.6,0.78,0.5,1.5,0.045,30,133,0.99104,3.25,0.48,11.7,0.047672623
Wi01-2109,White,18.99,6,7.4,0.21,0.3,8.1,0.047,13,114,0.9941,3.12,0.35,10.5,0.02618322
Wi01-2110,White,26.99,7,8.9,0.3,0.35,4.6,0.032,32,148,0.99458,3.15,0.45,11.5,0.019183401
Wi01-2111,White,19.99,6,7,0.24,0.3,4.2,0.04,41,213,0.9927,3.28,0.49,11.8,0.025847541
Wi01-2112,White,16.99,6,5.7,0.22,0.2,16,0.044,41,113,0.99862,3.22,0.46,8.9,0.031774175
Wi01-2113,White,16.99,6,6.2,0.12,0.34,1.5,0.045,43,117,0.9939,3.42,0.51,9,0.026786599
Wi01-2114,White,16.99,6,6.9,0.29,0.3,8.2,0.026,35,112,0.99144,3,0.37,12.3,0.032582205
Wi01-2115,White,14.99,5,4.9,0.335,0.14,1.3,0.036,69,168,0.99212,3.47,0.46,10.46666667,0.037412688
Wi01-2116,White,19.99,7,6.4,0.105,0.29,1.1,0.035,44,140,0.99142,3.17,0.55,10.7,0.021754075
Wi01-2117,White,21.99,7,6.9,0.23,0.34,2.7,0.032,24,121,0.9902,3.14,0.38,12.4,0.01902497
Wi01-2118,White,16.99,6,8.8,0.17,0.38,1.8,0.04,39,148,0.9942,3.16,0.67,10.2,0.031325867
Wi01-2119,White,12.99,5,6.2,0.25,0.38,7.9,0.045,54,208,0.99572,3.17,0.46,9.1,0.039524286
Wi01-2120,White,18.99,7,6.3,0.23,0.21,5.1,0.035,29,142,0.9942,3.36,0.33,10.1,0.019130372
Wi01-2121,White,16.99,6,8,0.28,0.32,7.6,0.045,61,204,0.99543,3.1,0.55,10.1,0.026786599
Wi01-2122,White,24.99,7,7,0.31,0.31,9.1,0.036,45,140,0.99216,2.98,0.31,12,0.020822532
Wi01-2123,White,9.99,5,6.5,0.22,0.25,17.1,0.05,44,138,1.0001,3.3,0.37,8.8,0.043766741
Wi01-2124,White,20.99,7,6.2,0.25,0.25,1.4,0.03,35,105,0.9912,3.3,0.44,11.1,0.022956841
Wi01-2125,White,13.99,6,6.4,0.23,0.3,7.1,0.037,63,236,0.9952,3.06,0.34,9.2,0.028057653
Wi01-2126,White,11.99,5,6.6,0.45,0.43,7.2,0.064,31,186,0.9954,3.12,0.44,9.4,0.035465898
Wi01-2127,White,14.99,5,6,0.28,0.29,19.3,0.051,36,174,0.99911,3.14,0.5,9,0.038597967
Wi01-2128,White,24.99,7,6.5,0.18,0.41,14.2,0.039,47,129,0.99678,3.28,0.72,10.3,0.021754075
Wi01-2129,White,17.99,6,6.4,0.38,0.19,4.5,0.038,36,119,0.99151,3.07,0.42,11.2,0.030036434
Wi01-2130,White,10.99,5,7.6,0.29,0.26,6.5,0.042,32,160,0.9944,3.14,0.47,10.7,0.036982249
Wi01-2131,White,15.99,6,6.5,0.43,0.28,11.25,0.032,31,87,0.9922,3.02,0.38,12.4,0.029726516
Wi01-2132,White,12.99,5,7.4,0.31,0.26,8.6,0.048,47,206,0.9964,3.26,0.36,9.1,0.034548997
Wi01-2133,White,19.99,7,7.1,0.2,0.27,9.6,0.037,19,105,0.99444,3.04,0.37,10.5,0.01831096
Wi01-2134,White,11.99,5,6.9,0.4,0.17,12.9,0.033,59,186,0.99754,3.08,0.49,9.4,0.046049844
Wi01-2135,White,26.99,7,5.6,0.41,0.24,1.9,0.034,10,53,0.98815,3.32,0.5,13.5,0.018662845
Wi01-2136,White,22.99,7,6.2,0.38,0.42,2.5,0.038,34,117,0.99132,3.36,0.59,11.6,0.019560859
Wi01-2137,White,16.99,6,6.5,0.33,0.28,6.1,0.018,41,103,0.99122,3.24,0.32,12.2,0.030140818
Wi01-2138,White,19.99,7,5.6,0.28,0.28,4.2,0.044,52,158,0.992,3.35,0.44,10.7,0.020762568
Wi01-2139,White,32.99,8,6.5,0.44,0.47,5.45,0.014,44,137,0.98984,3.13,0.32,13,0.015664136
Wi01-2140,White,13.99,5,7.8,0.445,0.56,1,0.04,8,84,0.9938,3.25,0.43,10.8,0.037998396
Wi01-2141,White,11.99,5,7.3,0.32,0.29,1.5,0.038,32,144,0.99296,3.2,0.55,10.8,0.045269353
Wi01-2142,White,13.99,6,7.3,0.25,0.28,1.5,0.043,19,113,0.99338,3.38,0.56,10.1,0.026699133
Wi01-2143,White,19.99,6,6.4,0.32,0.31,1.9,0.037,34,126,0.99,3.06,0.45,11.8,0.025355998
Wi01-2144,White,15.99,6,7.6,0.19,0.37,13.1,0.033,52,151,0.99726,3.18,0.79,10.4,0.024567369
Wi01-2145,White,22.99,7,7.6,0.31,0.24,1.8,0.037,39,150,0.9913,3.05,0.44,11.8,0.018360617
Wi01-2146,White,14.99,5,6.1,0.46,0.32,6.2,0.053,10,94,0.99537,3.35,0.47,10.1,0.045462605
Wi01-2147,White,14.99,6,7.3,0.29,0.3,13,0.043,46,238,0.9986,3.06,0.41,8.7,0.028151885
Wi01-2148,White,13.99,5,6.1,0.27,0.25,1.8,0.041,9,109,0.9929,3.08,0.54,9,0.041819832
Wi01-2149,White,19.99,6,6.5,0.2,0.31,2.1,0.033,32,95,0.989435,2.96,0.61,12,0.027870602
Wi01-2150,White,8.99,5,6.6,0.22,0.37,15.4,0.035,62,153,0.99845,3.02,0.4,9.3,0.03317839
Wi01-2151,White,26.99,7,6.1,0.27,0.31,1.5,0.035,17,83,0.99076,3.32,0.44,11.1,0.021003991
Wi01-2152,White,16.99,6,6.4,0.27,0.49,7.3,0.046,53,206,0.9956,3.24,0.43,9.2,0.030778701
Wi01-2153,White,16.99,6,6.1,0.19,0.37,2.6,0.041,24,99,0.99153,3.18,0.5,10.9,0.032232175
Wi01-2154,White,13.99,6,6.6,0.13,0.29,13.9,0.056,33,95,0.99702,3.17,0.39,9.4,0.028630243
Wi01-2155,White,18.99,7,7.2,0.18,0.31,1.1,0.045,20,73,0.9925,3.32,0.4,10.8,0.022276676
Wi01-2156,White,13.99,6,7.1,0.39,0.3,9.9,0.037,29,124,0.99414,3.07,0.42,10.9,0.025847541
Wi01-2157,White,9.99,5,6,0.21,0.3,8.7,0.036,47,127,0.99368,3.18,0.39,10.6,0.03442092
Wi01-2158,White,15.99,6,6.9,0.16,0.3,9.6,0.057,50,185,0.9978,3.39,0.38,9.6,0.028533601
Wi01-2159,White,19.99,6,7.9,0.28,0.41,4.9,0.058,31,153,0.9966,3.27,0.51,9.7,0.027411078
Wi01-2160,White,18.99,6,6.9,0.26,0.27,4.2,0.031,20,80,0.99089,3.12,0.39,11.5,0.032116751
Wi01-2161,White,13.99,6,7.4,0.16,0.3,1.4,0.064,34,166,0.99136,3.11,0.42,11.43333333,0.025036052
Wi01-2162,White,13.99,5,6.7,0.26,0.51,8,0.062,50,194,0.99545,3.13,0.5,9.6,0.045269353
Wi01-2163,White,13.99,6,7.7,0.34,0.28,11,0.04,31,117,0.99815,3.27,0.29,9.2,0.027140798
Wi01-2164,White,10.99,4,6.8,0.44,0.37,5.1,0.047,46,201,0.9938,3.08,0.65,10.5,0.072262689
Wi01-2165,White,14.99,5,7.6,0.67,0.14,1.5,0.074,25,168,0.9937,3.05,0.51,9.3,0.048516369
Wi01-2166,White,13.99,5,6.2,0.24,0.25,12.5,0.055,47,134,0.99758,3.3,0.51,9,0.036419789
Wi01-2167,White,13.99,6,5.6,0.15,0.26,5.55,0.051,51,139,0.99336,3.47,0.5,11,0.030140818
Wi01-2168,White,9.99,5,7.6,0.31,0.26,1.7,0.073,40,157,0.9938,3.1,0.46,9.8,0.034293553
Wi01-2169,White,10.99,5,7.4,0.28,0.42,19.8,0.066,53,195,1,2.96,0.44,9.1,0.04507733
Wi01-2170,White,8.99,5,6.2,0.29,0.29,5.6,0.046,35,178,0.99313,3.25,0.51,10.53333333,0.04585284
Wi01-2171,White,37.99,8,6.6,0.16,0.32,1.4,0.035,49,186,0.9906,3.35,0.64,12.4,0.014835893
Wi01-2172,White,15.99,6,6.3,0.24,0.22,11.9,0.05,65,179,0.99659,3.06,0.58,9.3,0.02618322
Wi01-2173,White,15.99,6,6.9,0.26,0.38,10.5,0.044,33,139,0.99517,3.06,0.5,10.3,0.023888641
Wi01-2174,White,18.99,6,8.1,0.2,0.49,8.1,0.051,51,205,0.9954,3.1,0.52,11,0.030245747
Wi01-2175,White,32.99,8,6.5,0.33,0.24,14.5,0.048,20,96,0.99456,3.06,0.3,11.5,0.016394491
Wi01-2176,White,16.99,6,6.5,0.22,0.45,8,0.053,52,196,0.9959,3.23,0.48,9.1,0.029320698
Wi01-2177,White,31.99,8,7,0.23,0.36,7.1,0.028,31,104,0.9922,3.35,0.47,12.1,0.015508468
Wi01-2178,White,19.99,6,6.2,0.21,0.38,6.8,0.036,64,245,0.9951,3.06,0.36,9.3,0.028151885
Wi01-2179,White,17.99,6,6.9,0.24,0.34,4.7,0.04,43,161,0.9935,3.2,0.59,10.6,0.025930853
Wi01-2180,White,15.99,6,8,0.24,0.33,1.2,0.044,28,101,0.99035,3.03,0.43,12.5,0.031325867
Wi01-2181,White,8.99,4,6.5,0.33,0.72,1.1,0.061,7,151,0.993,3.09,0.57,9.5,0.059199271
Wi01-2182,White,19.99,7,6.6,0.21,0.39,2.3,0.041,31,102,0.99221,3.22,0.58,10.9,0.019506258
Wi01-2183,White,15.99,6,8.4,0.35,0.56,13.8,0.048,55,190,0.9993,3.07,0.58,9.4,0.029624275
Wi01-2184,White,13.99,6,5.9,0.27,0.27,9,0.051,43,136,0.9941,3.25,0.53,10.7,0.032232175
Wi01-2185,White,10.99,5,9.4,0.28,0.3,1.6,0.045,36,139,0.99534,3.11,0.49,9.3,0.04432133
Wi01-2186,White,10.99,5,7.7,0.32,0.61,11.8,0.041,66,188,0.99794,3,0.54,9.3,0.046447681
Wi01-2187,White,14.99,6,7.5,0.42,0.45,9.1,0.029,20,125,0.996,3.12,0.36,10.1,0.025518276
Wi01-2188,White,16.99,6,6.1,0.17,0.27,1.5,0.056,45,135,0.9924,3.2,0.43,10.2,0.027320538
Wi01-2189,White,14.99,5,8.2,0.61,0.45,5.4,0.03,15,118,0.9954,3.14,0.34,9.6,0.042164026
Wi01-2190,White,7.99,3,9.1,0.59,0.38,1.6,0.066,34,182,0.9968,3.23,0.38,8.5,0.15500031
Wi01-2191,White,18.99,6,6.3,0.27,0.25,5.8,0.038,52,155,0.995,3.28,0.38,9.4,0.027963893
Wi01-2192,White,13.99,5,5.8,0.26,0.24,9.2,0.044,55,152,0.9961,3.31,0.38,9.4,0.043584189
Wi01-2193,White,21.99,7,5.8,0.32,0.38,4.75,0.033,23,94,0.991,3.42,0.42,11.8,0.022343323
Wi01-2194,White,9.99,5,6.5,0.26,0.34,16.3,0.051,56,197,1.0004,3.49,0.42,9.8,0.043584189
Wi01-2195,White,22.99,7,6.9,0.18,0.36,1.3,0.036,40,117,0.9934,3.27,0.95,9.5,0.021126284
Wi01-2196,White,18.99,6,6,0.44,0.26,3.1,0.053,57,128,0.98982,3.22,0.39,12.7,0.0256
Wi01-2197,White,9.99,5,6.6,0.26,0.46,6.9,0.047,59,183,0.99594,3.2,0.45,9.3,0.04432133
Wi01-2198,White,13.99,5,7.6,0.38,0.2,3.4,0.046,9,116,0.9944,3.15,0.41,9.4,0.036840418
Wi01-2199,White,13.99,6,6.2,0.23,0.36,17.2,0.039,37,130,0.99946,3.23,0.43,8.8,0.027140798
Wi01-2200,White,16.99,6,6.4,0.21,0.3,5.6,0.044,43,160,0.9949,3.6,0.41,10.6,0.031887755
Wi01-2201,White,23.99,7,6.4,0.31,0.28,1.5,0.037,12,119,0.9919,3.32,0.51,10.4,0.019949567
Wi01-2202,White,24.99,7,7.4,0.155,0.34,2.3,0.045,73.5,214,0.9934,3.18,0.61,9.9,0.019290123
Wi01-2203,White,15.99,6,6.1,0.27,0.31,3.9,0.034,42,137,0.99218,3.24,0.46,10.9,0.032464897
Wi01-2204,White,8.99,5,6.3,0.31,0.34,2.2,0.045,20,77,0.9927,3.3,0.43,10.2,0.035734578
Wi01-2205,White,22.99,7,5.7,0.28,0.36,1.8,0.041,38,90,0.99002,3.27,0.98,11.9,0.020466597
Wi01-2206,White,16.99,6,6.4,0.3,0.45,3.5,0.197,76,180,0.9942,3.02,0.39,9.1,0.031325867
Wi01-2207,White,9.99,5,5.8,0.28,0.66,9.1,0.039,26,159,0.9965,3.66,0.55,10.8,0.033421455
Wi01-2208,White,8.99,5,6.6,0.33,0.24,16.05,0.045,31,147,0.99822,3.08,0.52,9.2,0.039211842
Wi01-2209,White,18.99,6,6.8,0.28,0.36,7,0.043,60,207,0.99556,3.16,0.49,9.6,0.027051593
Wi01-2210,White,11.99,5,6.2,0.36,0.26,13.2,0.051,54,201,0.9976,3.25,0.46,9,0.042865287
Wi01-2211,White,14.99,6,7.2,0.21,0.35,14.5,0.048,35,178,0.9982,3.05,0.47,8.9,0.032232175
Wi01-2212,White,19.99,6,7.2,0.23,0.39,1.5,0.053,26,106,0.99166,3.18,0.47,11.1,0.026268161
Wi01-2213,White,7.99,4,6.5,0.38,0.53,1.4,0.142,5,69,0.9926,3.14,0.52,10.1,0.075060987
Wi01-2214,White,18.99,7,6.8,0.31,0.3,8,0.028,33,122,0.99164,3.13,0.63,12.6,0.019183401
Wi01-2215,White,8.99,5,6.9,0.43,0.28,9.4,0.056,29,183,0.99594,3.17,0.43,9.4,0.044696932
Wi01-2216,White,26.99,7,4.7,0.455,0.18,1.9,0.036,33,106,0.98746,3.21,0.83,14,0.01782528
Wi01-2217,White,11.99,5,6.4,0.26,0.22,5.1,0.037,23,131,0.9944,3.29,0.32,10.1,0.046248121
Wi01-2218,White,13.99,6,7.2,0.24,0.36,2,0.029,21,63,0.99076,3.13,0.63,12.5,0.029120898
Wi01-2219,White,25.99,7,6.1,0.24,0.32,9,0.031,41,134,0.99234,3.25,0.26,12.3,0.020349979
Wi01-2220,White,14.99,6,6.5,0.18,0.48,18,0.054,56,183,1.00038,2.98,0.61,8.5,0.023668639
Wi01-2221,White,14.99,5,7.5,0.15,0.38,1.8,0.054,19,101,0.9946,3.24,0.44,10,0.047054173
Wi01-2222,White,13.99,5,6.2,0.3,0.17,2.8,0.04,24,125,0.9939,3.01,0.46,9,0.043222496
Wi01-2223,White,19.99,7,7.2,0.25,0.28,14.4,0.055,55,205,0.9986,3.12,0.38,9,0.02338
Wi01-2224,White,16.99,6,8.2,0.23,0.4,1.2,0.027,36,121,0.992,3.12,0.38,10.7,0.024567369
Wi01-2225,White,15.99,6,6,0.16,0.22,1.6,0.042,36,106,0.9905,3.24,0.32,11.4,0.026962826
Wi01-2226,White,18.99,6,6.8,0.16,0.36,1.3,0.034,32,98,0.99058,3.02,0.58,11.3,0.024644564
Wi01-2227,White,14.99,5,5.7,0.26,0.25,10.4,0.02,7,57,0.994,3.39,0.37,10.6,0.048303345
Wi01-2228,White,12.99,5,8,0.43,0.4,12.4,0.168,29,190,0.9991,3.07,0.64,9.2,0.047258979
Wi01-2229,White,29.99,8,7.7,0.4,0.27,4.5,0.034,27,95,0.99175,3.21,0.59,12.3,0.01754309
Wi01-2230,White,8.99,5,6.9,0.34,0.36,1.4,0.032,13,145,0.99214,3.07,0.52,9.8,0.039840479
Wi01-2231,White,22.99,7,7.2,0.35,0.25,5.6,0.032,23,120,0.99334,2.93,0.66,10.3,0.018460539
Wi01-2232,White,9.99,4,7.2,0.4,0.62,10.8,0.041,70,189,0.9976,3.08,0.49,8.6,0.063448153
Wi01-2233,White,22.99,7,6.7,0.31,0.31,4.9,0.031,20,151,0.9926,3.36,0.82,12,0.023668639
Wi01-2234,White,24.99,7,5.8,0.26,0.29,1,0.042,35,101,0.99044,3.36,0.48,11.4,0.020584221
Wi01-2235,White,19.99,6,7.8,0.16,0.41,1.7,0.026,29,140,0.991,3.02,0.78,12.5,0.030670989
Wi01-2236,White,16.99,6,8.4,0.2,0.38,11.8,0.055,51,170,1.0004,3.34,0.82,8.9,0.02418678
Wi01-2237,White,16.99,6,6.2,0.24,0.35,1.2,0.038,22,167,0.9912,3.1,0.48,10.6,0.028057653
Wi01-2238,White,11.99,5,7.4,0.27,0.26,11.8,0.053,55,173,0.99699,3.11,0.6,9.8,0.04032193
Wi01-2239,White,13.99,5,7.1,0.85,0.49,8.7,0.028,40,184,0.9962,3.22,0.36,10.7,0.033057851
Wi01-2240,White,37.99,8,6.7,0.24,0.3,3.85,0.042,105,179,0.99189,3.04,0.59,11.3,0.015982585
Wi01-2241,White,16.99,6,6.4,0.14,0.28,7.9,0.057,21,82,0.99425,3.26,0.36,10,0.030351224
Wi01-2242,White,14.99,5,5.9,0.23,0.3,12.9,0.054,57,170,0.9972,3.28,0.39,9.4,0.034937549
Wi01-2243,White,33.99,8,6.6,0.29,0.31,3.9,0.027,39,96,0.99035,3.24,0.6,12.6,0.015092153
Wi01-2244,White,27.99,8,7.3,0.3,0.34,2.7,0.044,34,108,0.99105,3.36,0.53,12.8,0.015942251
Wi01-2245,White,9.99,5,6.6,0.25,0.51,8,0.047,61,189,0.99604,3.22,0.49,9.2,0.03968191
Wi01-2246,White,8.99,5,6.6,0.28,0.42,8.2,0.044,60,196,0.99562,3.14,0.48,9.4,0.04585284
Wi01-2247,White,17.99,6,7.5,0.21,0.34,1.2,0.06,26,111,0.9931,3.51,0.47,10.7,0.02618322
Wi01-2248,White,10.99,5,6.9,0.28,0.37,9.1,0.037,16,76,0.9948,3.05,0.54,11.1,0.043222496
Wi01-2249,White,19.99,6,6.5,0.18,0.29,1.7,0.035,39,144,0.9927,3.49,0.5,10.5,0.024111724
Wi01-2250,White,14.99,6,7.2,0.2,0.3,2,0.039,43,188,0.9911,3.3,0.41,12,0.028151885
Wi01-2251,White,12.99,5,5.7,0.16,0.32,1.2,0.036,7,89,0.99111,3.26,0.48,11,0.035068524
Wi01-2252,White,36.99,8,6.8,0.24,0.4,1.8,0.047,34,105,0.99,3.13,0.49,12.8,0.01420614
Wi01-2253,White,19.99,6,6.5,0.24,0.39,17.3,0.052,22,126,0.99888,3.11,0.47,9.2,0.023741634
Wi01-2254,White,13.99,6,9.2,0.27,0.34,10.5,0.043,49,228,0.9974,3.04,0.41,10.4,0.028341779
Wi01-2255,White,15.99,6,7.7,0.34,0.28,11,0.04,31,117,0.99815,3.27,0.29,9.2,0.030886981
Wi01-2256,White,18.99,6,6.4,0.24,0.32,14.9,0.047,54,162,0.9968,3.28,0.5,10.2,0.024490536
Wi01-2257,White,25.99,7,7.3,0.25,0.36,13.1,0.05,35,200,0.9986,3.04,0.46,8.9,0.022276676
Wi01-2258,White,17.99,6,6.7,0.23,0.33,8.1,0.048,45,176,0.99472,3.11,0.52,10.1,0.028151885
Wi01-2259,White,18.99,7,5.4,0.22,0.35,6.5,0.029,26,87,0.99092,3.29,0.44,12.5,0.023026566
Wi01-2260,White,14.99,6,6.3,0.25,0.22,3.3,0.048,41,161,0.99256,3.16,0.5,10.5,0.032700149
Wi01-2261,White,24.99,7,7,0.15,0.28,14.7,0.051,29,149,0.99792,2.96,0.39,9,0.019726045
Wi01-2262,White,18.99,6,6.2,0.18,0.49,4.5,0.047,17,90,0.9919,3.27,0.37,11.6,0.030778701
Wi01-2263,White,15.99,6,7,0.24,0.24,1.8,0.047,29,91,0.99251,3.3,0.43,9.9,0.032001946
Wi01-2264,White,23.99,7,8.5,0.23,0.28,11.1,0.033,30,97,0.99507,3.03,0.39,10.5,0.023308665
Wi01-2265,White,15.99,6,5.7,0.12,0.26,5.5,0.034,21,99,0.99324,3.09,0.57,9.9,0.026268161
Wi01-2266,White,18.99,6,6.1,0.24,0.27,9.8,0.062,33,152,0.9966,3.31,0.47,9.5,0.02942137
Wi01-2267,White,12.99,5,6.5,0.28,0.28,20.4,0.041,40,144,1.0002,3.14,0.38,8.7,0.048091721
Wi01-2268,White,24.99,7,6,0.28,0.27,15.5,0.036,31,134,0.99408,3.19,0.44,13,0.020882756
Wi01-2269,White,12.99,5,6.9,0.21,0.49,1.4,0.041,15,164,0.9927,3.25,0.63,11,0.04
Wi01-2270,White,17.99,6,6.4,0.13,0.47,1.6,0.092,40,158,0.9928,3.21,0.36,9.8,0.025682117
Wi01-2271,White,16.99,6,6.8,0.21,0.37,7,0.038,27,107,0.99206,2.98,0.82,11.5,0.032937968
Wi01-2272,White,19.99,6,7.4,0.18,0.3,10.4,0.045,44,174,0.9966,3.11,0.57,9.7,0.032700149
Wi01-2273,White,18.99,6,9,0.27,0.35,4.9,0.028,27,95,0.9932,3.04,0.4,11.3,0.031325867
Wi01-2274,White,14.99,6,7.2,0.26,0.26,12.7,0.036,49,214,0.9986,3.41,0.5,10,0.032232175
Wi01-2275,White,17.99,6,8.3,0.21,0.58,17.1,0.049,62,213,1.0006,3.01,0.51,9.3,0.027963893
Wi01-2276,White,17.99,6,6.2,0.22,0.27,1.5,0.064,20,132,0.9938,3.22,0.46,9.2,0.025115468
Wi01-2277,White,14.99,5,6.6,0.37,0.07,1.4,0.048,58,144,0.9922,3.17,0.38,10,0.035870064
Wi01-2278,White,14.99,6,6.4,0.42,0.74,12.8,0.076,48,209,0.9978,3.12,0.58,9,0.024490536
Wi01-2279,White,24.99,7,6.3,0.1,0.24,6,0.039,25,107,0.99511,3.59,0.49,10.5,0.021436733
Wi01-2280,White,9.99,5,6.4,0.29,0.18,15,0.04,21,116,0.99736,3.14,0.5,9.2,0.045462605
Wi01-2281,White,12.99,5,7.4,0.27,0.26,11.8,0.053,55,173,0.99699,3.11,0.6,9.8,0.036840418
Wi01-2282,White,8.99,5,8.6,0.18,0.28,0.8,0.032,25,78,0.99104,2.99,0.38,11.1,0.038597967
Wi01-2283,White,18.99,6,6.4,0.15,0.31,1.1,0.044,25,96,0.9932,3.54,0.51,10.3,0.029932592
Wi01-2284,White,23.99,7,7.7,0.16,0.41,1.7,0.048,60,173,0.9932,3.24,0.66,11.2,0.018561278
Wi01-2285,White,13.99,6,8.5,0.15,0.49,1.5,0.031,17,122,0.9932,3.03,0.4,10.3,0.032348222
Wi01-2286,White,24.99,7,6,0.29,0.41,10.8,0.048,55,149,0.9937,3.09,0.59,10.96666667,0.020292043
Wi01-2287,White,18.99,6,6.9,0.22,0.43,6.4,0.042,34,115,0.99293,3.05,0.51,10.8,0.032116751
Wi01-2288,White,16.99,6,6.9,0.27,0.41,1.7,0.047,6,134,0.9929,3.15,0.69,11.4,0.027685416
Wi01-2289,White,11.99,5,6.7,0.31,0.32,14.5,0.038,6,79,0.99412,3.14,0.34,12.5,0.039211842
Wi01-2290,White,18.99,6,6.1,0.22,0.46,1.8,0.16,34,74,0.9884,3.19,0.33,13.4,0.032937968
Wi01-2291,White,19.99,7,6.5,0.28,0.29,2.7,0.038,26,107,0.9912,3.32,0.41,11.6,0.019726045
Wi01-2292,White,15.99,6,5.6,0.26,0,10.2,0.038,13,111,0.99315,3.44,0.46,12.4,0.032700149
Wi01-2293,White,18.99,6,8.5,0.28,0.34,13.8,0.041,32,161,0.9981,3.13,0.4,9.9,0.028630243
Wi01-2294,White,9.99,5,6.9,0.4,0.42,6.2,0.066,41,176,0.99552,3.12,0.54,9.4,0.03379109
Wi01-2295,White,20.99,7,6.7,0.18,0.31,10.6,0.035,42,143,0.99572,3.08,0.49,9.8,0.019397739
Wi01-2296,White,13.99,6,7.1,0.25,0.31,2.3,0.05,32,156,0.9914,3.14,0.51,11.4,0.031215273
Wi01-2297,White,13.99,5,7.5,0.23,0.68,11,0.047,37,133,0.9978,2.99,0.38,8.8,0.035465898
Wi01-2298,White,8.99,5,6.4,0.33,0.44,8.9,0.055,52,164,0.99488,3.1,0.48,9.6,0.036419789
Wi01-2299,White,11.99,5,5.8,0.33,0.2,16.05,0.047,26,166,0.9976,3.09,0.46,8.9,0.046248121
Wi01-2300,White,14.99,6,7.2,0.115,0.3,6.8,0.056,26,105,0.9954,3.44,0.4,9.6,0.023888641
Wi01-2301,White,13.99,6,6,0.17,0.36,1.7,0.042,14,61,0.99144,3.22,0.54,10.8,0.029320698
Wi01-2302,White,15.99,6,5.7,0.4,0.35,5.1,0.026,17,113,0.99052,3.18,0.67,12.4,0.024567369
Wi01-2303,White,21.99,7,6.5,0.08,0.33,1.9,0.028,23,93,0.991,3.34,0.7,12,0.023668639
Wi01-2304,White,6.99,3,8.5,0.26,0.21,16.2,0.074,41,197,0.998,3.02,0.5,9.8,0.084505138
Wi01-2305,White,19.99,6,7.8,0.26,0.27,1.9,0.051,52,195,0.9928,3.23,0.5,10.9,0.023814967
Wi01-2306,White,16.99,6,6.2,0.21,0.24,1.2,0.051,31,95,0.99036,3.24,0.57,11.3,0.031105263
Wi01-2307,White,10.99,5,7.5,0.27,0.36,7,0.036,45,164,0.9939,3.03,0.33,11,0.045269353
Wi01-2308,White,17.99,6,7.1,0.37,0.3,6.2,0.04,49,139,0.99021,3.17,0.27,13.6,0.029932592
Wi01-2309,White,21.99,7,6.8,0.19,0.33,1.3,0.031,22,87,0.98987,3.08,0.62,12.3,0.020822532
Wi01-2310,White,11.99,5,7,0.31,0.52,1.7,0.029,5,61,0.9918,3.07,0.43,10.4,0.042865287
Wi01-2311,White,14.99,6,7,0.28,0.39,8.7,0.051,32,141,0.9961,3.38,0.53,10.5,0.0316612
Wi01-2312,White,14.99,6,6.8,0.23,0.29,12.2,0.035,38,236,0.9976,3.35,0.52,9.8,0.02418678
Wi01-2313,White,24.99,7,5.7,0.39,0.25,4.9,0.033,49,113,0.98966,3.26,0.58,13.1,0.022343323
Wi01-2314,White,18.99,6,5.4,0.205,0.16,12.55,0.051,31,115,0.99564,3.4,0.38,10.8,0.0256
Wi01-2315,White,18.99,7,7.8,0.28,0.34,1.6,0.028,32,118,0.9901,3,0.38,12.1,0.020006042
Wi01-2316,White,22.99,7,6.9,0.18,0.36,1.3,0.036,40,117,0.9934,3.27,0.95,9.5,0.022276676
Wi01-2317,White,15.99,6,6.9,0.2,0.3,4.7,0.041,40,148,0.9932,3.16,0.35,10.2,0.024262187
Wi01-2318,White,11.99,5,7.3,0.51,0.26,3.3,0.09,7,135,0.9944,3.01,0.52,8.8,0.038597967
Wi01-2319,White,14.99,6,7.3,0.19,0.24,6.3,0.054,34,231,0.9964,3.36,0.54,10,0.026786599
Wi01-2320,White,14.99,6,7.15,0.17,0.24,9.6,0.119,56,178,0.99578,3.15,0.44,10.2,0.028533601
Wi01-2321,White,22.99,7,7.4,0.2,0.43,7.8,0.045,27,153,0.9964,3.19,0.55,9,0.021882987
Wi01-2322,White,14.99,6,8.1,0.2,0.28,0.9,0.023,49,87,0.99062,2.92,0.36,11.1,0.026439289
Wi01-2323,White,11.99,5,6.9,0.49,0.24,1.2,0.049,13,125,0.9932,3.17,0.51,9.4,0.036559195
Wi01-2324,White,19.99,6,8,0.28,0.3,8.4,0.03,35,115,0.99192,2.93,0.42,12.3,0.025847541
Wi01-2325,White,14.99,6,7.2,0.21,0.31,10.5,0.035,36,122,0.99478,3.12,0.4,10.6,0.024878345
Wi01-2326,White,13.99,6,7.3,0.18,0.65,1.4,0.046,28,157,0.9946,3.33,0.62,9.4,0.023741634
Wi01-2327,White,8.99,5,7,0.34,0.1,3.5,0.044,17,63,0.9937,3.01,0.39,9.2,0.040160481
Wi01-2328,White,16.99,6,6.6,0.19,0.99,1.2,0.122,45,129,0.9936,3.09,0.31,8.7,0.025930853
Wi01-2329,White,17.99,6,8.1,0.22,0.43,1.5,0.044,28,129,0.9938,3.22,0.45,11,0.02652548
Wi01-2330,White,16.99,6,7,0.28,0.36,1,0.035,8,70,0.9899,3.09,0.46,12.1,0.031548827
Wi01-2331,White,15.99,6,7.5,0.18,0.31,6.5,0.029,53,160,0.99276,3.03,0.38,10.9,0.028341779
Wi01-2332,White,6.99,4,7.2,0.32,0.47,5.1,0.044,19,65,0.991,3.03,0.41,12.6,0.0594884
Wi01-2333,White,12.99,5,6.7,0.54,0.28,5.4,0.06,21,105,0.9949,3.27,0.37,9,0.040647763
Wi01-2334,White,14.99,5,7.7,0.28,0.35,15.3,0.056,31,117,0.9998,3.27,0.5,9.6,0.038446751
Wi01-2335,White,15.99,6,7,0.28,0.32,1.7,0.038,27,128,0.99375,3.2,0.62,10.2,0.02576463
Wi01-2336,White,9.99,5,8.9,0.32,0.49,1.6,0.05,17,131,0.9956,3.13,0.34,9.4,0.034040931
Wi01-2337,White,10.99,5,6.7,0.34,0.31,16.4,0.051,20,146,0.99834,3.06,0.54,9.1,0.038903089
Wi01-2338,White,18.99,6,6.8,0.17,0.36,1.4,0.036,38,108,0.99006,3.19,0.66,12,0.028151885
Wi01-2339,White,14.99,6,7.3,0.2,0.37,1.2,0.037,48,119,0.992,3.32,0.49,10.9,0.025195263
Wi01-2340,White,13.99,6,6.1,0.14,0.25,1.3,0.047,37,173,0.9925,3.35,0.46,10,0.02618322
Wi01-2341,White,17.99,6,6.3,0.23,0.33,6.9,0.052,23,118,0.9938,3.23,0.46,10.4,0.028246593
Wi01-2342,White,13.99,6,6.9,0.17,0.3,2,0.047,13,117,0.99152,3.16,0.51,11.6,0.032001946
Wi01-2343,White,25.99,7,7.1,0.33,0.25,1.6,0.03,25,126,0.9901,3.22,0.34,12.1,0.021947874
Wi01-2344,White,15.99,6,7.9,0.33,0.28,31.6,0.053,35,176,1.0103,3.15,0.38,8.8,0.030995834
Wi01-2345,White,8.99,5,6.7,0.31,0.44,6.7,0.054,29,160,0.9952,3.04,0.44,9.6,0.048946668
Wi01-2346,White,23.99,7,6.8,0.25,0.34,14,0.032,47,133,0.9952,3.37,0.5,12.2,0.018460539
Wi01-2347,White,18.99,6,6.6,0.3,0.25,8,0.036,21,124,0.99362,3.06,0.38,10.8,0.032582205
Wi01-2348,White,18.99,6,6.9,0.44,0.42,8.5,0.048,10,147,0.9974,3.32,0.46,9.5,0.027777778
Wi01-2349,White,17.99,6,5.6,0.13,0.27,4.8,0.028,22,104,0.9948,3.34,0.45,9.2,0.027870602
Wi01-2350,White,14.99,5,6,0.24,0.32,6.3,0.03,34,129,0.9946,3.52,0.41,10.4,0.034807307
Wi01-2351,White,23.99,7,5.4,0.3,0.3,1.2,0.029,25,93,0.98742,3.31,0.4,13.6,0.021374098
Wi01-2352,White,11.99,5,7.6,0.3,0.38,2.1,0.043,10,98,0.99296,3.17,0.65,11,0.047465125
Wi01-2353,White,8.99,4,6.9,0.3,0.3,1.3,0.053,24,186,0.99361,3.29,0.54,9.9,0.069252078
Wi01-2354,White,8.99,4,6.2,0.43,0.49,6.4,0.045,12,115,0.9963,3.27,0.57,9,0.068171438
Wi01-2355,White,18.99,7,7,0.16,0.36,2.6,0.029,28,98,0.99126,3.11,0.37,11.2,0.023237656
Wi01-2356,White,16.99,6,7.1,0.2,0.34,16,0.05,51,166,0.9985,3.21,0.6,9.2,0.025847541
Wi01-2357,White,10.99,4,6.2,0.45,0.26,4.4,0.063,63,206,0.994,3.27,0.52,9.8,0.076733604
Wi01-2358,White,11.99,5,6.8,0.37,0.51,11.8,0.044,62,163,0.9976,3.19,0.44,8.8,0.035200237
Wi01-2359,White,8.99,4,6.5,0.52,0.17,1.4,0.047,5,26,0.9932,3.26,0.32,10,0.058912244
Wi01-2360,White,13.99,6,7.9,0.26,0.33,10.3,0.039,73,212,0.9969,2.93,0.49,9.5,0.023888641
Wi01-2361,White,6.99,4,6,0.395,0,1.4,0.042,7,55,0.99135,3.37,0.38,11.2,0.05284714
Wi01-2362,White,16.99,6,6.8,0.11,0.27,8.6,0.044,45,104,0.99454,3.2,0.37,9.9,0.025355998
Wi01-2363,White,17.99,6,6.8,0.14,0.18,1.4,0.047,30,90,0.99164,3.27,0.54,11.2,0.02942137
Wi01-2364,White,18.99,6,5.8,0.19,0.25,10.8,0.042,33,124,0.99646,3.22,0.41,9.2,0.0256
Wi01-2365,White,18.99,7,6.3,0.23,0.31,1.5,0.022,11,82,0.9892,3.3,0.4,12.9,0.018816764
Wi01-2366,White,15.99,6,8.4,0.27,0.3,2.2,0.037,36,129,0.99085,2.89,0.3,11.46666667,0.028057653
Wi01-2367,White,16.99,6,6.2,0.55,0.45,12,0.049,27,186,0.9974,3.17,0.5,9.3,0.031887755
Wi01-2368,White,13.99,6,6.5,0.27,0.19,6.6,0.045,98,175,0.99364,3.16,0.34,10.1,0.028437448
Wi01-2369,White,18.99,6,9.6,0.655,0.21,2,0.039,21,120,0.99188,3,1,12.6,0.03143705
Wi01-2370,White,13.99,5,7.3,0.24,0.39,17.95,0.057,45,149,0.9999,3.21,0.36,8.6,0.047258979
Wi01-2371,White,17.99,6,8.1,0.28,0.4,6.9,0.05,30,97,0.9951,3.26,0.44,10.1,0.025036052
Wi01-2372,White,10.99,5,6.7,0.25,0.13,1.2,0.041,81,174,0.992,3.14,0.42,9.8,0.037998396
Wi01-2373,White,26.99,7,6.4,0.25,0.33,1.4,0.04,42,115,0.9906,3.19,0.48,11.3,0.01902497
Wi01-2374,White,19.99,6,6.4,0.33,0.3,7.2,0.041,42,168,0.99331,3.22,0.49,11.1,0.024414063
Wi01-2375,White,18.99,6,7.6,0.21,0.44,1.9,0.036,10,119,0.9913,3.01,0.7,12.8,0.030778701
Wi01-2376,White,37.99,8,7.5,0.28,0.34,4.2,0.028,36,116,0.991,2.99,0.41,12.3,0.016063715
Wi01-2377,White,13.99,5,5.6,0.2,0.22,1.3,0.049,25,155,0.99296,3.74,0.43,10,0.044886527
Wi01-2378,White,22.99,7,5.8,0.19,0.33,4.2,0.038,49,133,0.99107,3.16,0.42,11.3,0.021690045
Wi01-2379,White,7.99,4,6.3,0.27,0.51,7.6,0.049,35,200,0.99548,3.16,0.54,9.4,0.055103705
Wi01-2380,White,32.99,8,7.8,0.18,0.46,12.6,0.042,41,143,1,3.24,0.76,8.5,0.014038319
Wi01-2381,White,19.99,6,7.5,0.18,0.45,4.6,0.041,67,158,0.9927,3.01,0.38,10.6,0.026353517
Wi01-2382,White,13.99,6,6.4,0.3,0.27,4.4,0.055,17,135,0.9925,3.23,0.44,12.2,0.027411078
Wi01-2383,White,13.99,6,8.3,0.26,0.31,2,0.029,14,141,0.99077,2.95,0.77,12.2,0.02942137
Wi01-2384,White,9.99,5,6.6,0.24,0.27,15.8,0.035,46,188,0.9982,3.24,0.51,9.2,0.0336672
Wi01-2385,White,13.99,5,6.1,0.17,0.42,15.1,0.033,28,124,0.99684,2.87,0.47,9.5,0.036982249
Wi01-2386,White,16.99,6,8,0.34,0.25,6.4,0.035,38,103,0.99148,2.91,0.23,12.2,0.02418678
Wi01-2387,White,14.99,6,7.2,0.08,0.49,1.3,0.05,18,148,0.9945,3.46,0.44,10.2,0.030036434
Wi01-2388,White,44.99,9,7.1,0.26,0.49,2.2,0.032,31,113,0.9903,3.37,0.42,12.9,0.012182702
Wi01-2389,White,12.99,5,7.6,0.31,0.29,10.5,0.04,21,145,0.9966,3.04,0.35,9.4,0.03354399
Wi01-2390,White,21.99,7,5.6,0.2,0.66,10.2,0.043,78,175,0.9945,2.98,0.43,10.4,0.018065672
Wi01-2391,White,12.99,5,8.1,0.5,0.47,1.1,0.037,23,126,0.9938,3.21,0.42,10.9,0.043043336
Wi01-2392,White,11.99,5,7.7,0.28,0.58,12.1,0.046,60,177,0.9983,3.08,0.46,8.9,0.0336672
Wi01-2393,White,14.99,5,6.5,0.22,0.25,17.1,0.05,44,138,1.0001,3.3,0.37,8.8,0.040484355
Wi01-2394,White,13.99,5,6.4,0.27,0.17,8.4,0.044,60,198,0.99578,3.21,0.47,9.4,0.047881484
Wi01-2395,White,9.99,5,6.6,0.22,0.34,11.6,0.05,59,140,0.99526,3.22,0.4,10.8,0.044696932
Wi01-2396,White,14.99,6,6.8,0.19,0.58,14.2,0.038,51,164,0.9975,3.12,0.48,9.6,0.031548827
Wi01-2397,White,17.99,6,6.1,0.28,0.25,6.9,0.056,44,201,0.9955,3.19,0.4,9.1,0.026353517
Wi01-2398,White,21.99,7,6.5,0.3,0.32,2,0.044,34,90,0.99185,3.37,0.68,11,0.019451885
Wi01-2399,White,13.99,6,7.3,0.23,0.37,1.8,0.032,60,156,0.992,3.11,0.35,11.1,0.030995834
Wi01-2400,White,15.99,6,6.7,0.26,0.29,7.1,0.036,28,100,0.99534,3.08,0.36,9.3,0.029522561
Wi01-2401,White,19.99,6,7.1,0.19,0.28,3.6,0.033,16,78,0.993,2.91,0.78,11.4,0.026353517
Wi01-2402,White,15.99,6,7.7,0.39,0.49,7.7,0.036,11,110,0.9966,3.33,0.76,10,0.029829287
Wi01-2403,White,19.99,6,6.4,0.21,0.28,5.9,0.047,29,101,0.99278,3.15,0.4,11,0.032348222
Wi01-2404,White,9.99,5,8.5,0.17,0.31,1,0.024,13,91,0.993,2.79,0.37,10.1,0.04507733
Wi01-2405,White,6.99,3,7.5,0.32,0.24,4.6,0.053,8,134,0.9958,3.14,0.5,9.1,0.08305027
Wi01-2406,White,18.99,6,6,0.27,0.3,14.7,0.044,15,144,0.99666,3.12,0.53,10.3,0.033057851
Wi01-2407,White,25.99,7,6.7,0.19,0.39,1,0.032,14,71,0.98912,3.31,0.38,13,0.018212249
Wi01-2408,White,17.99,6,6.9,0.31,0.34,1.6,0.032,23,128,0.9917,3.37,0.47,11.7,0.029021763
Wi01-2409,White,23.99,7,5.8,0.22,0.29,0.9,0.034,34,89,0.98936,3.14,0.36,11.1,0.019615689
Wi01-2410,White,14.99,5,6.4,0.29,0.18,15,0.04,21,116,0.99736,3.14,0.5,9.2,0.039840479
Wi01-2411,White,15.99,6,7,0.27,0.74,1.5,0.036,27,122,0.9926,3.35,0.48,11.2,0.030670989
Wi01-2412,White,16.99,6,6.2,0.3,0.21,1.1,0.032,31,111,0.9889,2.97,0.42,12.2,0.029220542
Wi01-2413,White,17.99,6,6.9,0.14,0.29,9.9,0.056,30,91,0.99512,3.19,0.33,9.9,0.027963893
Wi01-2414,White,8.99,5,8.5,0.17,0.31,1,0.024,13,91,0.993,2.79,0.37,10.1,0.048516369
Wi01-2415,White,8.99,5,7.2,0.4,0.49,1.1,0.048,11,138,0.9929,3.01,0.42,9.3,0.046049844
Wi01-2416,White,16.99,6,6.6,0.27,0.25,1.2,0.033,36,111,0.98918,3.16,0.37,12.4,0.029624275
Wi01-2417,White,19.99,6,7,0.22,0.3,1.4,0.04,14,63,0.98985,3.2,0.33,12,0.02480005
Wi01-2418,White,18.99,6,7.1,0.145,0.33,4.6,0.05,33,131,0.9942,3.28,0.4,9.6,0.026962826
Wi01-2419,White,14.99,5,8.6,0.27,0.46,6.1,0.032,13,41,0.993,2.89,0.34,10.9,0.036006323
Wi01-2420,White,24.99,7,6.2,0.39,0.24,4.8,0.037,45,138,0.99174,3.23,0.43,11.2,0.018868494
Wi01-2421,White,24.99,7,7.3,0.22,0.31,2.3,0.018,45,80,0.98936,3.06,0.34,12.9,0.020525283
Wi01-2422,White,26.99,7,6.8,0.37,0.28,4,0.03,29,79,0.99,3.23,0.46,12.4,0.021754075
Wi01-2423,White,14.99,5,7.2,0.15,0.39,1.8,0.043,21,159,0.9948,3.52,0.47,10,0.047672623
Wi01-2424,White,26.99,7,6.8,0.27,0.49,1.2,0.044,35,126,0.99,3.13,0.48,12.1,0.020643414
Wi01-2425,White,19.99,7,7.1,0.2,0.36,11.6,0.042,45,124,0.997,2.92,0.59,9.5,0.020762568
Wi01-2426,White,14.99,5,7.4,0.3,0.32,1.7,0.03,23,128,0.9929,3.17,0.66,10.9,0.036840418
Wi01-2427,White,19.99,6,6.2,0.31,0.26,4.8,0.037,36,148,0.9928,3.21,0.41,10.4,0.032116751
Wi01-2428,White,19.99,6,8.2,0.3,0.44,12.4,0.043,52,154,0.99452,3.04,0.33,12,0.030457255
Wi01-2429,White,14.99,5,6.5,0.26,0.34,1.4,0.04,25,184,0.99216,3.29,0.46,10.7,0.043584189
Wi01-2430,White,10.99,5,6.7,0.18,0.3,6.4,0.048,40,251,0.9956,3.29,0.52,10,0.045462605
Wi01-2431,White,13.99,6,6.9,0.19,0.35,13.5,0.038,49,118,0.99546,3,0.63,10.7,0.031105263
Wi01-2432,White,12.99,5,7.2,0.34,0.3,8.4,0.051,40,167,0.99756,3.48,0.62,9.7,0.034548997
Wi01-2433,White,19.99,6,9.7,0.24,0.49,4.9,0.032,3,18,0.99368,2.85,0.54,10,0.030563842
Wi01-2434,White,15.99,6,7,0.24,0.24,9,0.03,42,219,0.99636,3.47,0.46,10.2,0.028341779
Wi01-2435,White,23.99,7,6.7,0.21,0.37,2.5,0.034,35,89,0.9913,3.25,0.5,11,0.021436733
Wi01-2436,White,14.99,6,6.1,0.26,0.28,1.7,0.043,24,98,0.98918,3.14,0.44,12.5,0.029624275
Wi01-2437,White,13.99,5,6.5,0.23,0.36,16.3,0.038,43,133,0.99924,3.26,0.41,8.8,0.038597967
Wi01-2438,White,16.99,6,7.1,0.44,0.62,11.8,0.044,52,152,0.9975,3.12,0.46,8.7,0.025275439
Wi01-2439,White,16.99,6,9.6,0.29,0.46,1.45,0.039,77.5,223,0.9944,2.92,0.46,9.5,0.030457255
Wi01-2440,White,21.99,7,6.9,0.21,0.24,1.8,0.021,17,80,0.98992,3.15,0.46,12.3,0.019560859
Wi01-2441,White,25.99,7,7.3,0.25,0.36,13.1,0.05,35,200,0.9986,3.04,0.46,8.9,0.019615689
Wi01-2442,White,17.99,6,6.6,0.19,0.43,10.9,0.045,53,154,0.99752,3.52,0.77,10.4,0.027140798
Wi01-2443,White,15.99,6,5.7,0.21,0.25,1.1,0.035,26,81,0.9902,3.31,0.52,11.4,0.0316612
Wi01-2444,White,17.99,6,6.3,0.4,0.32,10.6,0.049,38,209,0.9981,3.47,0.59,9.3,0.028923134
Wi01-2445,White,24.99,7,7.8,0.26,0.31,3.6,0.025,22,100,0.99066,2.99,0.47,12.1,0.023523655
Wi01-2446,White,9.99,5,7.6,0.4,0.27,1.2,0.053,23,193,0.99164,3.22,0.38,11.6,0.041479835
Wi01-2447,White,18.99,7,6.5,0.28,0.25,4.8,0.029,54,128,0.99074,3.17,0.44,12.2,0.021374098
Wi01-2448,White,19.99,6,7.2,0.29,0.4,7.6,0.024,56,177,0.9928,3.04,0.32,11.5,0.025847541
Wi01-2449,White,14.99,6,6.8,0.22,0.31,1.4,0.053,34,114,0.9929,3.39,0.77,10.6,0.025518276
Wi01-2450,White,19.99,6,5.2,0.185,0.22,1,0.03,47,123,0.99218,3.55,0.44,10.15,0.026874496
Wi01-2451,White,14.99,6,6.7,0.27,0.33,3.6,0.034,9,45,0.99144,3.08,0.4,10.5,0.02618322
Wi01-2452,White,10.99,4,9.3,0.2,0.33,1.7,0.05,28,178,0.9954,3.16,0.43,9,0.069252078
Wi01-2453,White,13.99,6,5.9,0.14,0.2,1.6,0.04,26,114,0.99105,3.25,0.45,11.4,0.026439289
Wi01-2454,White,25.99,7,6.5,0.32,0.34,5.7,0.044,27,91,0.99184,3.28,0.6,12,0.018868494
Wi01-2455,White,11.99,5,7.6,0.32,0.34,18.35,0.054,44,197,1.0008,3.22,0.55,9,0.03442092
Wi01-2456,White,9.99,5,7.6,0.33,0.41,13.7,0.045,44,197,0.9989,3.18,0.64,9.1,0.0419914
Wi01-2457,White,18.99,6,7,0.13,0.37,12.85,0.042,36,105,0.99581,3.05,0.55,10.7,0.032582205
Wi01-2458,White,25.99,7,6.6,0.19,0.35,1.5,0.037,37,107,0.99006,3.18,0.68,12,0.020822532
Wi01-2459,White,14.99,5,7.1,0.365,0.14,1.2,0.055,24,84,0.9941,3.15,0.43,8.9,0.03379109
Wi01-2460,White,16.99,6,8.3,0.18,0.3,1.1,0.033,20,57,0.99109,3.02,0.51,11,0.025847541
Wi01-2461,White,21.99,7,7.8,0.3,0.4,1.8,0.028,23,122,0.9914,3.14,0.39,10.9,0.020822532
Wi01-2462,White,24.99,7,5.1,0.33,0.22,1.6,0.027,18,89,0.9893,3.51,0.38,12.5,0.021065004
Wi01-2463,White,18.99,7,6.8,0.32,0.3,3.3,0.029,15,80,0.99061,3.33,0.63,12.6,0.021754075
Wi01-2464,White,14.99,6,7.4,0.24,0.22,10.7,0.042,26,81,0.9954,2.86,0.36,9.7,0.029220542
Wi01-2465,White,10.99,5,7.7,0.32,0.61,11.8,0.041,66,188,0.99794,3,0.54,9.3,0.044886527
Wi01-2466,White,19.99,6,6.2,0.15,0.46,1.6,0.039,38,123,0.993,3.38,0.51,9.7,0.025275439
Wi01-2467,White,17.99,6,8,0.2,0.44,1,0.057,24,111,0.99158,3.09,0.32,11.2,0.030778701
Wi01-2468,White,8.99,5,7.2,0.34,0.23,8.9,0.105,22,155,0.99692,3.01,0.58,9.5,0.048303345
Wi01-2469,White,35.99,8,8.2,0.22,0.36,6.8,0.034,12,90,0.9944,3.01,0.38,10.5,0.01735867
Wi01-2470,White,9.99,5,7,0.24,0.51,11,0.029,55,227,0.9965,3.03,0.61,9.5,0.043950441
Wi01-2471,White,8.99,5,8.8,0.19,0.3,5,0.028,34,120,0.99242,2.94,0.47,11.2,0.037557839
Wi01-2472,White,17.99,6,6.7,0.16,0.36,2,0.045,24,131,0.99284,3.3,0.59,10.5,0.029932592
Wi01-2473,White,9.99,5,6.6,0.34,0.2,1,0.053,26,112,0.99336,3.32,0.55,9.1,0.035068524
Wi01-2474,White,12.99,5,6.4,0.37,0.2,5.6,0.117,61,183,0.99459,3.24,0.43,9.5,0.047258979
Wi01-2475,White,13.99,6,6.8,0.27,0.3,13,0.047,69,160,0.99705,3.16,0.5,9.6,0.02609869
Wi01-2476,White,19.99,6,7.4,0.25,0.37,2.6,0.05,24,132,0.99138,3.04,0.53,11.2,0.032116751
Wi01-2477,White,18.99,6,7,0.13,0.37,12.85,0.042,36,105,0.99581,3.05,0.55,10.7,0.030140818
Wi01-2478,White,8.99,5,6.3,0.24,0.55,8.1,0.04,67,216,0.99596,3.24,0.5,9.2,0.04233772
Wi01-2479,White,11.99,5,7.2,0.6,0.2,9.9,0.07,21,174,0.9971,3.03,0.54,9.1,0.037703836
Wi01-2480,White,18.99,7,6.7,0.48,0.32,1.4,0.021,22,121,0.9889,3.15,0.53,12.7,0.020466597
Wi01-2481,White,13.99,6,6.8,0.21,0.74,1.2,0.047,25,111,0.9916,3.13,0.41,10.7,0.027593514
Wi01-2482,White,14.99,5,6.9,0.2,0.4,7.7,0.032,51,176,0.9939,3.22,0.27,11.4,0.036840418
Wi01-2483,White,19.99,6,6.2,0.3,0.42,2.2,0.036,28,128,0.9901,3.13,0.38,11.6,0.032001946
Wi01-2484,White,10.99,5,7,0.16,0.73,1,0.138,58,150,0.9936,3.08,0.3,9.2,0.042512488
Wi01-2485,White,15.99,6,7.1,0.21,0.4,1.2,0.069,24,156,0.9928,3.42,0.43,10.6,0.02750207
Wi01-2486,White,17.99,6,7,0.27,0.48,6.1,0.042,60,184,0.99566,3.2,0.5,9.4,0.028057653
Wi01-2487,White,15.99,6,7.4,0.19,0.31,14.5,0.045,39,193,0.9986,3.1,0.5,9.2,0.028246593
Wi01-2488,White,9.99,5,7.6,0.23,0.4,5.2,0.066,14,91,0.99488,3.17,0.8,9.7,0.043584189
Wi01-2489,White,8.99,5,9.2,0.32,0.42,1.3,0.046,14,186,0.9949,3.08,0.48,9.6,0.040160481
Wi01-2490,White,19.99,6,6.3,0.48,0.04,1.1,0.046,30,99,0.9928,3.24,0.36,9.6,0.026014568
Wi01-2491,White,19.99,7,5,0.3,0.33,3.7,0.03,54,173,0.9887,3.36,0.3,13,0.017872973
Wi01-2492,White,13.99,6,6.7,0.105,0.32,12.4,0.051,34,106,0.998,3.54,0.45,9.2,0.031887755
Wi01-2493,White,12.99,5,6.9,0.29,0.32,5.8,0.04,16,112,0.993,3.04,0.58,11.2,0.046850696
Wi01-2494,White,29.99,8,6.9,0.15,0.28,4.4,0.029,14,107,0.99347,3.24,0.46,10.4,0.014799818
Wi01-2495,White,15.99,6,6.2,0.23,0.36,17.2,0.039,37,130,0.99946,3.23,0.43,8.8,0.025036052
Wi01-2496,White,19.99,6,6,0.28,0.27,2.3,0.051,23,147,0.994,3.23,0.67,10.3,0.031325867
Wi01-2497,White,29.99,8,8.2,0.37,0.36,1,0.034,17,93,0.9906,3.04,0.32,11.7,0.017683341
Wi01-2498,White,19.99,6,6.5,0.34,0.28,1.8,0.041,43,188,0.9928,3.13,0.37,9.6,0.028630243
Wi01-2499,White,13.99,6,6.4,0.31,0.28,2.5,0.039,34,137,0.98946,3.22,0.38,12.7,0.024414063
Wi01-2500,White,15.99,6,7.3,0.26,0.53,12.7,0.047,60.5,156,0.9984,3.06,0.45,9.1,0.023962657
Wi01-2501,White,19.99,6,7.1,0.17,0.4,14.55,0.047,47,156,0.99945,3.34,0.78,9.1,0.026268161
Wi01-2502,White,20.99,7,5.7,0.265,0.28,6.9,0.036,46,150,0.99299,3.36,0.44,10.8,0.020762568
Wi01-2503,White,8.99,5,6.1,0.37,0.2,7.6,0.031,49,170,0.99558,3.22,0.48,9.5,0.046447681
Wi01-2504,White,12.99,5,7.3,0.25,0.26,7.2,0.048,52,207,0.99587,3.12,0.37,9.2,0.042164026
Wi01-2505,White,20.99,7,6.3,0.2,0.26,4.7,0.04,108,168,0.99278,3.07,0.75,10.7,0.017872973
Wi01-2506,White,22.99,7,6.9,0.15,0.29,2.3,0.033,14,82,0.99132,3.1,0.58,11.2,0.019343819
Wi01-2507,White,19.99,6,7.7,0.32,0.62,10.6,0.036,56,153,0.9978,3.13,0.44,8.9,0.032232175
Wi01-2508,White,19.99,6,8.3,0.24,0.27,2.1,0.03,22,162,0.9914,2.99,0.68,11.9,0.023668639
Wi01-2509,White,20.99,7,7.1,0.16,0.36,10.7,0.044,20,90,0.9959,3.16,0.44,10.9,0.017872973
Wi01-2510,White,9.99,5,6.4,0.62,0.12,4.7,0.06,33,196,0.99556,3.22,0.48,8.9,0.03329959
Wi01-2511,White,13.99,5,7.6,0.17,0.45,11.2,0.054,56,137,0.997,3.15,0.47,10,0.035599858
Wi01-2512,White,11.99,5,6.3,0.33,0.2,17.9,0.066,36,161,0.9991,3.14,0.51,8.8,0.044508537
Wi01-2513,White,9.99,5,6.2,0.34,0.3,11.1,0.047,28,237,0.9981,3.18,0.49,8.7,0.036006323
Wi01-2514,White,10.99,5,6.7,0.62,0.24,1.1,0.039,6,62,0.9934,3.41,0.32,10.4,0.03442092
Wi01-2515,White,14.99,6,6.5,0.23,0.25,17.3,0.046,15,110,0.99828,3.15,0.42,9.2,0.025847541
Wi01-2516,White,12.99,5,7.3,0.33,0.22,1.4,0.041,40,177,0.99287,3.14,0.48,9.9,0.043222496
Wi01-2517,White,15.99,6,7.2,0.28,0.3,10.7,0.044,61,222,0.9972,3.14,0.5,9.1,0.027140798
Wi01-2518,White,13.99,6,6.8,0.2,0.28,12.6,0.048,54,136,0.99556,3.19,0.37,10.7,0.02618322
Wi01-2519,White,10.99,5,7.5,0.28,0.41,1.3,0.044,11,126,0.99293,3.28,0.45,10.3,0.037703836
Wi01-2520,White,11.99,5,7.7,0.28,0.35,15.3,0.056,31,117,0.9998,3.27,0.5,9.6,0.036982249
Wi01-2521,White,14.99,6,5.7,0.15,0.28,3.7,0.045,57,151,0.9913,3.22,0.27,11.2,0.027963893
Wi01-2522,White,10.99,5,6.4,0.41,0.01,6.1,0.048,20,70,0.99362,3.19,0.42,10,0.038446751
Wi01-2523,White,18.99,6,6.6,0.25,0.32,5.6,0.039,15,68,0.99163,2.96,0.52,11.1,0.02618322
Wi01-2524,White,14.99,5,6.5,0.41,0.22,4.8,0.052,49,142,0.9946,3.14,0.62,9.2,0.04
Wi01-2525,White,19.99,6,5.9,0.13,0.28,1.9,0.05,20,78,0.9918,3.43,0.64,10.8,0.02609869
Wi01-2526,White,29.99,8,7.3,0.19,0.27,13.9,0.057,45,155,0.99807,2.94,0.41,8.8,0.01498152
Wi01-2527,White,9.99,4,6.9,0.26,0.49,1.6,0.058,39,166,0.9965,3.65,0.52,9.4,0.05588809
Wi01-2528,White,13.99,5,6.2,0.32,0.12,4.8,0.054,6,97,0.99424,3.16,0.5,9.3,0.04032193
Wi01-2529,White,28.99,8,8,0.13,0.25,1.1,0.033,15,86,0.99044,2.98,0.39,11.2,0.013873455
Wi01-2530,White,19.99,6,8.3,0.14,0.45,1.5,0.039,18,98,0.99215,3.02,0.56,11,0.027777778
Wi01-2531,White,22.99,7,6,0.22,0.33,12.2,0.033,25,97,0.99356,3.17,0.42,11.3,0.019893332
Wi01-2532,White,14.99,5,9,0.38,0.53,2.1,0.102,19,76,0.99001,2.93,0.57,12.9,0.03317839
Wi01-2533,White,31.99,8,7,0.36,0.32,10.05,0.045,37,131,0.99352,3.09,0.33,11.7,0.01448098
Wi01-2534,White,13.99,6,6.3,0.32,0.26,12,0.049,63,170,0.9961,3.14,0.55,9.9,0.029829287
Wi01-2535,White,10.99,5,7,0.18,0.37,1.5,0.043,16,104,0.99216,3.18,0.5,10.8,0.046049844
Wi01-2536,White,13.99,6,5.6,0.205,0.16,12.55,0.051,31,115,0.99564,3.4,0.38,10.8,0.032700149
Wi01-2537,White,26.99,7,6.4,0.105,0.29,1.1,0.035,44,140,0.99142,3.17,0.55,10.7,0.021065004
Wi01-2538,White,26.99,7,5.9,0.3,0.3,2,0.03,38,142,0.98892,3.41,0.41,12.9,0.021436733
Wi01-2539,White,35.99,8,7.3,0.19,0.27,13.9,0.057,45,155,0.99807,2.94,0.41,8.8,0.017313019
Wi01-2540,White,25.99,7,6.6,0.25,0.3,1.6,0.046,32,134,0.993,3.42,0.51,10.1,0.018920438
Wi01-2541,White,25.99,7,6.7,0.14,0.51,4.3,0.028,57,124,0.99176,2.91,0.54,10.7,0.018212249
Wi01-2542,White,11.99,5,6.6,0.3,0.24,1.2,0.034,17,121,0.9933,3.13,0.36,9.2,0.047054173
Wi01-2543,White,11.99,5,5.7,0.26,0.24,17.8,0.059,23,124,0.99773,3.3,0.5,10.1,0.046850696
Wi01-2544,White,13.99,6,7.4,0.3,0.49,8.2,0.055,49,188,0.9974,3.52,0.58,9.7,0.030457255
Wi01-2545,White,9.99,5,7.9,0.19,0.26,2.1,0.039,8,143,0.9942,3.05,0.74,9.8,0.048730806
Wi01-2546,White,21.99,7,6,0.36,0.39,3.2,0.027,20,125,0.991,3.38,0.39,11.3,0.023523655
Wi01-2547,White,16.99,6,6.7,0.2,0.3,1.4,0.025,17,76,0.99104,3.11,0.44,11,0.028246593
Wi01-2548,White,8.99,5,7.1,0.24,0.41,17.8,0.046,39,145,0.9998,3.32,0.39,8.7,0.039367599
Wi01-2549,White,20.99,7,6.9,0.25,0.29,2.4,0.038,28,76,0.99088,3.01,0.36,11.7,0.022078516
Wi01-2550,White,12.99,5,5.8,0.25,0.26,13.1,0.051,44,148,0.9972,3.29,0.38,9.3,0.047881484
Wi01-2551,White,23.99,7,6.5,0.29,0.31,1.7,0.035,24,79,0.99053,3.27,0.69,11.4,0.019077562
Wi01-2552,White,18.99,7,7,0.46,0.39,6.2,0.039,46,163,0.9928,3.21,0.35,12.2,0.019615689
Wi01-2553,White,17.99,6,6.1,0.255,0.44,12.3,0.045,53,197,0.9967,3.24,0.54,9.5,0.0316612
Wi01-2554,White,19.99,6,6.9,0.22,0.39,6,0.035,44,141,0.99123,3.11,0.33,12.5,0.023888641
Wi01-2555,White,8.99,5,6.7,0.325,0.82,1.2,0.152,49,120,0.99312,2.99,0.38,9.2,0.040647763
Wi01-2556,White,15.99,6,6.3,0.25,0.53,1.8,0.021,41,101,0.989315,3.19,0.31,13,0.028246593
Wi01-2557,White,17.99,6,6.8,0.25,0.34,4.7,0.031,34,134,0.9927,3.21,0.38,10.6,0.030457255
Wi01-2558,White,16.99,6,6.3,0.21,0.31,1.2,0.043,30,117,0.99158,3.49,0.68,11,0.023741634
Wi01-2559,White,14.99,5,7.6,0.21,0.49,2.5,0.047,20,130,0.99178,3.15,0.48,11.1,0.049163967
Wi01-2560,White,15.99,6,8.1,0.24,0.26,11,0.043,41,211,0.99676,3.11,0.49,10,0.031325867
Wi01-2561,White,18.99,6,8.1,0.24,0.33,10.2,0.048,46,141,0.9972,3.16,0.48,10.3,0.028057653
Wi01-2562,White,10.99,5,5.6,0.12,0.26,4.3,0.038,18,97,0.99477,3.36,0.46,9.2,0.03329959
Wi01-2563,White,11.99,5,6.2,0.35,0.04,1.2,0.06,23,108,0.9934,3.26,0.54,9.2,0.044886527
Wi01-2564,White,13.99,5,6.6,0.27,0.32,1.3,0.044,18,93,0.99044,3.11,0.56,12.25,0.035870064
Wi01-2565,White,19.99,6,6.1,0.16,0.29,6,0.03,29,144,0.99474,3.68,0.46,10.7,0.026612094
Wi01-2566,White,25.99,7,6.8,0.19,0.36,1.9,0.035,30,96,0.9917,3.15,0.54,10.8,0.018410476
Wi01-2567,White,17.99,6,6.6,0.18,0.28,1.7,0.041,53,161,0.99207,3.13,0.45,10.2,0.02609869
Wi01-2568,White,13.99,6,5.8,0.23,0.21,1.5,0.044,21,110,0.99138,3.3,0.57,11,0.031548827
Wi01-2569,White,28.99,8,6.5,0.3,0.27,4,0.038,37,97,0.99026,3.2,0.6,12.6,0.014550936
Wi01-2570,White,11.99,5,6.4,0.31,0.53,8.8,0.057,36,221,0.99642,3.17,0.44,9.1,0.036006323
Wi01-2571,White,9.99,5,7.5,0.2,0.41,1.2,0.05,26,131,0.99133,3.19,0.52,11.1,0.038446751
Wi01-2572,White,14.99,6,7.2,0.27,0.27,2.4,0.048,30,149,0.9936,3.1,0.51,9.2,0.023962657
Wi01-2573,White,12.99,5,5.6,0.41,0.22,7.1,0.05,44,154,0.9931,3.3,0.4,10.5,0.037850687
Wi01-2574,White,15.99,6,6.3,0.21,0.28,1.5,0.051,46,142,0.9928,3.23,0.42,10.1,0.032116751
Wi01-2575,White,8.99,5,6.9,0.19,0.35,5,0.067,32,150,0.995,3.36,0.48,9.8,0.040977561
Wi01-2576,White,35.99,8,7.3,0.19,0.27,13.9,0.057,45,155,0.99807,2.94,0.41,8.8,0.017730465
Wi01-2577,White,12.99,5,6.8,0.21,0.36,18.1,0.046,32,133,1,3.27,0.48,8.8,0.038296422
Wi01-2578,White,13.99,6,7.1,0.2,0.41,2.1,0.054,24,166,0.9948,3.48,0.62,10.5,0.024957012
Wi01-2579,White,35.99,8,6.7,0.26,0.39,1.1,0.04,45,147,0.9935,3.32,0.58,9.6,0.01578243
Wi01-2580,White,23.99,7,5.8,0.31,0.32,4.5,0.024,28,94,0.98906,3.25,0.52,13.7,0.019397739
Wi01-2581,White,13.99,5,7.5,0.17,0.37,1.5,0.06,18,75,0.9936,3.54,0.88,10.7,0.048730806
Wi01-2582,White,13.99,5,6.2,0.345,0.27,10.1,0.056,38,187,0.99486,3.31,0.56,10.6,0.040647763
Wi01-2583,White,18.99,6,5.3,0.31,0.38,10.5,0.031,53,140,0.99321,3.34,0.46,11.7,0.026353517
Wi01-2584,White,24.99,7,8,0.26,0.36,2,0.054,30,121,0.992,3.09,0.72,11.6,0.020176911
Wi01-2585,White,26.99,7,6,0.13,0.28,5.7,0.038,56,189.5,0.9948,3.59,0.43,10.6,0.021126284
Wi01-2586,White,11.99,5,6.1,0.34,0.21,5,0.042,17,133,0.99373,3.02,0.53,9.4,0.04032193
Wi01-2587,White,14.99,5,7.6,0.27,0.24,3.8,0.058,19,115,0.9958,3.15,0.45,8.9,0.038750078
Wi01-2588,White,22.99,7,7.3,0.19,0.49,15.55,0.058,50,134,0.9998,3.42,0.36,9.1,0.020702862
Wi01-2589,White,15.99,6,7.4,0.23,0.43,1.4,0.044,22,113,0.9938,3.22,0.62,10.6,0.026786599
Wi01-2590,White,13.99,6,7.4,0.21,0.27,1.2,0.041,27,99,0.9927,3.19,0.33,9.8,0.024337947
Wi01-2591,White,18.99,7,6.7,0.34,0.4,2.1,0.033,34,111,0.98924,2.97,0.48,12.2,0.020466597
Wi01-2592,White,25.99,7,6.5,0.18,0.33,1.4,0.029,35,138,0.99114,3.36,0.6,11.5,0.02359598
Wi01-2593,White,12.99,5,5.8,0.25,0.28,11.1,0.056,45,175,0.99755,3.42,0.43,9.5,0.04
Wi01-2594,White,10.99,5,6.5,0.25,0.35,12,0.055,47,179,0.998,3.58,0.47,10,0.036419789
Wi01-2595,White,21.99,7,6.2,0.39,0.24,4.8,0.037,45,138,0.99174,3.23,0.43,11.2,0.019726045
Wi01-2596,White,14.99,6,7,0.22,0.28,1.5,0.037,29,115,0.9927,3.11,0.55,10.5,0.032348222
Wi01-2597,White,13.99,5,9.4,0.3,0.32,10.7,0.029,14,111,0.9958,2.85,0.42,10.6,0.048946668
Wi01-2598,White,16.99,6,6,0.2,0.26,1.1,0.033,38,67,0.98954,3.14,0.38,11.5,0.02480005
Wi01-2599,White,18.99,7,7.4,0.49,0.24,15.1,0.03,34,153,0.9953,3.13,0.51,12,0.023166971
Wi01-2600,White,10.99,5,4.6,0.445,0,1.4,0.053,11,178,0.99426,3.79,0.55,10.2,0.033915665
Wi01-2601,White,10.99,5,7.7,0.31,0.36,4.3,0.026,15,87,0.99152,3.11,0.48,12,0.046648536
Wi01-2602,White,22.99,7,6.3,0.37,0.28,6.3,0.034,45,152,0.9921,3.29,0.46,11.6,0.021374098
Wi01-2603,White,27.99,8,5.2,0.155,0.33,1.6,0.028,13,59,0.98975,3.3,0.84,11.9,0.01490844
Wi01-2604,White,24.99,7,7.3,0.2,0.44,1.4,0.045,21,98,0.9924,3.15,0.46,10,0.018920438
Wi01-2605,White,26.99,8,6.9,0.25,0.27,9.05,0.039,37,128,0.9936,3.27,0.34,11.3,0.014071644
Wi01-2606,White,26.99,7,7.4,0.25,0.37,6.9,0.02,14,93,0.9939,3,0.48,10.7,0.01831096
Wi01-2607,White,9.99,5,6.8,0.27,0.22,8.1,0.034,55,203,0.9961,3.19,0.52,8.9,0.035465898
Wi01-2608,White,18.99,6,6.8,0.34,0.27,5.2,0.06,14,169,0.99252,3.27,0.57,11.6,0.029021763
Wi01-2609,White,12.99,5,5.8,0.335,0.14,5.8,0.046,49,197,0.9937,3.3,0.71,10.3,0.045657097
Wi01-2610,White,19.99,6,7.4,0.25,0.36,2.05,0.05,31,100,0.992,3.19,0.44,10.8,0.025682117
Wi01-2611,White,11.99,5,6.4,0.24,0.29,11.4,0.051,32,166,0.9968,3.31,0.45,9.5,0.035200237
Wi01-2612,White,15.99,6,4.8,0.29,0.23,1.1,0.044,38,180,0.98924,3.28,0.34,11.9,0.025518276
Wi01-2613,White,9.99,5,6.9,0.4,0.17,12.9,0.033,59,186,0.99754,3.08,0.49,9.4,0.037703836
Wi01-2614,White,13.99,6,8.3,0.14,0.34,1.1,0.042,7,47,0.9934,3.47,0.4,10.2,0.025355998
Wi01-2615,White,15.99,6,6.9,0.25,0.3,4.1,0.054,23,116,0.994,2.99,0.38,9.4,0.02480005
Wi01-2616,White,19.99,6,6,0.3,0.33,2.1,0.042,31,127,0.98964,3.32,0.42,12.5,0.031325867
Wi01-2617,White,10.99,5,7.7,0.28,0.29,4.3,0.051,25,142,0.9939,3.16,0.39,10.2,0.047672623
Wi01-2618,White,23.99,7,6.3,0.43,0.32,8.8,0.042,18,106,0.99172,3.28,0.33,12.9,0.019183401
Wi01-2619,White,13.99,6,6,0.26,0.33,4.35,0.04,15,80,0.98934,3.29,0.5,12.7,0.032001946
Wi01-2620,White,19.99,7,8.8,0.33,0.44,6.35,0.024,9,87,0.9917,2.96,0.4,12.6,0.020119712
Wi01-2621,White,23.99,7,6.5,0.36,0.38,10.2,0.028,20,82,0.99274,3.1,0.43,12.1,0.021065004
Wi01-2622,White,14.99,5,6.2,0.25,0.54,7,0.046,58,176,0.99454,3.19,0.7,10.4,0.039211842
Wi01-2623,White,13.99,5,7.6,0.27,0.32,1.2,0.043,23,72,0.99236,3.06,0.68,10.5,0.03968191
Wi01-2624,White,20.99,7,5.4,0.33,0.31,4,0.03,27,108,0.99031,3.3,0.43,12.2,0.019343819
Wi01-2625,White,17.99,6,6.4,0.27,0.49,7.3,0.046,53,206,0.9956,3.24,0.43,9.2,0.033057851
Wi01-2626,White,7.99,3,10.3,0.17,0.47,1.4,0.037,5,33,0.9939,2.89,0.28,9.6,0.094094622
Wi01-2627,White,14.99,6,7,0.17,0.37,5.7,0.025,29,111,0.9938,3.2,0.49,10.8,0.02618322
Wi01-2628,White,18.99,6,6.2,0.26,0.19,3.4,0.049,47,172,0.9924,3.14,0.43,10.4,0.02618322
Wi01-2629,White,9.99,5,7.2,0.2,0.22,1.6,0.044,17,101,0.99471,3.37,0.53,10,0.040160481
Wi01-2630,White,17.99,6,6.6,0.23,0.26,1.3,0.045,16,128,0.9934,3.36,0.6,10,0.027051593
Wi01-2631,White,19.99,6,6.8,0.32,0.33,0.7,0.027,15,66,0.9899,3.11,0.31,11.8,0.027320538
Wi01-2632,White,13.99,5,6.5,0.25,0.27,15.2,0.049,75,217,0.9972,3.19,0.39,9.9,0.049382716
Wi01-2633,White,13.99,5,6.6,0.22,0.58,1.1,0.133,52,136,0.9932,3.1,0.3,9.1,0.040812162
Wi01-2634,White,18.99,6,6.2,0.23,0.36,17.2,0.039,37,130,0.99946,3.23,0.43,8.8,0.028727377
Wi01-2635,White,13.99,5,6.2,0.32,0.24,4.1,0.051,34,149,0.99306,3.36,0.52,11,0.033057851
Wi01-2636,White,11.99,5,9.8,0.44,0.4,2.8,0.036,35,167,0.9956,2.97,0.39,9.2,0.034807307
Wi01-2637,White,13.99,5,6.3,0.18,0.22,1.5,0.043,45,155,0.99238,3.19,0.48,10.2,0.035465898
Wi01-2638,White,12.99,5,8.2,0.4,0.48,13.7,0.042,59,169,0.9986,3.1,0.52,9.4,0.040484355
Wi01-2639,White,19.99,7,6.7,0.18,0.28,10.2,0.039,29,115,0.99469,3.11,0.45,10.9,0.01831096
Wi01-2640,White,13.99,6,7.1,0.18,0.74,15.6,0.044,44,176,0.9996,3.38,0.67,9,0.023888641
Wi01-2641,White,37.99,8,7,0.17,0.74,12.8,0.045,24,126,0.9942,3.26,0.38,12.2,0.017683341
Wi01-2642,White,13.99,6,6.7,0.37,0.25,2.5,0.028,24,84,0.9909,3.14,0.36,11.7,0.028533601
Wi01-2643,White,13.99,6,6.6,0.23,0.3,14.9,0.051,33,118,0.99835,3.04,0.54,9,0.026874496
Wi01-2644,White,19.99,6,6.6,0.21,0.36,0.8,0.034,48,113,0.99165,3.24,0.68,10.5,0.027870602
Wi01-2645,White,7.99,4,7.9,0.28,0.32,3.6,0.038,9,76,0.992,3.05,0.31,11.7,0.073842155
Wi01-2646,White,10.99,5,5,0.61,0.12,1.3,0.009,65,100,0.9874,3.26,0.37,13.5,0.0336672
Wi01-2647,White,9.99,5,6.2,0.21,0.26,13.1,0.05,59,150,0.99772,3.31,0.46,9,0.034548997
Wi01-2648,White,17.99,6,7.1,0.43,0.3,6.6,0.025,15,138,0.99126,3.18,0.46,12.6,0.030457255
Wi01-2649,White,12.99,5,7.2,0.4,0.49,1.1,0.048,11,138,0.9929,3.01,0.42,9.3,0.048730806
Wi01-2650,White,14.99,6,9.7,0.24,0.49,4.9,0.032,3,18,0.99368,2.85,0.54,10,0.027593514
Wi01-2651,White,19.99,6,7.6,0.17,0.27,4.6,0.05,23,98,0.99422,3.08,0.47,9.5,0.031548827
Wi01-2652,White,15.99,6,6.3,0.23,0.3,1.8,0.033,16,91,0.9906,3.28,0.4,11.8,0.030457255
Wi01-2653,White,19.99,6,6.6,0.13,0.3,4.9,0.058,47,131,0.9946,3.51,0.45,10.3,0.030457255
Wi01-2654,White,19.99,6,7.3,0.26,0.53,12.7,0.047,60.5,164.5,0.9984,3.06,0.45,9.1,0.027777778
Wi01-2655,White,17.99,6,5.5,0.35,0.35,1.1,0.045,14,167,0.992,3.34,0.68,9.9,0.026962826
Wi01-2656,White,8.99,4,9,0.43,0.3,1.5,0.05,7,175,0.9951,3.11,0.45,9.7,0.062813676
Wi01-2657,White,17.99,6,6,0.21,0.34,2,0.042,63,123,0.99052,3.44,0.42,11.4,0.02480005
Wi01-2658,White,16.99,6,7.5,0.38,0.33,9.2,0.043,19,116,0.99444,3.08,0.42,11.4,0.030670989
Wi01-2659,White,19.99,6,6.3,0.31,0.3,10,0.046,49,212,0.9962,3.74,0.55,11.9,0.030670989
Wi01-2660,White,9.99,5,6.4,0.22,0.56,14.5,0.055,27,159,0.998,2.98,0.4,9.1,0.0419914
Wi01-2661,White,27.99,8,6.5,0.26,0.31,3.6,0.03,36,92,0.99026,3.22,0.62,12.6,0.014172336
Wi01-2662,White,11.99,5,8.2,0.25,0.46,3.75,0.05,14,102,0.99524,3.28,0.58,9.7,0.036006323
Wi01-2663,White,14.99,6,5,0.35,0.25,7.8,0.031,24,116,0.99241,3.39,0.4,11.3,0.030351224
Wi01-2664,White,18.99,6,6.4,0.19,0.35,10.2,0.043,40,106,0.99632,3.16,0.5,9.7,0.02618322
Wi01-2665,White,10.99,4,6.9,0.2,0.34,1.9,0.043,25,136,0.9935,3.31,0.6,10.1,0.049382716
Wi01-2666,White,18.99,6,6.2,0.35,0.29,7.3,0.044,56,244,0.9956,3.36,0.55,10,0.029726516
Wi01-2667,White,20.99,7,7.9,0.44,0.37,5.85,0.033,27,93,0.992,3.16,0.54,12.6,0.018611957
Wi01-2668,White,13.99,5,6.2,0.31,0.23,3.3,0.052,34,113,0.99429,3.16,0.48,8.4,0.034548997
Wi01-2669,White,8.99,5,6.5,0.43,0.28,12,0.056,23,174,0.9986,3.31,0.55,9.3,0.04432133
Wi01-2670,White,16.99,6,7.2,0.21,0.33,3,0.036,35,132,0.9928,3.25,0.4,11,0.024111724
Wi01-2671,White,19.99,6,7.6,0.1,0.33,1,0.031,33,93,0.99094,3.06,0.68,11.2,0.026353517
Wi01-2672,White,19.99,6,7.1,0.26,0.32,14.45,0.074,29,107,0.998,2.96,0.42,9.2,0.029320698
Wi01-2673,White,9.99,5,5.9,0.25,0.19,12.4,0.047,50,162,0.9973,3.35,0.38,9.5,0.040484355
Wi01-2674,White,13.99,6,6.4,0.18,0.32,9.6,0.052,24,90,0.9963,3.35,0.49,9.4,0.030995834
Wi01-2675,White,18.99,7,5.2,0.2,0.27,3.2,0.047,16,93,0.99235,3.44,0.53,10.1,0.023026566
Wi01-2676,White,16.99,6,6.2,0.28,0.45,7.5,0.045,46,203,0.99573,3.26,0.46,9.2,0.024957012
Wi01-2677,White,30.99,8,5.4,0.46,0.15,2.1,0.026,29,130,0.98953,3.39,0.77,13.4,0.015241579
Wi01-2678,White,20.99,7,7.5,0.26,0.3,4.6,0.027,29,92,0.99085,3.15,0.38,12,0.021947874
Wi01-2679,White,16.99,6,6.6,0.34,0.4,8.1,0.046,68,170,0.99494,3.15,0.5,9.533333333,0.024490536
Wi01-2680,White,13.99,6,6,0.28,0.24,17.8,0.047,42,111,0.99896,3.1,0.45,8.9,0.029624275
Wi01-2681,White,23.99,7,7.8,0.15,0.34,1.1,0.035,31,93,0.99096,3.07,0.72,11.3,0.021374098
Wi01-2682,White,13.99,6,6.5,0.29,0.52,7.9,0.049,35,192,0.99551,3.16,0.51,9.5,0.028341779
Wi01-2683,White,14.99,5,6.8,0.26,0.24,1.9,0.043,70,154,0.99273,3.18,0.52,10.5,0.034293553
Wi01-2684,White,12.99,5,7,0.3,0.27,1.5,0.076,24,145,0.99344,3.1,0.52,10.1,0.037557839
Wi01-2685,White,15.99,6,8.3,0.2,0.74,4.45,0.044,33,130,0.9924,3.25,0.42,12.2,0.026699133
Wi01-2686,White,16.99,6,7.3,0.22,0.3,8.2,0.047,42,207,0.9966,3.33,0.46,9.5,0.02750207
Wi01-2687,White,13.99,6,6.9,0.22,0.32,5.8,0.041,20,119,0.99296,3.17,0.55,11.2,0.027685416
Wi01-2688,White,24.99,7,6.3,0.35,0.3,5.7,0.035,8,97,0.9927,3.27,0.41,11,0.01782528
Wi01-2689,White,11.99,5,7.5,0.3,0.71,1.3,0.16,44,149,0.9948,3.08,0.42,8.9,0.038750078
Wi01-2690,White,18.99,6,5.8,0.24,0.39,1.5,0.054,37,158,0.9932,3.21,0.52,9.3,0.031774175
Wi01-2691,White,8.99,5,7.1,0.37,0.67,10.5,0.045,49,155,0.9975,3.16,0.44,8.7,0.03968191
Wi01-2692,White,28.99,8,7,0.17,0.36,6.4,0.055,42,123,0.99318,3.11,0.5,11,0.015982585
Wi01-2693,White,16.99,6,7.7,0.25,0.49,2.5,0.047,31,169,0.99252,3.07,0.57,10.6,0.026014568
Wi01-2694,White,19.99,7,7.2,0.37,0.15,2,0.029,27,87,0.9903,3.3,0.59,12.6,0.022210327
Wi01-2695,White,13.99,6,6.6,0.29,0.73,2.2,0.027,21,92,0.99,3.12,0.48,12.4,0.027140798
Wi01-2696,White,31.99,8,5.2,0.24,0.45,3.8,0.027,21,128,0.992,3.55,0.49,11.2,0.01420614
Wi01-2697,White,15.99,6,5.6,0.26,0.18,1.4,0.034,18,135,0.99174,3.32,0.35,10.2,0.029522561
Wi01-2698,White,24.99,7,5,0.455,0.18,1.9,0.036,33,106,0.98746,3.21,0.83,14,0.020822532
Wi01-2699,White,18.99,6,7.7,0.26,0.31,1.3,0.043,47,155,0.9937,3.42,0.5,10.1,0.02618322
Wi01-2700,White,10.99,5,7.6,0.31,0.29,10.5,0.04,21,145,0.9966,3.04,0.35,9.4,0.039057008
Wi01-2701,White,23.99,7,7,0.15,0.28,14.7,0.051,29,149,0.99792,2.96,0.39,9,0.018410476
Wi01-2702,White,14.99,6,6.7,0.24,0.36,8.4,0.042,42,123,0.99473,3.34,0.52,10.9,0.030140818
Wi01-2703,White,18.99,7,6.3,0.37,0.28,6.3,0.034,45,152,0.9921,3.29,0.46,11.6,0.021754075
Wi01-2704,White,13.99,6,9,0.24,0.5,1.2,0.048,26,107,0.9918,3.21,0.34,12.4,0.028825006
Wi01-2705,White,18.99,7,7,0.23,0.35,1.4,0.036,31,113,0.9912,3.16,0.48,10.8,0.023166971
Wi01-2706,White,11.99,5,6.1,0.25,0.18,10.5,0.049,41,124,0.9963,3.14,0.35,10.5,0.043043336
Wi01-2707,White,6.99,4,6.5,0.32,0.48,8,0.026,18,88,0.99144,3.22,0.79,12.7,0.061268503
Wi01-2708,White,15.99,6,7.8,0.27,0.33,2.4,0.053,36,175,0.992,3.2,0.55,11,0.028727377
Wi01-2709,White,16.99,6,6.1,0.22,0.38,2.8,0.144,12,65,0.9908,2.95,0.64,11.4,0.026962826
Wi01-2710,White,9.99,5,7,0.23,0.42,18.05,0.05,35,144,0.9999,3.22,0.42,8.8,0.046447681
Wi01-2711,White,17.99,6,5.6,0.16,0.27,1.4,0.044,53,168,0.9918,3.28,0.37,10.1,0.02609869
Wi01-2712,White,12.99,5,7,0.23,0.36,13,0.051,72,177,0.9972,3.16,0.49,9.8,0.046648536
Wi01-2713,White,8.99,5,6.8,0.32,0.18,7.5,0.041,71,223,0.9959,3.14,0.41,8.9,0.036281179
Wi01-2714,White,14.99,5,5.9,0.36,0.04,5.7,0.046,21,87,0.9934,3.22,0.51,10.2,0.036281179
Wi01-2715,White,13.99,5,5.7,0.33,0.15,1.9,0.05,20,93,0.9934,3.38,0.62,9.9,0.037557839
Wi01-2716,White,11.99,5,7.6,0.19,0.41,1.1,0.04,38,143,0.9907,2.92,0.42,11.4,0.036699403
Wi01-2717,White,9.99,5,8.9,0.32,0.49,1.6,0.05,17,131,0.9956,3.13,0.34,9.4,0.03317839
Wi01-2718,White,10.99,5,7.9,0.29,0.39,6.7,0.036,6,117,0.9938,3.12,0.42,10.7,0.034677791
Wi01-2719,White,14.99,6,6.3,0.22,0.34,1.2,0.036,32,96,0.98961,3.06,0.74,11.6,0.029932592
Wi01-2720,White,13.99,6,6.6,0.25,0.24,1.7,0.048,26,124,0.9942,3.37,0.6,10.1,0.02942137
Wi01-2721,White,9.99,5,7.2,0.21,0.36,15.7,0.045,68,183,0.99922,3.25,0.76,9.4,0.037124899
Wi01-2722,White,8.99,5,6.9,0.29,0.23,8.6,0.056,56,215,0.9967,3.17,0.44,8.8,0.046850696
Wi01-2723,White,11.99,5,6.9,0.28,0.37,9.1,0.037,16,76,0.9948,3.05,0.54,11.1,0.038750078
Wi01-2724,White,9.99,5,6.7,0.27,0.31,15.7,0.036,44,179,0.9979,3.26,0.56,9.6,0.038750078
Wi01-2725,White,10.99,5,8.2,0.24,0.3,2.3,0.05,23,106,0.99397,2.98,0.5,10,0.047465125
Wi01-2726,White,13.99,6,6.8,0.14,0.35,1.5,0.047,40,117,0.99111,3.07,0.72,11.1,0.02609869
Wi01-2727,White,13.99,6,7.1,0.18,0.26,1.3,0.041,20,71,0.9926,3.04,0.74,9.9,0.027140798
Wi01-2728,White,25.99,7,7.1,0.27,0.24,12.6,0.044,48,118,0.99726,3.04,0.56,10,0.021436733
Wi01-2729,White,15.99,6,6.9,0.24,0.37,6.1,0.027,38,112,0.99086,3.19,0.34,12.4,0.025195263
Wi01-2730,White,9.99,5,6.5,0.32,0.12,11.5,0.033,35,165,0.9974,3.22,0.32,9,0.041479835
Wi01-2731,White,24.99,7,5.8,0.32,0.31,2.7,0.049,25,153,0.99067,3.44,0.73,12.2,0.01831096
Wi01-2732,White,19.99,6,6.2,0.34,0.25,12.1,0.059,33,171,0.99769,3.14,0.56,8.7,0.028630243
Wi01-2733,White,18.99,6,7.5,0.25,0.47,4.1,0.041,95,163,0.99184,2.92,0.59,11.3,0.024957012
Wi01-2734,White,14.99,5,6.6,0.41,0.24,4.9,0.158,47,144,0.99471,3.17,0.49,9.4,0.036281179
Wi01-2735,White,24.99,7,6.7,0.18,0.28,10.2,0.039,29,115,0.99469,3.11,0.45,10.9,0.022749557
Wi01-2736,White,17.99,6,8.1,0.29,0.49,7.1,0.042,22,124,0.9944,3.14,0.41,10.8,0.027777778
Wi01-2737,White,19.99,7,7.6,0.4,0.27,5.2,0.03,32,101,0.99172,3.22,0.62,12.3,0.021818388
Wi01-2738,White,22.99,7,8.8,0.28,0.45,6,0.022,14,49,0.9934,3.01,0.33,11.1,0.018765247
Wi01-2739,White,8.99,5,9,0.31,0.49,6.9,0.034,26,91,0.9937,2.99,0.34,11.5,0.037850687
Wi01-2740,White,8.99,5,7.2,0.47,0.16,5.9,0.048,14,125,0.99428,3.09,0.49,9.8,0.044886527
Wi01-2741,White,19.99,6,6.3,0.18,0.24,3.4,0.053,20,119,0.99373,3.11,0.52,9.2,0.027320538
Wi01-2742,White,18.99,6,7.2,0.39,0.63,11,0.044,55,156,0.9974,3.09,0.44,8.7,0.032348222
Wi01-2743,White,13.99,6,7,0.16,0.3,2.6,0.043,34,90,0.99047,2.88,0.47,11.2,0.026612094
Wi01-2744,White,18.99,6,6.4,0.18,0.35,1,0.045,39,108,0.9911,3.31,0.35,10.9,0.033057851
Wi01-2745,White,11.99,5,6.7,0.25,0.31,1.35,0.061,30.5,218,0.99388,3.16,0.53,9.5,0.041311389
Wi01-2746,White,36.99,8,5.6,0.12,0.33,2.9,0.044,21,73,0.98896,3.17,0.32,12.9,0.015431503
Wi01-2747,White,16.99,6,5.5,0.16,0.31,1.2,0.026,31,68,0.9898,3.33,0.44,11.65,0.024262187
Wi01-2748,White,16.99,6,7.3,0.4,0.24,6.7,0.058,41,166,0.995,3.2,0.41,9.9,0.031548827
Wi01-2749,White,10.99,5,6.4,0.22,0.32,7.9,0.029,34,124,0.9948,3.4,0.39,10.2,0.038597967
Wi01-2750,White,18.99,6,7.2,0.23,0.38,14.3,0.058,55,194,0.9979,3.09,0.44,9,0.029320698
Wi01-2751,White,19.99,7,7.6,0.39,0.32,3.6,0.035,22,93,0.99144,3.08,0.6,12.5,0.022681086
Wi01-2752,White,7.99,4,5.6,0.18,0.29,2.3,0.04,5,47,0.99126,3.07,0.45,10.1,0.076733604
Wi01-2753,White,10.99,5,7.6,0.18,0.36,2.4,0.049,38,123,0.996,3.6,0.46,10.3,0.037703836
Wi01-2754,White,12.99,5,6.7,0.17,0.27,1.4,0.032,39,149,0.99254,3.4,0.52,10.5,0.048516369
Wi01-2755,White,15.99,6,7.6,0.25,1.23,4.6,0.035,51,294,0.99018,3.03,0.43,13.1,0.029220542
Wi01-2756,White,8.99,4,5.9,0.655,0,5.6,0.033,8,31,0.9936,3.32,0.51,10.5,0.057784763
Wi01-2757,White,9.99,5,8.1,0.5,0.47,1.1,0.037,23,126,0.9938,3.21,0.42,10.9,0.034937549
Wi01-2758,White,16.99,6,5.6,0.32,0.33,7.4,0.037,25,95,0.99268,3.25,0.49,11.1,0.026786599
Wi01-2759,White,26.99,7,7.5,0.24,0.49,9.4,0.048,50,149,0.9962,3.17,0.59,10.5,0.018163193
Wi01-2760,White,14.99,6,6.2,0.29,0.26,13.1,0.046,55,204,0.99745,3.16,0.41,9.6,0.026439289
Wi01-2761,White,18.99,6,5.7,0.27,0.16,9,0.053,32,111,0.99474,3.36,0.37,10.4,0.031774175
Wi01-2762,White,16.99,6,6.3,0.2,0.4,1.5,0.037,35,107,0.9917,3.46,0.5,11.4,0.030886981
Wi01-2763,White,18.99,6,6.7,0.2,0.24,6.5,0.044,28,100,0.99348,3.12,0.33,10.2,0.030670989
Wi01-2764,White,13.99,6,5.9,0.27,0.32,2,0.034,31,102,0.98952,3.16,0.56,12.3,0.02942137
Wi01-2765,White,19.99,7,7.8,0.32,0.33,2.4,0.037,18,101,0.9912,3.21,0.65,11.7,0.018868494
Wi01-2766,White,13.99,5,7.5,0.22,0.29,4.8,0.05,33,87,0.994,3.14,0.42,9.9,0.035599858
Wi01-2767,White,9.99,5,6.3,0.34,0.28,14.7,0.047,49,198,0.9977,3.23,0.46,9.5,0.040647763
Wi01-2768,White,12.99,5,6.6,0.24,0.38,8,0.042,56,187,0.99577,3.21,0.46,9.2,0.043584189
Wi01-2769,White,12.99,5,7.4,0.21,0.3,7.9,0.039,14,118,0.9942,2.96,0.34,10.4,0.036419789
Wi01-2770,White,6.99,4,6.5,0.48,0.02,0.9,0.043,32,99,0.99226,3.14,0.47,9.8,0.054589921
Wi01-2771,White,19.99,6,7.8,0.27,0.58,11.2,0.036,44,161,0.9977,3.06,0.41,8.9,0.028533601
Wi01-2772,White,26.99,7,7.7,0.39,0.28,4.9,0.035,36,109,0.9918,3.19,0.58,12.2,0.021947874
Wi01-2773,White,18.99,7,5.6,0.35,0.4,6.3,0.022,23,174,0.9922,3.54,0.5,11.6,0.021249649
Wi01-2774,White,13.99,6,6.8,0.32,0.21,2.2,0.044,15,68,0.9932,3.17,0.39,9.4,0.031215273
Wi01-2775,White,15.99,6,6.8,0.22,0.41,6.7,0.034,39,116,0.99245,3.18,0.46,11.5,0.026268161
Wi01-2776,White,18.99,6,5.6,0.245,0.32,1.1,0.047,24,152,0.9927,3.12,0.42,9.3,0.023962657
Wi01-2777,White,10.99,5,6,0.27,0.28,4.8,0.063,31,201,0.9964,3.69,0.71,10,0.041143967
Wi01-2778,White,13.99,6,5.6,0.19,0.47,4.5,0.03,19,112,0.9922,3.56,0.45,11.2,0.029021763
Wi01-2779,White,14.99,6,5.9,0.29,0.25,12,0.057,48,224,0.9981,3.23,0.41,9,0.030563842
Wi01-2780,White,14.99,6,6.6,0.17,0.35,2.6,0.03,33,78,0.99146,3.22,0.72,11.3,0.029320698
Wi01-2781,White,11.99,5,7.2,0.47,0.16,5.9,0.048,14,125,0.99428,3.09,0.49,9.8,0.037124899
Wi01-2782,White,13.99,6,5.7,0.23,0.25,7.95,0.042,16,108,0.99486,3.44,0.61,10.3,0.027411078
Wi01-2783,White,9.99,5,7.3,0.24,0.34,7.5,0.048,29,152,0.9962,3.1,0.54,9,0.034166892
Wi01-2784,White,13.99,5,5.9,0.26,0.25,12.5,0.034,38,152,0.9977,3.33,0.43,9.4,0.049382716
Wi01-2785,White,19.99,6,6.6,0.26,0.36,1.2,0.035,43,126,0.99094,3.01,0.63,11.4,0.025682117
Wi01-2786,White,36.99,8,6.9,0.22,0.28,7.8,0.05,43,116,0.99326,3.22,0.6,11.5,0.014515895
Wi01-2787,White,21.99,7,8.4,0.17,0.31,6.7,0.038,29,132,0.9945,3.1,0.32,10.6,0.020234354
Wi01-2788,White,13.99,5,7.6,0.23,0.34,1.6,0.043,24,129,0.99305,3.12,0.7,10.4,0.035068524
Wi01-2789,White,6.99,4,8.7,0.3,0.59,1.7,0.046,10,70,0.99373,3.06,0.56,10.8,0.0594884
Wi01-2790,White,23.99,7,7,0.3,0.51,13.6,0.05,40,168,0.9976,3.07,0.52,9.6,0.018816764
Wi01-2791,White,19.99,6,6.2,0.2,0.32,2.8,0.05,17,126,0.9936,3.18,0.55,9.4,0.025275439
Wi01-2792,White,13.99,6,5.7,0.26,0.27,4.1,0.201,73.5,189.5,0.9942,3.27,0.38,9.4,0.027963893
Wi01-2793,White,17.99,6,6,0.24,0.41,1.3,0.036,42,118,0.99018,3.04,0.64,11.75,0.029624275
Wi01-2794,White,20.99,7,7.4,0.18,0.24,1.4,0.047,21,106,0.99383,3.52,0.64,10.5,0.020882756
Wi01-2795,White,14.99,6,7.6,0.2,0.31,1.4,0.047,41,142,0.9934,3.43,0.53,10.1,0.028727377
Wi01-2796,White,10.99,5,7.1,0.28,0.19,7.8,0.04,48,184,0.99579,3.16,0.5,9.4,0.045462605
Wi01-2797,White,24.99,7,5.1,0.33,0.22,1.6,0.027,18,89,0.9893,3.51,0.38,12.5,0.018611957
Wi01-2798,White,13.99,6,6.1,0.68,0.52,1.4,0.037,32,123,0.99022,3.24,0.45,12,0.028151885
Wi01-2799,White,13.99,6,6.6,0.23,0.32,1.5,0.041,8,72,0.98949,3.22,0.39,12.7,0.025036052
Wi01-2800,White,19.99,6,6.1,0.34,0.46,4.7,0.029,21,94,0.991,3.29,0.62,12.3,0.024490536
Wi01-2801,White,26.99,7,6.3,0.28,0.24,8.45,0.031,32,172,0.9958,3.39,0.57,9.7,0.020643414
Wi01-2802,White,15.99,6,7.5,0.21,0.34,1.2,0.06,26,111,0.9931,3.51,0.47,10.7,0.025036052
Wi01-2803,White,25.99,7,5.1,0.33,0.22,1.6,0.027,18,89,0.9893,3.51,0.38,12.5,0.019183401
Wi01-2804,White,13.99,6,7,0.3,0.32,6.4,0.034,28,97,0.9924,3.23,0.44,11.8,0.029120898
Wi01-2805,White,22.99,7,6.8,0.18,0.3,12.8,0.062,19,171,0.99808,3,0.52,9,0.01831096
Wi01-2806,White,18.99,6,6.6,0.36,0.21,1.5,0.049,39,184,0.9928,3.18,0.41,9.9,0.024567369
Wi01-2807,White,17.99,6,5.9,0.25,0.25,11.3,0.052,30,165,0.997,3.24,0.44,9.5,0.024567369
Wi01-2808,White,21.99,7,6.8,0.52,0.26,5.7,0.038,27,130,0.99,3.11,0.27,13,0.019343819
Wi01-2809,White,10.99,5,7.8,0.25,0.37,1,0.043,10,80,0.99128,3.08,0.38,11.4,0.042688341
Wi01-2810,White,18.99,6,5,0.255,0.22,2.7,0.043,46,153,0.99238,3.75,0.76,11.3,0.026699133
Wi01-2811,White,14.99,6,6.7,0.19,0.34,1,0.022,22,94,0.9912,3.23,0.57,11.1,0.026439289
Wi01-2812,White,13.99,6,6.8,0.25,0.31,13.3,0.05,69,202,0.9972,3.22,0.48,9.7,0.024262187
Wi01-2813,White,10.99,5,5.6,0.26,0.26,5.7,0.031,12,80,0.9923,3.25,0.38,10.8,0.040484355
Wi01-2814,White,15.99,6,6.4,0.29,0.21,9.65,0.041,36,119,0.99334,2.99,0.34,10.93333333,0.030140818
Wi01-2815,White,8.99,5,7.5,0.705,0.1,13,0.044,44,214,0.99741,3.1,0.5,9.1,0.036982249
Wi01-2816,White,15.99,6,7,0.45,0.34,19.8,0.04,12,67,0.9976,3.07,0.38,11,0.033057851
Wi01-2817,White,16.99,6,6,0.33,0.2,1.8,0.031,49,159,0.9919,3.41,0.53,11,0.024567369
Wi01-2818,White,12.99,5,5.9,0.21,0.24,12.1,0.044,53,165,0.9969,3.25,0.39,9.5,0.041479835
Wi01-2819,White,16.99,6,8.8,0.2,0.43,15,0.053,60,184,1.0008,3.28,0.79,8.8,0.024262187
Wi01-2820,White,19.99,7,6.8,0.31,0.3,8,0.028,33,122,0.99164,3.13,0.63,12.6,0.021187832
Wi01-2821,White,17.99,6,6.3,0.32,0.32,1.5,0.037,12,76,0.98993,3.3,0.46,12.3,0.025682117
Wi01-2822,White,14.99,6,7.3,0.655,0.2,10.2,0.071,28,212,0.9971,2.96,0.58,9.2,0.031325867
Wi01-2823,White,18.99,6,7.5,0.28,0.33,7.7,0.048,42,180,0.9974,3.37,0.59,10.1,0.027593514
Wi01-2824,White,17.99,6,6.2,0.22,0.28,2.2,0.04,24,125,0.9917,3.19,0.48,10.5,0.031548827
Wi01-2825,White,13.99,6,5.7,0.28,0.28,2.2,0.019,15,65,0.9902,3.06,0.52,11.2,0.031548827
Wi01-2826,White,15.99,6,6.9,0.54,0.26,12.7,0.049,59,195,0.99596,3.26,0.54,10.5,0.02618322
Wi01-2827,White,13.99,6,8.1,0.24,0.32,10.5,0.03,34,105,0.99407,3.11,0.42,11.8,0.03143705
Wi01-2828,White,12.99,5,6.8,0.32,0.34,6,0.05,5,129,0.9953,3.19,0.4,9.1,0.043766741
Wi01-2829,White,15.99,6,6.7,0.28,0.28,4.5,0.051,14,92,0.99224,3.36,0.58,11.9,0.025115468
Wi01-2830,White,13.99,6,6.6,0.18,0.26,17.3,0.051,17,149,0.9984,3,0.43,9.4,0.026699133
Wi01-2831,White,10.99,5,5.9,0.19,0.21,1.7,0.045,57,135,0.99341,3.32,0.44,9.5,0.041143967
Wi01-2832,White,12.99,5,7.1,0.18,0.39,14.5,0.051,48,156,0.99947,3.35,0.78,9.1,0.04585284
Wi01-2833,White,11.99,5,7.9,0.25,0.35,6.7,0.039,22,64,0.99362,2.93,0.49,10.7,0.038750078
Wi01-2834,White,25.99,7,7.4,0.23,0.25,1.4,0.049,43,141,0.9934,3.42,0.54,10.2,0.020643414
Wi01-2835,White,10.99,5,6.5,0.33,0.38,8.3,0.048,68,174,0.99492,3.14,0.5,9.6,0.044508537
Wi01-2836,White,10.99,5,6.4,0.28,0.23,6,0.051,50,162,0.994,3.15,0.52,10.2,0.041143967
Wi01-2837,White,29.99,8,6.7,0.23,0.31,2.1,0.046,30,96,0.9926,3.33,0.64,10.7,0.015393236
Wi01-2838,White,17.99,6,7.9,0.3,0.27,8.5,0.036,20,112,0.9939,2.96,0.46,11.7,0.029932592
Wi01-2839,White,12.99,5,6.4,0.18,0.74,11.9,0.046,54,168,0.9978,3.58,0.68,10.1,0.040977561
Wi01-2840,White,24.99,7,7.4,0.16,0.27,15.5,0.05,25,135,0.9984,2.9,0.43,8.7,0.023523655
Wi01-2841,White,17.99,6,4.4,0.46,0.1,2.8,0.024,31,111,0.98816,3.48,0.34,13.1,0.024644564
Wi01-2842,White,14.99,5,6.8,0.35,0.53,10.1,0.053,37,151,0.9963,3.07,0.4,9.4,0.036143359
Wi01-2843,White,8.99,5,5.2,0.25,0.23,1.4,0.047,20,77,0.99001,3.32,0.62,11.4,0.049382716
Wi01-2844,White,25.99,7,6.5,0.46,0.31,5,0.027,15,72,0.99165,3.26,0.6,11.5,0.023523655
Wi01-2845,White,9.99,5,6.4,0.34,0.44,8.2,0.043,54,201,0.99551,3.18,0.48,9.5,0.048303345
Wi01-2846,White,9.99,5,7,0.2,0.74,0.8,0.044,19,163,0.9931,3.46,0.53,10.2,0.03329959
Wi01-2847,White,25.99,7,6.9,0.19,0.31,19.25,0.043,38,167,0.99954,2.93,0.52,9.1,0.018765247
Wi01-2848,White,19.99,6,8.2,0.2,0.49,3.5,0.057,14,108,0.9928,3.19,0.35,11.5,0.026353517
Wi01-2849,White,26.99,7,6.5,0.22,0.32,2.2,0.028,36,92,0.99076,3.27,0.59,11.9,0.018765247
Wi01-2850,White,8.99,5,7.4,0.28,0.36,14.6,0.048,35,161,0.9968,3.14,0.56,10.6,0.036559195
Wi01-2851,White,13.99,5,7.2,0.24,0.27,11.4,0.034,40,174,0.99773,3.2,0.44,9,0.035332693
Wi01-2852,White,8.99,5,5.6,0.35,0.14,5,0.046,48,198,0.9937,3.3,0.71,10.3,0.044886527
Wi01-2853,White,14.99,6,5.7,0.21,0.32,1.6,0.03,33,122,0.99044,3.33,0.52,11.9,0.028437448
Wi01-2854,White,25.99,7,6.9,0.24,0.39,1.3,0.063,18,136,0.9928,3.31,0.48,10.4,0.018713941
Wi01-2855,White,11.99,5,7.6,0.39,0.46,11.7,0.084,55,170,0.99773,2.91,0.51,9,0.040484355
Wi01-2856,White,14.99,5,7.3,0.32,0.25,7.2,0.056,47,180,0.9961,3.08,0.47,8.8,0.037850687
Wi01-2857,White,25.99,7,6,0.38,0.26,3.5,0.035,38,111,0.98872,3.18,0.47,13.6,0.017777778
Wi01-2858,White,9.99,5,6.9,0.4,0.17,12.9,0.033,59,186,0.99754,3.08,0.49,9.4,0.038146973
Wi01-2859,White,17.99,6,6.7,0.19,0.41,15.6,0.056,75,155,0.9995,3.2,0.44,8.8,0.030351224
Wi01-2860,White,17.99,6,6.6,0.21,0.3,9.9,0.041,64,174,0.995,3.07,0.5,10.1,0.031105263
Wi01-2861,White,8.99,5,7.5,0.27,0.31,17.7,0.051,33,173,0.999,3.09,0.64,10.2,0.037124899
Wi01-2862,White,13.99,6,6.4,0.4,0.25,4.2,0.032,15,91,0.98988,3.26,0.52,13.1,0.028630243
Wi01-2863,White,15.99,6,6.7,0.41,0.27,2.6,0.033,25,85,0.99086,3.05,0.34,11.7,0.024490536
Wi01-2864,White,9.99,5,7.2,0.27,0.46,18.75,0.052,45,255,1,3.04,0.52,8.9,0.046248121
Wi01-2865,White,18.99,6,6.6,0.26,0.25,11.6,0.045,45,178,0.99691,3.33,0.43,9.8,0.032232175
Wi01-2866,White,11.99,5,6.1,0.24,0.3,1.5,0.045,22,61,0.992,3.31,0.54,10.4,0.046850696
Wi01-2867,White,16.99,6,6.5,0.25,0.27,17.4,0.064,29,140,0.99776,3.2,0.49,10.1,0.032116751
Wi01-2868,White,16.99,6,6.5,0.2,0.5,18.1,0.054,50,221,0.99941,2.94,0.64,8.8,0.025682117
Wi01-2869,White,7.99,3,6.8,0.26,0.34,15.1,0.06,42,162,0.99705,3.24,0.52,10.5,0.118090245
Wi01-2870,White,15.99,6,6.5,0.29,0.3,9.15,0.051,25,166,0.99339,3.24,0.56,11.33333333,0.024567369
Wi01-2871,White,18.99,6,6.8,0.23,0.48,1.5,0.036,35,165,0.99162,3.18,0.45,11.3,0.024878345
Wi01-2872,White,15.99,6,7,0.28,0.33,14.6,0.043,47,168,0.9994,3.34,0.67,8.8,0.032116751
Wi01-2873,White,16.99,6,6.8,0.32,0.37,3.4,0.023,19,87,0.9902,3.14,0.53,12.7,0.027777778
Wi01-2874,White,13.99,6,7.3,0.22,0.26,1.5,0.04,32,172,0.99194,3.27,0.48,11.2,0.024262187
Wi01-2875,White,13.99,6,8.2,0.34,0.29,5.2,0.076,19,92,0.99138,2.95,0.39,12.5,0.02942137
Wi01-2876,White,9.99,4,8.7,0.31,0.21,5.6,0.039,28,67,0.99328,2.96,0.52,11,0.073442469
Wi01-2877,White,8.99,5,7.1,0.47,0.24,6,0.044,11,77,0.9956,3.21,0.56,9.7,0.04507733
Wi01-2878,White,19.99,6,8,0.27,0.33,1.2,0.05,41,103,0.99002,3,0.45,12.4,0.028727377
Wi01-2879,White,18.99,6,8,0.25,0.26,14,0.043,41,248,0.9986,3.03,0.57,8.7,0.032818736
Wi01-2880,White,15.99,6,7.8,0.4,0.26,9.5,0.059,32,178,0.9955,3.04,0.43,10.9,0.032001946
Wi01-2881,White,9.99,5,6.9,0.35,0.55,11.95,0.038,22,111,0.99687,3.11,0.29,9.7,0.034548997
Wi01-2882,White,17.99,6,6.6,0.19,0.28,1.1,0.044,38,100,0.9904,3.22,0.69,11.2,0.024337947
Wi01-2883,White,9.99,5,7.2,0.27,0.37,5.4,0.026,27,114,0.99174,3.13,0.84,12.7,0.047672623
Wi01-2884,White,14.99,5,6.1,0.16,0.27,12.6,0.064,63,162,0.9994,3.66,0.43,8.9,0.037268377
Wi01-2885,White,8.99,5,7.2,0.16,0.26,7.1,0.054,41,224,0.9966,3.38,0.55,10.1,0.034040931
Wi01-2886,White,18.99,7,7.3,0.22,0.4,14.75,0.042,44.5,129.5,0.9998,3.36,0.41,9.1,0.021126284
Wi01-2887,White,28.99,8,7.3,0.25,0.36,2.1,0.034,30,177,0.99085,3.25,0.4,11.9,0.01695421
Wi01-2888,White,19.99,7,7,0.32,0.29,7.6,0.025,35,124,0.99162,3.15,0.65,12.8,0.02338
Wi01-2889,White,15.99,6,7.8,0.18,0.46,13.6,0.052,38,118,0.998,3.15,0.5,10,0.032818736
Wi01-2890,White,8.99,4,7.6,0.31,0.23,12.7,0.054,20,139,0.99836,3.16,0.5,9.7,0.073442469
Wi01-2891,White,8.99,5,6.8,0.22,0.26,1.2,0.041,29,182,0.99104,3.04,0.35,11.2,0.0336672
Wi01-2892,White,19.99,6,7.2,0.24,0.24,1.7,0.045,18,161,0.99196,3.25,0.53,11.2,0.023741634
Wi01-2893,White,9.99,5,6.7,0.26,0.26,4,0.079,35.5,216,0.9956,3.31,0.68,9.5,0.036419789
Wi01-2894,White,12.99,5,6.8,0.34,0.69,1.3,0.058,12,171,0.9931,3.06,0.47,9.7,0.03442092
Wi01-2895,White,23.99,7,7.4,0.16,0.3,13.7,0.056,33,168,0.99825,2.9,0.44,8.7,0.018868494
Wi01-2896,White,13.99,5,6.8,0.39,0.31,14.35,0.043,28,162,0.9988,3.17,0.54,9.1,0.036143359
Wi01-2897,White,16.99,6,6.5,0.18,0.26,1.4,0.041,40,141,0.9941,3.34,0.72,9.5,0.024037017
Wi01-2898,White,14.99,6,7.9,0.35,0.24,15.6,0.072,44,229,0.99785,3.03,0.59,10.5,0.032001946
Wi01-2899,White,9.99,5,6.4,0.44,0.26,2,0.054,20,180,0.9952,3.58,0.57,10,0.049382716
Wi01-2900,White,21.99,7,5.7,0.26,0.3,1.8,0.039,30,105,0.98995,3.48,0.52,12.5,0.023523655
Wi01-2901,White,13.99,5,6.9,0.37,0.23,9.5,0.057,54,166,0.99568,3.23,0.42,10,0.033057851
Wi01-2902,White,9.99,5,7.3,0.32,0.35,1.4,0.05,8,163,0.99244,3.24,0.42,10.7,0.046447681
Wi01-2903,White,12.99,5,6.4,0.24,0.25,20.2,0.083,35,157,0.99976,3.17,0.5,9.1,0.035734578
Wi01-2904,White,34.99,8,4.4,0.32,0.39,4.3,0.03,31,127,0.98904,3.46,0.36,12.8,0.017222257
Wi01-2905,White,37.99,8,7.3,0.21,0.29,1.6,0.034,29,118,0.9917,3.3,0.5,11,0.01516659
Wi01-2906,White,9.99,5,8.6,0.485,0.29,4.1,0.026,19,101,0.9918,3.01,0.38,12.4,0.034677791
Wi01-2907,White,17.99,6,6.6,0.21,0.49,18.15,0.042,41,158,0.9997,3.28,0.39,8.7,0.025436943
Wi01-2908,White,24.99,7,6.7,0.16,0.28,2.5,0.046,40,153,0.9921,3.38,0.51,11.4,0.019451885
Wi01-2909,White,15.99,6,7,0.13,0.37,12.85,0.042,36,105,0.99581,3.05,0.55,10.7,0.028057653
Wi01-2910,White,23.99,7,6.2,0.39,0.24,4.8,0.037,45,138,0.99174,3.23,0.43,11.2,0.021187832
Wi01-2911,White,12.99,5,5.9,0.26,0.4,1.3,0.047,12,139,0.9945,3.45,0.53,10.4,0.048946668
Wi01-2912,White,13.99,5,6.6,0.27,0.33,1.4,0.042,24,183,0.99215,3.29,0.46,10.7,0.042512488
Wi01-2913,White,13.99,6,7.4,0.18,0.36,13.1,0.056,72,163,1,3.42,0.35,9.1,0.024490536
Wi01-2914,White,17.99,6,5.4,0.185,0.19,7.1,0.048,36,110,0.99438,3.26,0.41,9.5,0.02750207
Wi01-2915,White,14.99,6,7.5,0.25,0.32,8.2,0.024,53,209,0.99563,3.12,0.46,10.8,0.029320698
Wi01-2916,White,17.99,6,5.1,0.29,0.28,8.3,0.026,27,107,0.99308,3.36,0.37,11,0.033057851
Wi01-2917,White,16.99,6,7.5,0.26,0.31,1.6,0.032,36,109,0.99044,2.97,0.43,11.9,0.030778701
Wi01-2918,White,10.99,5,6.4,0.16,0.31,5.3,0.043,42,157,0.99455,3.35,0.47,10.5,0.038446751
Wi01-2919,White,14.99,6,8.3,0.14,0.26,1.5,0.049,56,189,0.9946,3.21,0.62,9.5,0.028923134
Wi01-2920,White,24.99,7,4.2,0.17,0.36,1.8,0.029,93,161,0.98999,3.65,0.89,12,0.019949567
Wi01-2921,White,13.99,6,6.8,0.18,0.32,7.2,0.047,17,109,0.99498,3.42,0.44,10.4,0.030670989
Wi01-2922,White,23.99,7,5.8,0.24,0.28,1.4,0.038,40,76,0.98711,3.1,0.29,13.9,0.018611957
Wi01-2923,White,8.99,5,6.1,0.33,0.32,7.8,0.052,52,183,0.99657,3.39,0.65,9.5,0.04233772
Wi01-2924,White,12.99,5,7.4,0.33,0.26,15.6,0.049,67,210,0.99907,3.06,0.68,9.5,0.034937549
Wi01-2925,White,12.99,5,7,0.44,0.24,12.1,0.056,68,210,0.99718,3.05,0.5,9.5,0.0419914
Wi01-2926,White,16.99,6,7,0.34,0.3,1.8,0.045,44,142,0.9914,2.99,0.45,10.8,0.027320538
Wi01-2927,White,13.99,6,6.6,0.25,0.35,2.9,0.034,38,121,0.99008,3.19,0.4,12.8,0.027870602
Wi01-2928,White,14.99,6,7.1,0.21,0.35,2.5,0.04,41,186,0.99128,3.32,0.56,12.5,0.025275439
Wi01-2929,White,16.99,6,6.4,0.35,0.28,12.6,0.039,19,124,0.99539,3.2,0.43,10.6,0.027411078
Wi01-2930,White,17.99,6,7.6,0.31,0.27,5.8,0.036,23,109,0.99399,3.34,0.54,11,0.029320698
Wi01-2931,White,14.99,6,6.4,0.13,0.28,0.9,0.045,32,87,0.99175,3.47,0.52,11.2,0.026699133
Wi01-2932,White,18.99,6,6,0.28,0.24,17.8,0.047,42,111,0.99896,3.1,0.45,8.9,0.028533601
Wi01-2933,White,10.99,5,6.6,0.38,0.36,9.2,0.061,42,214,0.9976,3.31,0.56,9.4,0.041311389
Wi01-2934,White,13.99,6,6.9,0.25,0.47,8.4,0.042,36,156,0.99604,3.15,0.55,9.4,0.024722123
Wi01-2935,White,15.99,6,6.8,0.23,0.39,16.1,0.053,71,194,0.9988,3.18,0.64,10.2,0.02942137
Wi01-2936,White,9.99,5,7.8,0.25,0.37,1,0.043,10,80,0.99128,3.08,0.38,11.4,0.033057851
Wi01-2937,White,13.99,6,8.1,0.33,0.36,7.4,0.037,36,156,0.99592,3.19,0.54,10.6,0.030995834
Wi01-2938,White,10.99,5,6.4,0.475,0.06,1,0.03,9,131,0.9904,2.97,0.29,10.8,0.036006323
Wi01-2939,White,12.99,5,6.9,0.4,0.37,8.9,0.053,36,148,0.996,3.16,0.5,9.3,0.039840479
Wi01-2940,White,14.99,5,7.1,0.4,0.52,1.3,0.148,45,149,0.99468,3.08,0.56,8.7,0.037557839
Wi01-2941,White,10.99,5,8.2,0.38,0.49,13.6,0.042,58,166,0.99855,3.1,0.54,9.4,0.048946668
Wi01-2942,White,9.99,5,6.4,0.29,0.18,15,0.04,21,116,0.99736,3.14,0.5,9.2,0.036559195
Wi01-2943,White,17.99,6,6.3,0.28,0.29,6.8,0.051,40,143,0.99374,3.43,0.59,11,0.025195263
Wi01-2944,White,10.99,5,6.6,0.23,0.27,5.6,0.043,43,164,0.9953,3.27,0.76,9.5,0.046248121
Wi01-2945,White,15.99,6,6.5,0.34,0.36,11,0.052,53,247,0.9984,3.44,0.55,9.3,0.025195263
Wi01-2946,White,18.99,6,6.4,0.25,0.3,5.5,0.038,15,129,0.9948,3.14,0.49,9.6,0.026353517
Wi01-2947,White,18.99,6,6.8,0.28,0.29,11.9,0.052,51,149,0.99544,3.02,0.58,10.4,0.026014568
Wi01-2948,White,34.99,8,8,0.45,0.36,8.8,0.026,50,151,0.9927,3.07,0.25,12.7,0.015625
Wi01-2949,White,13.99,5,9,0.31,0.48,6.6,0.043,11,73,0.9938,2.9,0.38,11.6,0.04032193
Wi01-2950,White,7.99,4,6.1,0.6,0.12,1.8,0.05,11,76,0.99268,3.42,0.48,10.4,0.063769003
Wi01-2951,White,6.99,4,8,0.32,0.26,1.2,0.05,11.5,88,0.9946,3.24,0.37,9.5,0.058912244
Wi01-2952,White,8.99,5,9.4,0.16,0.3,1.4,0.042,26,176,0.9954,3.15,0.46,9.1,0.049382716
Wi01-2953,White,13.99,6,6,0.16,0.37,1.5,0.025,43,117,0.9928,3.46,0.51,9.7,0.032116751
Wi01-2954,White,25.99,7,7.3,0.22,0.49,9.4,0.034,29,134,0.9939,2.99,0.32,11,0.023668639
Wi01-2955,White,20.99,7,6.9,0.24,0.49,1.3,0.032,35,148,0.9932,3.45,0.57,10.7,0.018713941
Wi01-2956,White,21.99,7,6.6,0.33,0.4,2.65,0.041,35,86,0.98916,3.11,0.39,13.3,0.021311737
Wi01-2957,White,14.99,6,6,0.2,0.24,1.8,0.03,30,105,0.9909,3.31,0.47,11.5,0.032582205
Wi01-2958,White,14.99,6,6.6,0.17,0.26,7.4,0.052,45,128,0.99388,3.16,0.37,10,0.029220542
Wi01-2959,White,17.99,6,6.1,0.23,0.27,9.8,0.055,74,134,0.99534,3.16,0.4,10.2,0.032116751
Wi01-2960,White,17.99,6,6.3,0.23,0.3,1.8,0.033,16,91,0.9906,3.28,0.4,11.8,0.025518276
Wi01-2961,White,14.99,6,6.8,0.28,0.35,2.3,0.042,16,85,0.9906,3.19,0.56,12.4,0.027411078
Wi01-2962,White,17.99,6,6.7,0.24,0.26,5.4,0.03,15,94,0.99045,3.15,0.38,12.7,0.027320538
Wi01-2963,White,17.99,6,6.7,0.22,0.33,1.2,0.036,36,86,0.99058,3.1,0.76,11.4,0.031105263
Wi01-2964,White,14.99,6,6.1,0.41,0,1.6,0.063,36,87,0.9914,3.27,0.67,10.8,0.028151885
Wi01-2965,White,16.99,6,5.8,0.23,0.27,1.8,0.043,24,69,0.9933,3.38,0.31,9.4,0.030457255
Wi01-2966,White,14.99,5,6.5,0.15,0.55,5.9,0.045,75,162,0.99482,2.97,0.4,9.3,0.03968191
Wi01-2967,White,8.99,4,8.4,0.29,0.29,1.05,0.032,4,55,0.9908,2.91,0.32,11.4,0.073046019
Wi01-2968,White,13.99,6,7.1,0.16,0.25,1.3,0.034,28,123,0.9915,3.27,0.55,11.4,0.029522561
Wi01-2969,White,10.99,4,6.4,0.43,0.27,1.1,0.054,5,110,0.9939,3.24,0.52,9.1,0.061879656
Wi01-2970,White,13.99,5,7.5,0.24,0.62,10.6,0.045,51,153,0.99779,3.16,0.44,8.8,0.04032193
Wi01-2971,White,16.99,6,6.7,0.31,0.3,2.1,0.038,18,130,0.9928,3.36,0.63,10.6,0.02609869
Wi01-2972,White,13.99,5,6.6,0.24,0.35,7.7,0.031,36,135,0.9938,3.19,0.37,10.5,0.035068524
Wi01-2973,White,37.99,9,6.9,0.36,0.34,4.2,0.018,57,119,0.9898,3.28,0.36,12.7,0.012624669
Wi01-2974,White,26.99,7,7.1,0.33,0.3,3.3,0.034,30,102,0.9912,3.08,0.31,12.3,0.018816764
Wi01-2975,White,20.99,7,6.8,0.39,0.34,7.4,0.02,38,133,0.99212,3.18,0.44,12,0.019397739
Wi01-2976,White,33.99,8,7.1,0.25,0.39,2.1,0.036,30,124,0.9908,3.28,0.43,12.2,0.017636404
Wi01-2977,White,20.99,7,6.5,0.23,0.39,1.9,0.036,41,98,0.99,3.19,0.43,11.9,0.018816764
Wi01-2978,White,10.99,5,6.1,0.21,0.19,1.4,0.046,51,131,0.99184,3.22,0.39,10.5,0.046648536
Wi01-2979,White,17.99,6,7.1,0.29,0.34,7.8,0.036,49,128,0.99397,3.21,0.4,10.7,0.028923134
Wi01-2980,White,18.99,6,6.9,0.27,0.25,7.5,0.03,18,117,0.99116,3.09,0.38,13,0.025036052
Wi01-2981,White,15.99,6,6.2,0.28,0.27,10.3,0.03,26,108,0.99388,3.2,0.36,10.7,0.028825006
Wi01-2982,White,22.99,7,7.1,0.23,0.39,1.6,0.032,12,65,0.9898,3.25,0.4,12.7,0.019670751
Wi01-2983,White,17.99,6,7.5,0.42,0.19,6.9,0.041,62,150,0.99508,3.23,0.37,10,0.027230446
Wi01-2984,White,16.99,6,8.6,0.37,0.7,12.15,0.039,21,158,0.9983,3,0.73,9.3,0.028057653
Wi01-2985,White,21.99,7,5.8,0.275,0.3,5.4,0.043,41,149,0.9926,3.33,0.42,10.8,0.022956841
Wi01-2986,White,18.99,6,7.4,0.18,0.36,13.1,0.056,72,163,1,3.42,0.35,9.1,0.03143705
Wi01-2987,White,15.99,6,8.3,0.19,0.49,1.2,0.051,11,137,0.9918,3.06,0.46,11,0.026786599
Wi01-2988,White,8.99,5,6.6,0.41,0.31,1.6,0.042,18,101,0.99195,3.13,0.41,10.5,0.044886527
Wi01-2989,White,8.99,4,6,0.33,0.18,3,0.036,5,85,0.99125,3.28,0.4,11.5,0.054335719
Wi01-2990,White,17.99,6,6.8,0.22,0.24,4.9,0.092,30,123,0.9951,3.03,0.46,8.6,0.028923134
Wi01-2991,White,8.99,5,6.8,0.21,0.36,18.1,0.046,32,133,1,3.27,0.48,8.8,0.042164026
Wi01-2992,White,19.99,6,5.4,0.255,0.33,1.2,0.051,29,122,0.99048,3.37,0.66,11.3,0.02576463
Wi01-2993,White,19.99,6,8.2,0.27,0.43,1.6,0.035,31,128,0.9916,3.1,0.5,12.3,0.032464897
Wi01-2994,White,11.99,5,7.1,0.26,0.32,16.2,0.044,31,170,0.99644,3.17,0.37,11.2,0.04507733
Wi01-2995,White,18.99,6,6.9,0.28,0.33,1.2,0.039,16,98,0.9904,3.07,0.39,11.7,0.024878345
Wi01-2996,White,17.99,6,5.2,0.16,0.34,0.8,0.029,26,77,0.99155,3.25,0.51,10.1,0.02480005
Wi01-2997,White,12.99,5,9.1,0.28,0.49,2,0.059,10,112,0.9958,3.15,0.46,10.1,0.04507733
Wi01-2998,White,16.99,6,7,0.21,0.31,6,0.046,29,108,0.9939,3.26,0.5,10.8,0.032700149
Wi01-2999,White,15.99,6,6.8,0.19,0.33,4.9,0.047,42,130,0.99283,3.12,0.56,11,0.032582205
Wi01-3000,White,9.99,4,6.9,0.19,0.6,4,0.037,6,122,0.99255,2.92,0.59,10.4,0.055103705
Wi01-3001,White,25.99,8,6.6,0.21,0.38,2.2,0.026,40,104,0.9914,3.25,0.4,11.1,0.01393905
Wi01-3002,White,18.99,7,6.6,0.2,0.38,7.9,0.052,30,145,0.9947,3.32,0.56,11,0.022681086
Wi01-3003,White,23.99,7,5.9,0.22,0.29,4.2,0.037,69,144,0.99214,3.13,0.74,10.8,0.017777778
Wi01-3004,White,31.99,8,5.4,0.53,0.16,2.7,0.036,34,128,0.98856,3.2,0.53,13.2,0.015625
Wi01-3005,White,25.99,7,6,0.31,0.27,2.3,0.042,19,120,0.98952,3.32,0.41,12.7,0.019837334
Wi01-3006,White,14.99,6,5.9,0.65,0.23,5,0.035,20,128,0.99016,3.46,0.48,12.8,0.026353517
Wi01-3007,White,16.99,6,7.2,0.17,0.34,6.4,0.042,16,111,0.99278,2.99,0.4,10.8,0.024567369
Wi01-3008,White,10.99,5,6.4,0.45,0.07,1.1,0.03,10,131,0.9905,2.97,0.28,10.8,0.043402778
Wi01-3009,White,14.99,6,7.6,0.32,0.36,1.6,0.04,32,155,0.993,3.23,0.52,11.3,0.032937968
Wi01-3010,White,16.99,6,6.6,0.32,0.34,7.7,0.044,63,212,0.99526,3.22,0.48,9.7,0.025036052
Wi01-3011,White,21.99,7,6.3,0.41,0.33,4.7,0.023,28,110,0.991,3.3,0.38,12.5,0.018261505
Wi01-3012,White,19.99,6,6.7,0.28,0.42,3.5,0.035,43,105,0.99021,3.18,0.38,12.2,0.030036434
Wi01-3013,White,16.99,6,6.8,0.18,0.28,8.7,0.047,52,242,0.9952,3.22,0.53,10.5,0.02480005
Wi01-3014,White,6.99,4,7.3,0.36,0.54,13.3,0.054,63,193,0.99864,3.06,0.49,8.6,0.05484591
Wi01-3015,White,26.99,7,9.2,0.25,0.34,1.2,0.026,31,93,0.9916,2.93,0.37,11.3,0.023308665
Wi01-3016,White,11.99,5,7.2,0.17,0.41,1.6,0.052,24,126,0.99228,3.19,0.49,10.8,0.038903089
Wi01-3017,White,18.99,7,6.6,0.34,0.24,3.3,0.034,29,99,0.99031,3.1,0.4,12.3,0.019781572
Wi01-3018,White,18.99,7,6.6,0.24,0.3,11.3,0.026,11,77,0.99381,3.13,0.55,12.8,0.021436733
Wi01-3019,White,20.99,7,6.4,0.17,0.34,1.5,0.091,42,135,0.9938,3.25,0.49,9.6,0.019183401
Wi01-3020,White,15.99,6,6.9,0.4,0.3,10.6,0.033,24,87,0.99265,3.15,0.45,12.8,0.029932592
Wi01-3021,White,27.99,8,6.8,0.28,0.43,7.6,0.03,30,110,0.99164,3.08,0.59,12.5,0.014411527
Wi01-3022,White,10.99,4,6.3,0.27,0.51,7.6,0.049,35,200,0.99548,3.16,0.54,9.4,0.059779652
Wi01-3023,White,17.99,6,6.3,0.3,0.91,8.2,0.034,50,199,0.99394,3.39,0.49,11.7,0.026268161
Wi01-3024,White,35.99,8,6.2,0.22,0.49,6,0.029,31,128,0.9928,3.41,0.36,11.3,0.016394491
Wi01-3025,White,11.99,5,7.2,0.51,0.24,10,0.093,35,197,0.9981,3.41,0.47,9,0.033057851
Wi01-3026,White,15.99,6,6.3,0.37,0.51,6.3,0.048,35,146,0.9943,3.1,1.01,10.5,0.031215273
Wi01-3027,White,14.99,5,7.4,0.44,0.2,11.5,0.049,44,157,0.998,3.27,0.44,9,0.046850696
Wi01-3028,White,14.99,6,6.3,0.17,0.32,4.2,0.04,37,117,0.99182,3.24,0.43,11.3,0.025355998
Wi01-3029,White,17.99,6,6.7,0.24,0.3,10.2,0.07,44,179,0.99666,2.86,0.46,8.9,0.028151885
Wi01-3030,White,17.99,6,9.2,0.28,0.41,1,0.042,14,59,0.9922,2.96,0.25,10.5,0.026439289
Wi01-3031,White,10.99,4,8.5,0.2,0.4,1.1,0.046,31,106,0.99194,3,0.35,10.5,0.07979827
Wi01-3032,White,15.99,6,6.9,0.115,0.35,5.4,0.048,36,108,0.9939,3.32,0.42,10.2,0.025115468
Wi01-3033,White,23.99,7,6.9,0.19,0.33,1.6,0.039,27,98,0.9898,3.09,0.46,12.3,0.02338
Wi01-3034,White,14.99,6,6.7,0.16,0.32,12.5,0.035,18,156,0.99666,2.88,0.36,9,0.030457255
Wi01-3035,White,19.99,6,6.9,0.18,0.3,2,0.038,39,190,0.9914,3.32,0.37,12.2,0.027411078
Wi01-3036,White,13.99,6,7.1,0.13,0.38,1.8,0.046,14,114,0.9925,3.32,0.9,11.7,0.0256
Wi01-3037,White,19.99,7,6.5,0.16,0.34,1.4,0.029,29,133,0.99108,3.33,0.64,11.5,0.019726045
Wi01-3038,White,13.99,6,6.8,0.17,0.74,2.4,0.053,61,182,0.9953,3.63,0.76,10.5,0.030140818
Wi01-3039,White,17.99,6,6.4,0.16,0.28,2.2,0.042,33,93,0.9914,3.31,0.43,11.1,0.027230446
Wi01-3040,White,9.99,5,7.4,0.25,0.49,1.1,0.042,35,156,0.9917,3.13,0.55,11.3,0.041479835
Wi01-3041,White,25.99,7,7.8,0.28,0.32,9,0.036,34,115,0.9952,3.17,0.39,10.3,0.020349979
Wi01-3042,White,17.99,6,4.7,0.785,0,3.4,0.036,23,134,0.98981,3.53,0.92,13.8,0.024490536
Wi01-3043,White,11.99,5,7.5,0.35,0.48,12.4,0.056,61,176.5,0.99803,2.97,0.52,8.8,0.034677791
Wi01-3044,White,13.99,5,6.5,0.3,0.29,2.25,0.037,8,210,0.9937,3.19,0.62,9.9,0.046648536
Wi01-3045,White,19.99,6,7.8,0.27,0.34,1.6,0.046,27,154,0.9927,3.05,0.45,10.5,0.031774175
Wi01-3046,White,10.99,5,6.4,0.28,0.44,7.1,0.048,49,179,0.99528,3.15,0.48,9.2,0.03329959
Wi01-3047,White,13.99,6,6.2,0.18,0.38,1.5,0.028,36,117,0.993,3.47,0.54,9.7,0.024567369
Wi01-3048,White,23.99,7,6.5,0.115,0.29,1.95,0.038,73,166,0.989,3.12,0.25,12.9,0.019615689
Wi01-3049,White,12.99,5,5.4,0.375,0.4,3.3,0.054,29,147,0.99482,3.42,0.52,9.1,0.036006323
Wi01-3050,White,13.99,6,7.3,0.28,0.54,12.9,0.049,62,162.5,0.9984,3.06,0.45,9.1,0.024037017
Wi01-3051,White,14.99,5,5.7,0.28,0.24,17.5,0.044,60,167,0.9989,3.31,0.44,9.4,0.041311389
Wi01-3052,White,17.99,6,7.4,0.18,0.34,2.7,0.03,30,107,0.992,2.97,0.53,11,0.030886981
Wi01-3053,White,8.99,5,6.4,0.3,0.33,5.2,0.05,30,137,0.99304,3.26,0.58,11.1,0.035200237
Wi01-3054,White,10.99,5,7.6,0.54,0.23,2,0.029,13,151,0.9931,3.04,0.33,10.4,0.047054173
Wi01-3055,White,15.99,6,5.1,0.11,0.32,1.6,0.028,12,90,0.99008,3.57,0.52,12.2,0.029021763
Wi01-3056,White,11.99,5,5.2,0.22,0.46,6.2,0.066,41,187,0.99362,3.19,0.42,9.733333333,0.03442092
Wi01-3057,White,22.99,7,6.8,0.18,0.3,12.8,0.062,19,171,0.99808,3,0.52,9,0.018816764
Wi01-3058,White,19.99,6,6.2,0.21,0.52,6.5,0.047,28,123,0.99418,3.22,0.49,9.9,0.025115468
Wi01-3059,White,9.99,5,7,0.35,0.31,1.8,0.069,15,162,0.9944,3.18,0.47,9.4,0.035068524
Wi01-3060,White,14.99,6,7,0.27,0.36,20.7,0.045,45,170,1.001,3,0.45,8.8,0.023814967
Wi01-3061,White,18.99,6,6,0.31,0.24,3.3,0.041,25,143,0.9914,3.31,0.44,11.3,0.026612094
Wi01-3062,White,14.99,6,8.1,0.2,0.4,2,0.037,19,87,0.9921,3.12,0.54,11.2,0.027593514
Wi01-3063,White,13.99,6,7.2,0.2,0.61,16.2,0.043,14,103,0.9987,3.06,0.36,9.2,0.027320538
Wi01-3064,White,14.99,5,7.6,0.23,0.34,1.6,0.043,24,129,0.99305,3.12,0.7,10.4,0.043950441
Wi01-3065,White,18.99,6,6.1,0.125,0.25,3.3,0.04,10,69,0.9934,3.54,0.59,10.1,0.027411078
Wi01-3066,White,23.99,7,6.6,0.35,0.26,2.7,0.045,19,129,0.98952,3.24,0.48,13,0.022681086
Wi01-3067,White,13.99,6,6.1,0.37,0.36,4.7,0.035,36,116,0.991,3.31,0.62,12.6,0.030457255
Wi01-3068,White,23.99,7,7.1,0.21,0.31,3.8,0.021,40,142,0.99215,3.17,0.39,10.8,0.020702862
Wi01-3069,White,13.99,6,6.2,0.35,0.25,18.4,0.051,28,182,0.99946,3.13,0.62,9.3,0.02576463
Wi01-3070,White,14.99,5,5.5,0.19,0.27,0.9,0.04,52,103,0.99026,3.5,0.39,11.2,0.047258979
Wi01-3071,White,14.99,5,8.3,0.21,0.49,19.8,0.054,50,231,1.0012,2.99,0.54,9.2,0.038750078
Wi01-3072,White,18.99,6,5.1,0.39,0.21,1.7,0.027,15,72,0.9894,3.5,0.45,12.5,0.026612094
Wi01-3073,White,18.99,6,7.4,0.18,0.27,1.3,0.048,26,105,0.994,3.52,0.66,10.6,0.025518276
Wi01-3074,White,14.99,5,7.7,0.28,0.35,15.3,0.056,31,117,0.9998,3.27,0.5,9.6,0.043402778
Wi01-3075,White,19.99,6,6.8,0.24,0.29,9.5,0.042,56,157,0.99586,3.11,0.51,10.1,0.030457255
Wi01-3076,White,35.99,8,7,0.12,0.29,10.3,0.039,41,98,0.99564,3.19,0.38,9.8,0.017730465
Wi01-3077,White,13.99,5,8.7,0.31,0.73,14.35,0.044,27,191,1.00013,2.96,0.88,8.7,0.038750078
Wi01-3078,White,14.99,6,6.8,0.25,0.37,3.1,0.026,29,93,0.99035,3.14,0.45,12.2,0.024111724
Wi01-3079,White,9.99,4,6.7,0.54,0.27,7.1,0.049,8,178,0.99502,3.16,0.38,9.4,0.056420354
Wi01-3080,White,17.99,6,7.3,0.2,0.29,19.5,0.039,69,237,1.00037,3.1,0.48,9.2,0.027963893
Wi01-3081,White,9.99,4,7.6,0.23,0.26,15.3,0.067,32,166,0.9986,3.03,0.44,9.2,0.075890384
Wi01-3082,White,13.99,6,6.3,0.55,0.45,13,0.047,33,182,0.9974,3.2,0.46,9.2,0.023962657
Wi01-3083,White,25.99,8,7.6,0.2,0.3,14.2,0.056,53,212.5,0.999,3.14,0.46,8.9,0.014274111
Wi01-3084,White,15.99,6,6.2,0.16,0.32,1.1,0.036,74,184,0.99096,3.22,0.41,11,0.032232175
Wi01-3085,White,18.99,7,5.7,0.24,0.3,1.3,0.03,25,98,0.98968,3.37,0.43,12.4,0.022545068
Wi01-3086,White,23.99,7,8.7,0.3,0.34,4.8,0.018,23,127,0.99474,3.12,0.49,11.2,0.021249649
Wi01-3087,White,19.99,6,7.6,0.18,0.28,7.1,0.041,29,110,0.99652,3.2,0.42,9.2,0.023741634
Wi01-3088,White,9.99,5,7.4,0.38,0.34,8.3,0.052,44,168,0.99627,3.11,0.52,9.2,0.043950441
Wi01-3089,White,7.99,4,7.1,0.27,0.28,1.25,0.023,3,89,0.98993,2.95,0.3,11.4,0.060666359
Wi01-3090,White,9.99,5,6.4,0.26,0.21,8.2,0.05,51,182,0.99542,3.23,0.48,9.5,0.04032193
Wi01-3091,White,14.99,6,6.7,0.37,0.41,6.3,0.061,22,149,0.9953,3.16,0.47,9.6,0.025115468
Wi01-3092,White,10.99,4,7.7,0.28,0.63,11.1,0.039,58,179,0.9979,3.08,0.44,8.8,0.064746292
Wi01-3093,White,8.99,4,6.9,0.25,0.24,3.6,0.057,13,85,0.9942,2.99,0.48,9.5,0.05236452
Wi01-3094,White,14.99,5,7.1,0.27,0.31,18.2,0.046,55,252,1,3.07,0.56,8.7,0.038446751
Wi01-3095,White,13.99,6,7.2,0.16,0.32,0.8,0.04,50,121,0.9922,3.27,0.33,10,0.031215273
Wi01-3096,White,15.99,6,6,0.2,0.26,6.8,0.049,22,93,0.9928,3.15,0.42,11,0.029522561
Wi01-3097,White,11.99,5,6.2,0.33,0.14,4.8,0.052,27,128,0.99475,3.21,0.48,9.4,0.046850696
Wi01-3098,White,35.99,8,7.1,0.32,0.34,14.5,0.039,46,150,0.995,3.38,0.5,12.5,0.015469914
Wi01-3099,White,13.99,5,6.9,0.26,0.33,12.6,0.051,59,173,0.998,3.39,0.38,9.9,0.036143359
Wi01-3100,White,19.99,6,6.4,0.28,0.56,1.7,0.156,49,106,0.99354,3.1,0.37,9.2,0.026439289
Wi01-3101,White,18.99,7,7.9,0.14,0.45,1.8,0.05,17,114,0.9948,3.33,0.49,10.7,0.021882987
Wi01-3102,White,20.99,7,6.1,0.3,0.3,2.1,0.031,50,163,0.9895,3.39,0.43,12.7,0.017968935
Wi01-3103,White,9.99,5,8,0.61,0.38,12.1,0.301,24,220,0.9993,2.94,0.48,9.2,0.03968191
Wi01-3104,White,8.99,4,6.1,0.38,0.14,3.9,0.06,27,113,0.99344,3.07,0.34,9.2,0.053090955
Wi01-3105,White,17.99,6,7.3,0.28,0.36,12.7,0.04,38,140,0.998,3.3,0.79,9.6,0.032001946
Wi01-3106,White,26.99,7,7.4,0.49,0.24,15.1,0.03,34,153,0.9953,3.13,0.51,12,0.021187832
Wi01-3107,White,13.99,5,6.4,0.38,0.24,7.2,0.047,41,151,0.99604,3.11,0.6,9.2,0.039367599
Wi01-3108,White,15.99,6,6.6,0.35,0.35,6,0.063,31,150,0.99537,3.1,0.47,9.4,0.029624275
Wi01-3109,White,13.99,5,6.8,0.29,0.56,11.9,0.043,66,230,0.9972,3.02,0.63,9.3,0.047465125
Wi01-3110,White,16.99,6,5.8,0.315,0.19,19.4,0.031,28,106,0.99704,2.97,0.4,10.55,0.032001946
Wi01-3111,White,17.99,6,7.8,0.21,0.34,11.9,0.039,55,140,0.9959,3.02,0.31,10.3,0.030457255
Wi01-3112,White,19.99,6,7.6,0.27,0.34,5,0.04,18,56,0.99084,3.06,0.48,12.4,0.03143705
Wi01-3113,White,15.99,6,5,0.24,0.21,2.2,0.039,31,100,0.99098,3.69,0.62,11.7,0.030995834
Wi01-3114,White,18.99,7,6.9,0.31,0.34,7.4,0.059,36,174,0.9963,3.46,0.62,11.1,0.021690045
Wi01-3115,White,16.99,6,6.2,0.25,0.28,8.5,0.035,28,108,0.99486,3.4,0.42,10.4,0.032937968
Wi01-3116,White,12.99,5,7.2,0.2,0.22,1.6,0.044,17,101,0.99471,3.37,0.53,10,0.038750078
Wi01-3117,White,18.99,6,6.7,0.23,0.26,1.4,0.06,33,154,0.9934,3.24,0.56,9.5,0.029522561
Wi01-3118,White,12.99,5,5.8,0.33,0.2,16.05,0.047,26,166,0.9976,3.09,0.46,8.9,0.040812162
Wi01-3119,White,11.99,5,6.9,0.23,0.32,16.4,0.045,62,153,0.9972,3.22,0.42,10.5,0.035465898
Wi01-3120,White,16.99,6,6.1,0.25,0.48,15.8,0.052,25,94,0.99782,3.07,0.45,9.2,0.027685416
Wi01-3121,White,12.99,5,6.2,0.31,0.21,6.3,0.041,50,218,0.9941,3.15,0.6,10,0.034548997
Wi01-3122,White,12.99,5,6.6,0.62,0.2,8.7,0.046,81,224,0.99605,3.17,0.44,9.3,0.036840418
Wi01-3123,White,9.99,5,6.6,0.3,0.45,8,0.038,54,200,0.9956,3.18,0.48,9.5,0.04507733
Wi01-3124,White,15.99,6,6,0.19,0.37,9.7,0.032,17,50,0.9932,3.08,0.66,12,0.024722123
Wi01-3125,White,18.99,7,6.6,0.21,0.29,5.35,0.029,43,106,0.99112,2.93,0.43,11.5,0.019130372
Wi01-3126,White,13.99,5,7.6,0.17,0.36,4.5,0.042,26,102,0.99427,3.09,0.47,9.5,0.04032193
Wi01-3127,White,19.99,6,8.4,0.58,0.27,12.15,0.033,37,116,0.9959,2.99,0.39,10.8,0.030457255
Wi01-3128,White,16.99,6,6.8,0.2,0.59,0.9,0.147,38,132,0.993,3.05,0.38,9.1,0.032116751
Wi01-3129,White,19.99,6,7.6,0.22,0.28,12,0.056,68,143,0.9983,2.99,0.3,9.2,0.028923134
Wi01-3130,White,18.99,7,5,0.27,0.32,4.5,0.032,58,178,0.98956,3.45,0.31,12.6,0.021436733
Wi01-3131,White,24.99,7,6.7,0.24,0.29,6.8,0.038,54,127,0.9932,3.33,0.46,11.6,0.020702862
Wi01-3132,White,22.99,7,7,0.2,0.34,2.1,0.049,12,136,0.9922,3.25,0.46,11.6,0.019893332
Wi01-3133,White,22.99,7,7.2,0.21,0.37,1.6,0.049,23,94,0.9924,3.16,0.48,10.9,0.019837334
Wi01-3134,White,10.99,5,6.4,0.32,0.26,7.9,0.05,53,180,0.99514,3.14,0.5,9.6,0.046850696
Wi01-3135,White,14.99,6,6.6,0.3,0.25,8,0.036,21,124,0.99362,3.06,0.38,10.8,0.032937968
Wi01-3136,White,7.99,4,6.1,0.38,0.14,3.9,0.06,27,113,0.99344,3.07,0.34,9.2,0.064092293
Wi01-3137,White,16.99,6,7.6,0.37,0.34,3.2,0.028,42,162,0.9903,3.01,0.33,12.4,0.031325867
Wi01-3138,White,20.99,7,6.4,0.28,0.29,1.6,0.052,34,127,0.9929,3.48,0.56,10.5,0.020466597
Wi01-3139,White,14.99,6,8.2,0.34,0.49,8,0.046,55,223,0.996,3.08,0.52,10.7,0.027593514
Wi01-3140,White,19.99,6,6.6,0.15,0.34,1,0.037,45,79,0.98949,2.96,0.5,11.7,0.030995834
Wi01-3141,White,8.99,5,7.2,0.25,0.19,8,0.044,51,172,0.9964,3.16,0.44,9.2,0.04585284
Wi01-3142,White,12.99,5,7.7,0.15,0.29,1.3,0.029,10,64,0.9932,3.35,0.39,10.1,0.034548997
Wi01-3143,White,13.99,5,6.6,0.3,0.24,1.2,0.034,17,121,0.9933,3.13,0.36,9.2,0.035599858
Wi01-3144,White,8.99,5,7.4,0.32,0.27,1.4,0.049,38,173,0.99335,3.03,0.52,9.3,0.036281179
Wi01-3145,White,18.99,6,7.8,0.965,0.6,65.8,0.074,8,160,1.03898,3.39,0.69,11.7,0.031215273
Wi01-3146,White,21.99,7,6.2,0.36,0.27,3.2,0.032,13,73,0.98942,2.9,0.69,12.6,0.021436733
Wi01-3147,White,16.99,6,6,0.32,0.32,4.8,0.041,40,186,0.99235,3.22,0.54,11,0.032348222
Wi01-3148,White,13.99,5,6.8,0.27,0.12,1.3,0.04,87,168,0.992,3.18,0.41,10,0.037124899
Wi01-3149,White,21.99,7,6.4,0.24,0.31,2.8,0.038,41,114,0.99155,3.37,0.66,11.7,0.023096608
Wi01-3150,White,13.99,6,8.8,0.24,0.23,10.3,0.032,12,97,0.99571,3.13,0.4,10.7,0.026353517
Wi01-3151,White,14.99,5,5.9,0.29,0.16,7.9,0.044,48,197,0.99512,3.21,0.36,9.4,0.04507733
Wi01-3152,White,19.99,7,7.3,0.42,0.38,6.8,0.045,29,122,0.9925,3.19,0.37,12.6,0.019893332
Wi01-3153,White,17.99,6,4.8,0.225,0.38,1.2,0.074,47,130,0.99132,3.31,0.4,10.3,0.030778701
Wi01-3154,White,11.99,5,7.8,0.32,0.31,1.7,0.036,46,195,0.993,3.03,0.48,10.5,0.04585284
Wi01-3155,White,17.99,6,5.6,0.27,0.37,0.9,0.025,11,49,0.98845,3.29,0.33,13.1,0.030886981
Wi01-3156,White,25.99,7,6.6,0.26,0.21,2.9,0.026,48,126,0.99089,3.22,0.38,11.3,0.021499643
Wi01-3157,White,18.99,7,6.7,0.3,0.29,2.8,0.025,37,107,0.99159,3.31,0.63,11.3,0.018065672
Wi01-3158,White,7.99,4,5.5,0.485,0,1.5,0.065,8,103,0.994,3.63,0.4,9.7,0.054335719
Wi01-3159,White,14.99,5,7.7,0.275,0.3,1,0.039,19,75,0.992,3.01,0.56,10.7,0.048946668
Wi01-3160,White,14.99,5,7.4,0.24,0.29,10.1,0.05,21,105,0.9962,3.13,0.35,9.5,0.036982249
Wi01-3161,White,14.99,6,6.8,0.2,0.38,4.7,0.04,27,103,0.994,3.37,0.58,10.7,0.024111724
Wi01-3162,White,23.99,7,7.1,0.44,0.37,2.7,0.041,35,128,0.9896,3.07,0.43,13.5,0.020584221
Wi01-3163,White,10.99,5,6.5,0.22,0.25,17.1,0.05,44,138,1.0001,3.3,0.37,8.8,0.047054173
Wi01-3164,White,12.99,5,7.2,0.34,0.34,12.6,0.048,7,41,0.9942,3.19,0.4,11.7,0.041143967
Wi01-3165,White,11.99,5,6.7,0.18,0.25,14.3,0.048,79,149,0.9975,3.12,0.37,9.7,0.039524286
Wi01-3166,White,18.99,6,5.9,0.18,0.28,5.1,0.039,50,139,0.99165,3.16,0.44,11.3,0.02652548
Wi01-3167,White,8.99,5,6.5,0.22,0.31,3.9,0.046,17,106,0.99098,3.15,0.31,11.5,0.038446751
Wi01-3168,White,11.99,5,6.6,0.31,0.38,16.05,0.058,16,165,0.9997,3.38,0.6,9.2,0.046648536
Wi01-3169,White,13.99,6,7,0.16,0.25,14.3,0.044,27,149,0.998,2.91,0.46,9.2,0.026439289
Wi01-3170,White,16.99,6,6.5,0.26,0.32,16.5,0.045,44,166,1,3.38,0.46,9.5,0.027230446
Wi01-3171,White,14.99,5,5.7,0.255,0.65,1.2,0.079,17,137,0.99307,3.2,0.42,9.4,0.041479835
Wi01-3172,White,9.99,5,7.2,0.18,0.41,1.2,0.048,41,97,0.9919,3.14,0.45,10.4,0.036006323
Wi01-3173,White,24.99,7,6.2,0.21,0.28,5.7,0.028,45,121,0.99168,3.21,1.08,12.15,0.020176911
Wi01-3174,White,14.99,5,7.5,0.21,0.68,10.9,0.045,38,133,0.9978,3,0.36,8.7,0.03442092
Wi01-3175,White,21.99,7,7.2,0.25,0.28,14.4,0.055,55,205,0.9986,3.12,0.38,9,0.022144274
Wi01-3176,White,19.99,6,7.1,0.2,0.3,0.9,0.019,4,28,0.98931,3.2,0.36,12,0.025930853
Wi01-3177,White,10.99,5,7.3,0.35,0.67,8.3,0.053,10,100,0.9959,3.19,0.5,10.9,0.033915665
Wi01-3178,White,11.99,5,6.4,0.25,0.57,1,0.062,21,122,0.99238,3,0.4,9.5,0.039057008
Wi01-3179,White,18.99,6,7.5,0.17,0.44,11.3,0.046,65,146,0.997,3.17,0.45,10,0.025518276
Wi01-3180,White,11.99,5,7.2,0.31,0.26,7.3,0.05,37,157,0.99625,3.09,0.43,9,0.03354399
Wi01-3181,White,8.99,5,6.4,0.27,0.32,4.5,0.24,61,174,0.9948,3.12,0.48,9.4,0.040647763
Wi01-3182,White,28.99,8,6.5,0.18,0.34,1.6,0.04,43,148,0.9912,3.32,0.59,11.5,0.014728061
Wi01-3183,White,10.99,5,6.6,0.25,0.35,14,0.069,42,163,0.999,3.56,0.47,9.8,0.034040931
Wi01-3184,White,19.99,6,7.6,0.38,0.28,4.2,0.029,7,112,0.9906,3,0.41,12.6,0.030778701
Wi01-3185,White,19.99,6,6.6,0.24,0.3,13,0.052,18,143,0.99825,3.37,0.49,9.4,0.024722123
Wi01-3186,White,14.99,6,6,0.19,0.26,12.4,0.048,50,147,0.9972,3.3,0.36,8.9,0.032582205
Wi01-3187,White,13.99,6,6,0.26,0.32,3.8,0.029,48,180,0.99011,3.15,0.34,12,0.027051593
Wi01-3188,White,11.99,5,6.4,0.23,0.35,10.3,0.042,54,140,0.9967,3.23,0.47,9.2,0.046850696
Wi01-3189,White,16.99,6,7.3,0.3,0.22,6.4,0.056,44,168,0.9947,3.13,0.35,10.1,0.032464897
Wi01-3190,White,17.99,6,7.6,0.31,0.52,13.2,0.042,61,148,0.99839,2.98,0.47,9.1,0.025195263
Wi01-3191,White,17.99,6,7.3,0.155,0.49,1.3,0.039,34,136,0.9926,3.14,0.77,10.5,0.024644564
Wi01-3192,White,11.99,5,6.6,0.545,0.04,2.5,0.031,48,111,0.9906,3.14,0.32,11.9,0.036699403
Wi01-3193,White,22.99,7,6.5,0.16,0.33,1,0.027,23,75,0.9908,3.3,0.39,11.4,0.018065672
Wi01-3194,White,15.99,6,6.8,0.27,0.28,13.3,0.076,50,163,0.9979,3.03,0.38,8.6,0.030457255
Wi01-3195,White,12.99,5,6.8,0.21,0.36,18.1,0.046,32,133,1,3.27,0.48,8.8,0.048516369
Wi01-3196,White,18.99,6,5.4,0.29,0.47,3,0.052,47,145,0.993,3.29,0.75,10,0.031215273
Wi01-3197,White,12.99,5,6.1,0.36,0.41,19.35,0.07,67,207,1.00118,3.39,0.53,9.1,0.035599858
Wi01-3198,White,10.99,5,7.6,0.32,0.35,1.6,0.092,24,138,0.99438,3.19,0.44,9.8,0.044135301
Wi01-3199,White,18.99,6,5.8,0.31,0.33,1.2,0.036,23,99,0.9916,3.18,0.6,10.5,0.029624275
Wi01-3200,White,10.99,4,7.3,0.28,0.42,1.2,0.033,29,142,0.99205,3.17,0.43,10.7,0.078904179
Wi01-3201,White,26.99,7,6.7,0.46,0.18,2.4,0.034,25,98,0.9896,3.08,0.44,12.6,0.021311737
Wi01-3202,White,10.99,5,7,0.48,0.12,4.5,0.05,23,86,0.99398,2.86,0.35,9,0.037557839
Wi01-3203,White,17.99,6,7.1,0.21,0.33,1.2,0.039,34,97,0.99112,3.11,0.75,11.2,0.033057851
Wi01-3204,White,16.99,6,6.5,0.18,0.26,1.4,0.041,40,141,0.9941,3.34,0.72,9.5,0.026268161
Wi01-3205,White,19.99,6,6.6,0.24,0.27,1.4,0.057,33,152,0.9934,3.22,0.56,9.5,0.0256
Wi01-3206,White,33.99,8,5.2,0.155,0.33,1.6,0.028,13,59,0.98975,3.3,0.84,11.9,0.01393905
Wi01-3207,White,21.99,7,6.7,0.11,0.34,8.8,0.043,41,113,0.9962,3.42,0.4,9.3,0.019893332
Wi01-3208,White,20.99,7,6.1,0.38,0.42,5,0.016,31,113,0.99007,3.15,0.31,12.4,0.019506258
Wi01-3209,White,14.99,5,6.4,0.39,0.21,1.2,0.041,35,136,0.99225,3.15,0.46,10.2,0.04032193
Wi01-3210,White,13.99,5,6.3,0.25,0.27,6.6,0.054,40,158,0.99378,3.2,0.48,10.3,0.033915665
Wi01-3211,White,10.99,5,7.9,0.21,0.39,2,0.057,21,138,0.99176,3.05,0.52,10.9,0.040977561
Wi01-3212,White,13.99,5,7.9,0.31,0.22,13.3,0.048,46,212,0.99942,3.47,0.59,10,0.039057008
Wi01-3213,White,23.99,7,6.7,0.27,0.3,13.9,0.029,34,131,0.9953,3.36,0.5,12,0.019451885
Wi01-3214,White,14.99,6,6.6,0.21,0.29,1.8,0.026,35,128,0.99183,3.37,0.48,11.2,0.029624275
Wi01-3215,White,14.99,6,6.6,0.39,0.28,9.2,0.036,10,92,0.99206,3.07,0.35,12.1,0.026612094
Wi01-3216,White,14.99,6,6.7,0.18,0.19,4.7,0.046,57,161,0.9946,3.32,0.66,10.5,0.027230446
Wi01-3217,White,11.99,5,6,0.3,0.44,1.5,0.046,15,182,0.99455,3.5,0.52,10.4,0.03329959
Wi01-3218,White,29.99,8,7.3,0.19,0.27,13.9,0.057,45,155,0.99807,2.94,0.41,8.8,0.014005112
Wi01-3219,White,17.99,6,6.2,0.22,0.28,2.2,0.04,24,125,0.9917,3.19,0.48,10.5,0.023741634
Wi01-3220,White,17.99,6,6.2,0.3,0.26,13.4,0.046,57,206,0.99775,3.17,0.43,9.5,0.030886981
Wi01-3221,White,14.99,5,7.5,0.27,0.79,11.95,0.04,51,159,0.99839,2.98,0.44,8.7,0.034807307
Wi01-3222,White,16.99,6,6.5,0.27,0.19,6.6,0.045,98,175,0.99364,3.16,0.34,10.1,0.032937968
Wi01-3223,White,16.99,6,6.2,0.19,0.29,4.3,0.045,33,126,0.99658,3.18,0.42,9.3,0.033057851
Wi01-3224,White,17.99,6,7.5,0.22,0.33,6.7,0.036,45,138,0.9939,3.2,0.68,11.4,0.028341779
Wi01-3225,White,20.99,7,8,0.22,0.42,14.6,0.044,45,163,1.0003,3.21,0.69,8.6,0.019949567
Wi01-3226,White,22.99,7,6.5,0.18,0.41,14.2,0.039,47,129,0.99678,3.28,0.72,10.3,0.020643414
Wi01-3227,White,18.99,6,5.2,0.38,0.26,7.7,0.053,20,103,0.9925,3.27,0.45,12.2,0.026874496
Wi01-3228,White,11.99,5,6.8,0.27,0.26,16.1,0.049,55,196,0.9984,3.15,0.5,9.3,0.040812162
Wi01-3229,White,15.99,6,6.1,0.28,0.3,7.75,0.031,33,139,0.99296,3.22,0.46,11,0.029932592
Wi01-3230,White,12.99,5,6.7,0.25,0.36,8.6,0.037,63,206,0.99553,3.18,0.5,9.6,0.033057851
Wi01-3231,White,15.99,6,6.9,0.21,0.81,1.1,0.137,52,123,0.9932,3.03,0.39,9.2,0.030995834
Wi01-3232,White,22.99,7,5.6,0.49,0.13,4.5,0.039,17,116,0.9907,3.42,0.9,13.7,0.018510806
Wi01-3233,White,14.99,6,7,0.32,0.24,6.2,0.048,31,228,0.9957,3.23,0.62,9.4,0.028437448
Wi01-3234,White,14.99,5,6.5,0.41,0.22,4.8,0.052,49,142,0.9946,3.14,0.62,9.2,0.043043336
Wi01-3235,White,21.99,7,6.9,0.18,0.36,1.3,0.036,40,117,0.9934,3.27,0.95,9.5,0.021003991
Wi01-3236,White,22.99,7,6,0.32,0.33,9.9,0.032,22,90,0.99258,3.1,0.43,12.1,0.022612923
Wi01-3237,White,19.99,6,6.5,0.22,0.19,1.1,0.064,36,191,0.99297,3.05,0.5,9.5,0.02618322
Wi01-3238,White,17.99,6,6.3,0.4,0.24,5.1,0.036,43,131,0.99186,3.24,0.44,11.3,0.02942137
Wi01-3239,White,13.99,5,6,0.2,0.24,5.3,0.075,49,201,0.99466,3.21,0.43,9.5,0.035068524
Wi01-3240,White,7.99,3,6.9,0.39,0.4,4.6,0.022,5,19,0.9915,3.31,0.37,12.6,0.151402746
Wi01-3241,White,9.99,5,6.2,0.34,0.28,7.5,0.034,40,197,0.99485,3.14,0.6,9.7,0.036006323
Wi01-3242,White,18.99,6,5.8,0.36,0.32,1.7,0.033,22,96,0.9898,3.03,0.38,11.2,0.026699133
Wi01-3243,White,15.99,6,6.8,0.28,0.44,9.3,0.031,35,137,0.9946,3.16,0.36,10.4,0.02942137
Wi01-3244,White,14.99,6,6.1,0.36,0.16,6.4,0.037,36,198,0.9944,3.17,0.62,9.9,0.024337947
Wi01-3245,White,12.99,5,8.9,0.33,0.34,1.4,0.056,14,171,0.9946,3.13,0.47,9.7,0.042865287
Wi01-3246,White,13.99,6,6.8,0.19,0.34,1.9,0.04,41,108,0.99,3.25,0.45,12.9,0.02942137
Wi01-3247,White,23.99,7,6.3,0.22,0.34,5,0.032,36,93,0.99012,3.27,0.36,13.5,0.017968935
Wi01-3248,White,11.99,5,7.4,0.39,0.23,7,0.033,29,126,0.994,3.14,0.42,10.5,0.039367599
Wi01-3249,White,18.99,6,8.1,0.3,0.31,1.1,0.041,49,123,0.9914,2.99,0.45,11.1,0.029320698
Wi01-3250,White,10.99,4,8.8,0.35,0.49,1,0.036,14,56,0.992,2.96,0.33,10.5,0.073442469
Wi01-3251,White,15.99,6,5.8,0.29,0.33,3.7,0.029,30,88,0.98994,3.25,0.42,12.3,0.023814967
Wi01-3252,White,20.99,7,6,0.29,0.41,10.8,0.048,55,149,0.9937,3.09,0.59,11,0.022612923
Wi01-3253,White,15.99,6,6.8,0.21,0.42,1.2,0.045,24,126,0.99234,3.09,0.87,10.9,0.026439289
Wi01-3254,White,23.99,7,7.4,0.18,0.29,1.4,0.042,34,101,0.99384,3.54,0.6,10.5,0.018114334
Wi01-3255,White,13.99,6,6.9,0.24,0.35,1,0.052,35,146,0.993,3.45,0.44,10,0.023741634
Wi01-3256,White,14.99,6,8,0.17,0.29,2.4,0.029,52,119,0.98944,3.03,0.33,12.9,0.027777778
Wi01-3257,White,13.99,6,5,0.33,0.16,1.5,0.049,10,97,0.9917,3.48,0.44,10.7,0.025682117
Wi01-3258,White,20.99,7,7.3,0.19,0.49,15.55,0.058,50,134,0.9998,3.42,0.36,9.1,0.018611957
Wi01-3259,White,18.99,6,6.4,0.17,0.3,2.8,0.034,33,125,0.99152,3.03,0.49,10.4,0.032700149
Wi01-3260,White,13.99,6,7.1,0.3,0.36,6.8,0.055,44.5,234,0.9972,3.49,0.64,10.2,0.03143705
Wi01-3261,White,13.99,6,6.8,0.25,0.34,4.7,0.031,34,134,0.9927,3.21,0.38,10.6,0.029320698
Wi01-3262,White,26.99,8,6.6,0.5,0.26,11.3,0.029,32,110,0.99302,3.27,0.78,12.9,0.015625
Wi01-3263,White,8.99,5,8.4,0.18,0.42,5.1,0.036,7,77,0.9939,3.16,0.52,11.7,0.035068524
Wi01-3264,White,9.99,5,7.6,0.48,0.28,10.4,0.049,57,205,0.99748,3.24,0.45,9.3,0.033915665
Wi01-3265,White,16.99,6,6.3,0.26,0.42,7.1,0.045,62,209,0.99544,3.2,0.53,9.5,0.031774175
Wi01-3266,White,14.99,5,6.8,0.22,0.36,1.2,0.052,38,127,0.9933,3.04,0.54,9.2,0.040160481
Wi01-3267,White,8.99,5,6,0.33,0.26,5.1,0.051,16,119,0.99416,3.15,0.41,9.2,0.034937549
Wi01-3268,White,13.99,6,6.1,0.27,0.28,9.8,0.042,61,125,0.99532,3.14,0.42,10.2,0.033057851
Wi01-3269,White,22.99,7,7.6,0.39,0.32,3.6,0.035,22,93,0.99144,3.08,0.6,12.5,0.019343819
Wi01-3270,White,25.99,7,6.7,0.25,0.33,2.9,0.057,52,173,0.9934,3.02,0.48,9.5,0.022681086
Wi01-3271,White,8.99,5,7.4,0.28,0.25,11.9,0.053,25,148,0.9976,3.1,0.62,9.2,0.039057008
Wi01-3272,White,20.99,7,7.1,0.36,0.37,4.8,0.019,39,114,0.99036,3.08,0.49,12.7,0.019290123
Wi01-3273,White,19.99,7,6.7,0.28,0.34,8.9,0.048,32,111,0.99455,3.25,0.54,11,0.020466597
Wi01-3274,White,11.99,5,7.4,0.31,0.74,10.7,0.039,51,147,0.9977,3.02,0.43,8.7,0.036419789
Wi01-3275,White,26.99,7,9.2,0.25,0.34,1.2,0.026,31,93,0.9916,2.93,0.37,11.3,0.019183401
Wi01-3276,White,19.99,6,5.4,0.17,0.27,2.7,0.049,28,104,0.99224,3.46,0.55,10.3,0.026699133
Wi01-3277,White,14.99,6,6.9,0.22,0.31,6.3,0.029,41,131,0.99326,3.08,0.49,10.8,0.031774175
Wi01-3278,White,14.99,5,6.7,0.42,0.39,12.1,0.04,61,248,0.99794,3.31,0.58,9.7,0.047881484
Wi01-3279,White,14.99,5,7.9,0.16,0.74,17.85,0.037,52,187,0.9998,2.99,0.41,9.3,0.041479835
Wi01-3280,White,18.99,7,6.1,0.16,0.34,6.1,0.034,31,114,0.99365,3.32,0.58,10.13333333,0.020062756
Wi01-3281,White,17.99,6,8.1,0.26,0.27,4.3,0.03,43,123,0.99212,3.16,0.33,11.2,0.027870602
Wi01-3282,White,13.99,5,7.1,0.33,0.64,13.2,0.056,12,105,0.9972,3.05,0.39,9.2,0.036559195
Wi01-3283,White,17.99,6,6.7,0.26,0.3,1.8,0.043,25,121,0.9944,3.44,0.61,10.2,0.026439289
Wi01-3284,White,17.99,6,7.3,0.26,0.3,9.3,0.05,35,154,0.99581,3.21,0.5,10.4,0.025682117
Wi01-3285,White,20.99,7,7.1,0.44,0.23,5.8,0.035,24,100,0.99062,3.15,0.57,13.2,0.020234354
Wi01-3286,White,8.99,5,5.9,0.44,0.33,1.2,0.049,12,117,0.99134,3.46,0.44,11.5,0.034166892
Wi01-3287,White,13.99,5,8.2,0.28,0.42,1.8,0.031,30,93,0.9917,3.09,0.39,11.4,0.044886527
Wi01-3288,White,14.99,6,7.6,0.3,0.27,10.6,0.039,31,119,0.99815,3.27,0.3,9.3,0.032001946
Wi01-3289,White,14.99,6,6.4,0.3,0.36,2,0.052,18,141,0.99273,3.38,0.53,10.5,0.024957012
Wi01-3290,White,24.99,7,8.6,0.265,0.36,1.2,0.034,15,80,0.9913,2.95,0.36,11.4,0.02338
Wi01-3291,White,15.99,6,7,0.14,0.49,5.9,0.053,22,118,0.9954,3.36,0.36,9.4,0.029726516
Wi01-3292,White,9.99,5,7.5,0.31,0.51,14.8,0.039,62,204,0.9982,3.06,0.6,9.5,0.039524286
Wi01-3293,White,17.99,6,5.1,0.165,0.22,5.7,0.047,42,146,0.9934,3.18,0.55,9.9,0.027685416
Wi01-3294,White,11.99,5,8.2,0.17,0.32,1.5,0.05,17,101,0.994,3.14,0.58,9.5,0.044886527
Wi01-3295,White,19.99,6,6.7,0.53,0.29,4.3,0.069,20,114,0.99014,3.22,0.59,13.4,0.032001946
Wi01-3296,White,19.99,6,7.2,0.23,0.82,1.3,0.149,70,109,0.99304,2.93,0.42,9.2,0.028825006
Wi01-3297,White,15.99,6,6.2,0.22,0.3,12.4,0.054,108,152,0.99728,3.1,0.47,9.5,0.024414063
Wi01-3298,White,17.99,6,6.4,0.38,0.2,5.3,0.117,57,181,0.99459,3.24,0.43,9.5,0.024957012
Wi01-3299,White,16.99,6,5,0.33,0.23,11.8,0.03,23,158,0.99322,3.41,0.64,11.8,0.025847541
Wi01-3300,White,12.99,5,8,0.27,0.57,10.4,0.053,18,134,0.99732,3.12,0.68,9,0.034937549
Wi01-3301,White,8.99,5,6.2,0.3,0.32,1.3,0.054,27,183,0.99266,3.3,0.43,10.1,0.034937549
Wi01-3302,White,18.99,6,6.8,0.27,0.24,4.6,0.098,36,127,0.99412,3.15,0.49,9.6,0.027411078
Wi01-3303,White,12.99,5,6.6,0.3,0.3,4.8,0.17,60,166,0.9946,3.18,0.47,9.4,0.04585284
Wi01-3304,White,17.99,6,7.1,0.3,0.46,1.5,0.066,29,133,0.9906,3.12,0.54,12.7,0.029320698
Wi01-3305,White,6.99,4,9.8,0.36,0.46,10.5,0.038,4,83,0.9956,2.89,0.3,10.1,0.05484591
Wi01-3306,White,8.99,5,6,0.23,0.15,9.7,0.048,101,207,0.99571,3.05,0.3,9.1,0.048730806
Wi01-3307,White,14.99,6,6.4,0.2,0.22,7.4,0.032,53,172,0.99404,3.24,0.58,11,0.028533601
Wi01-3308,White,12.99,5,6.9,0.2,0.41,1.1,0.06,36,104,0.99317,2.99,0.39,9.2,0.046248121
Wi01-3309,White,23.99,7,6.5,0.37,0.3,2.2,0.033,39,107,0.98894,3.22,0.53,13.5,0.020408163
Wi01-3310,White,8.99,5,6.9,0.4,0.56,11.2,0.043,40,142,0.9975,3.14,0.46,8.7,0.048091721
Wi01-3311,White,13.99,6,6.8,0.23,0.29,15.4,0.073,56,173,0.9984,3.06,0.41,8.7,0.02576463
Wi01-3312,White,33.99,8,6.2,0.37,0.24,6.1,0.032,19,86,0.98934,3.04,0.26,13.4,0.015241579
Wi01-3313,White,15.99,6,6.8,0.15,0.3,5.3,0.05,40,127,0.9942,3.4,0.39,9.7,0.027870602
Wi01-3314,White,18.99,6,6.9,0.13,0.28,13.3,0.05,47,132,0.99655,3.34,0.42,10.1,0.027140798
Wi01-3315,White,12.99,5,6.1,0.22,0.31,1.4,0.039,40,129,0.99193,3.45,0.59,10.9,0.036982249
Wi01-3316,White,23.99,7,6,0.26,0.29,3.1,0.041,37,144,0.98944,3.22,0.39,12.8,0.022545068
Wi01-3317,White,18.99,6,6.5,0.25,0.32,9.9,0.045,41,128,0.99636,3.18,0.52,9.6,0.030245747
Wi01-3318,White,10.99,5,5.9,0.42,0.36,2.4,0.034,19,77,0.99184,3.25,0.48,10.9,0.042512488
Wi01-3319,White,9.99,4,10.2,0.44,0.88,6.2,0.049,20,124,0.9968,2.99,0.51,9.9,0.049824617
Wi01-3320,White,13.99,6,5.2,0.36,0.02,1.6,0.031,24,104,0.9896,3.44,0.35,12.2,0.032232175
Wi01-3321,White,14.99,5,6.2,0.25,0.47,11.6,0.048,62,210,0.9968,3.19,0.5,9.5,0.042164026
Wi01-3322,White,14.99,6,5.5,0.21,0.25,1.2,0.04,18,75,0.99006,3.31,0.56,11.3,0.028151885
Wi01-3323,White,14.99,5,6.8,0.26,0.44,8.2,0.046,52,183,0.99584,3.2,0.51,9.4,0.0419914
Wi01-3324,White,17.99,6,6.3,0.22,0.33,1.7,0.041,67,164,0.9928,3.32,0.56,10.4,0.031774175
Wi01-3325,White,12.99,5,7.7,0.3,0.42,14.3,0.045,45,213,0.9991,3.18,0.63,9.2,0.038296422
Wi01-3326,White,13.99,5,6.5,0.46,0.41,16.8,0.084,59,222,0.9993,3.18,0.58,9,0.039524286
Wi01-3327,White,19.99,6,7.9,0.12,0.49,5.2,0.049,33,152,0.9952,3.18,0.47,10.6,0.026353517
Wi01-3328,White,14.99,5,6.8,0.18,0.21,5.4,0.053,34,104,0.99445,3.3,0.43,9.4,0.033421455
Wi01-3329,White,18.99,7,7.4,0.16,0.27,15.5,0.05,25,135,0.9984,2.9,0.43,8.7,0.020525283
Wi01-3330,White,9.99,5,6.4,0.27,0.45,8.3,0.05,52,196,0.9955,3.18,0.48,9.5,0.03379109
Wi01-3331,White,18.99,6,6.7,0.51,0.24,2.1,0.043,14,155,0.9904,3.22,0.6,13,0.024722123
Wi01-3332,White,18.99,7,7.4,0.16,0.27,15.5,0.05,25,135,0.9984,2.9,0.43,8.7,0.01902497
Wi01-3333,White,33.99,8,5.8,0.21,0.32,1.6,0.045,38,95,0.98946,3.23,0.94,12.4,0.01448098
Wi01-3334,White,11.99,5,6,0.14,0.37,1.2,0.032,63,148,0.99185,3.32,0.44,11.2,0.036699403
Wi01-3335,White,18.99,6,7.4,0.37,0.35,5.7,0.061,12,94,0.9965,3.48,0.69,10.7,0.024567369
Wi01-3336,White,10.99,5,7,0.39,0.21,10.7,0.098,13,91,0.99657,3.03,0.47,9.3,0.034293553
Wi01-3337,White,13.99,6,6.3,0.33,0.42,17.2,0.037,57,170,0.99884,3.26,0.57,9.4,0.024037017
Wi01-3338,White,19.99,6,6.4,0.25,0.32,5.5,0.049,41,176,0.995,3.19,0.68,9.2,0.024111724
Wi01-3339,White,16.99,6,7.6,0.26,0.32,1.3,0.048,23,76,0.9903,2.96,0.46,12,0.030995834
Wi01-3340,White,18.99,6,9.2,0.27,0.34,10.5,0.043,49,228,0.9974,3.04,0.41,10.4,0.031105263
Wi01-3341,White,13.99,5,6.9,0.44,0.18,11.8,0.051,26,126,0.9975,3.23,0.48,9.1,0.035870064
Wi01-3342,White,14.99,5,7.2,0.2,0.25,4.5,0.044,31,109,0.9949,3.23,0.36,9.4,0.034548997
Wi01-3343,White,13.99,6,7.4,0.27,0.48,1.1,0.047,17,132,0.9914,3.19,0.49,11.6,0.024414063
Wi01-3344,White,18.99,6,8.5,0.21,0.26,9.25,0.034,73,142,0.9945,3.05,0.37,11.4,0.025355998
Wi01-3345,White,12.99,5,9.8,0.31,0.49,15.4,0.046,13,119,1.0004,3.18,0.45,9.5,0.033421455
Wi01-3346,White,8.99,5,7.2,0.39,0.62,11,0.047,66,178,0.9976,3.16,0.5,8.7,0.04432133
Wi01-3347,White,14.99,5,7.7,0.34,0.58,11.1,0.039,41,151,0.9978,3.06,0.49,8.6,0.036699403
Wi01-3348,White,19.99,6,6.3,0.24,0.29,13.7,0.035,53,134,0.99567,3.17,0.38,10.6,0.029021763
Wi01-3349,White,24.99,7,7.2,0.32,0.24,5.6,0.033,23,120,0.99334,2.92,0.66,10.3,0.022956841
Wi01-3350,White,8.99,4,9.2,0.28,0.49,11.8,0.042,29,137,0.998,3.1,0.34,10.1,0.080707645
Wi01-3351,White,11.99,5,7.1,0.14,0.35,1.4,0.039,24,128,0.99212,2.97,0.68,10.4,0.044696932
Wi01-3352,White,14.99,5,5.1,0.52,0.06,2.7,0.052,30,79,0.9932,3.32,0.43,9.3,0.046248121
Wi01-3353,White,16.99,6,6.8,0.22,0.3,10.6,0.07,67,194,0.99654,2.89,0.42,9,0.023814967
Wi01-3354,White,18.99,6,6.1,0.41,0.24,1.6,0.049,16,137,0.993,3.32,0.5,10.4,0.030778701
Wi01-3355,White,17.99,6,6.9,0.22,0.49,7,0.063,50,168,0.9957,3.54,0.5,10.3,0.02480005
Wi01-3356,White,19.99,6,7.3,0.22,0.37,14.3,0.063,48,191,0.9978,2.89,0.38,9,0.024878345
Wi01-3357,White,12.99,5,6.2,0.31,0.23,3.3,0.052,34,113,0.99429,3.16,0.48,8.4,0.033057851
Wi01-3358,White,8.99,5,6.4,0.5,0.16,12.9,0.042,26,138,0.9974,3.28,0.33,9,0.0336672
Wi01-3359,White,26.99,7,6.3,0.23,0.21,5.1,0.035,29,142,0.9942,3.36,0.33,10.1,0.021947874
Wi01-3360,White,14.99,6,6.3,0.26,0.42,7.1,0.045,62,209,0.99544,3.2,0.53,9.5,0.027593514
Wi01-3361,White,10.99,5,7.6,0.28,0.17,1.6,0.046,28,117,0.99288,3.08,0.43,10,0.04233772
Wi01-3362,White,15.99,6,7.4,0.19,0.3,1.4,0.057,33,135,0.993,3.12,0.5,9.6,0.032700149
Wi01-3363,White,10.99,5,6.5,0.27,0.4,10,0.039,74,227,0.99582,3.18,0.5,9.4,0.044696932
Wi01-3364,White,16.99,6,7.6,0.16,0.44,1.4,0.043,25,109,0.9932,3.11,0.75,10.3,0.030886981
Wi01-3365,White,11.99,5,7,0.47,0.07,1.1,0.035,17,151,0.991,3.02,0.34,10.5,0.048946668
Wi01-3366,White,19.99,7,5.8,0.3,0.38,4.9,0.039,22,86,0.98963,3.23,0.58,13.1,0.018868494
Wi01-3367,White,18.99,6,6,0.25,0.4,5.7,0.052,56,152,0.99398,3.16,0.88,10.5,0.032464897
Wi01-3368,White,17.99,6,6.4,0.15,0.4,1.3,0.053,61,146,0.99112,3.17,0.68,11,0.023668639
Wi01-3369,White,18.99,7,7.4,0.16,0.3,13.7,0.056,33,168,0.99825,2.9,0.44,8.7,0.021187832
Wi01-3370,White,12.99,5,7.1,0.28,0.31,1.5,0.053,20,98,0.99069,3.15,0.5,11.4,0.036699403
Wi01-3371,White,22.99,7,6.8,0.475,0.33,3.95,0.047,16,81,0.98988,3.23,0.53,13.4,0.021626298
Wi01-3372,White,13.99,5,6.6,0.905,0.19,0.8,0.048,17,204,0.9934,3.34,0.56,10,0.033915665
Wi01-3373,White,12.99,5,6.7,0.18,0.3,6.4,0.048,40,251,0.9956,3.29,0.52,10,0.036982249
Wi01-3374,White,18.99,7,7.5,0.16,0.38,12.7,0.043,70.5,163,0.99706,3.15,0.82,10.4,0.023523655
Wi01-3375,White,15.99,6,6.6,0.22,0.29,14.4,0.046,39,118,0.99834,3.05,0.5,9.1,0.030670989
Wi01-3376,White,23.99,7,6.8,0.3,0.29,6.2,0.025,29,95,0.99071,3.03,0.32,12.9,0.020702862
Wi01-3377,White,25.99,7,6.1,0.16,0.34,6.1,0.034,31,114,0.99365,3.32,0.58,10.15,0.021499643
Wi01-3378,White,18.99,6,6.6,0.3,0.25,8,0.036,21,124,0.99362,3.06,0.38,10.8,0.02576463
Wi01-3379,White,11.99,5,6.2,0.25,0.44,15.8,0.057,39,167,0.99804,3.14,0.51,9.2,0.039057008
Wi01-3380,White,14.99,6,8.3,0.16,0.37,7.9,0.025,38,107,0.99306,2.93,0.37,11.9,0.031887755
Wi01-3381,White,13.99,6,5.9,0.2,0.4,1.3,0.047,23,92,0.99232,3.2,0.45,10,0.024722123
Wi01-3382,White,9.99,5,6.4,0.24,0.32,0.95,0.041,23,131,0.99033,3.25,0.35,11.8,0.040812162
Wi01-3383,White,13.99,5,6.1,0.22,0.23,3.1,0.052,15,104,0.9948,3.14,0.42,8.7,0.038903089
Wi01-3384,White,18.99,6,7.2,0.39,0.63,11,0.044,55,156,0.9974,3.09,0.44,8.7,0.026612094
Wi01-3385,White,17.99,6,6.6,0.22,0.3,14.7,0.045,50,136,0.99704,3.14,0.37,10.6,0.029220542
Wi01-3386,White,14.99,6,8.8,0.33,0.36,2.1,0.034,19,125,0.99166,2.96,0.98,12.7,0.02750207
Wi01-3387,White,21.99,7,6,0.29,0.27,2.3,0.044,20,117,0.9895,3.31,0.41,12.7,0.018017206
Wi01-3388,White,11.99,5,6.6,0.22,0.37,1.6,0.04,31,101,0.99009,3.15,0.66,12,0.045462605
Wi01-3389,White,15.99,6,8.4,0.35,0.56,13.8,0.048,55,190,0.9993,3.07,0.58,9.4,0.024037017
Wi01-3390,White,16.99,6,6.4,0.42,0.46,8.4,0.05,58,180,0.99495,3.18,0.46,9.7,0.032001946
Wi01-3391,White,13.99,6,6,0.17,0.29,5,0.028,25,108,0.99076,3.14,0.34,12.3,0.031325867
Wi01-3392,White,13.99,5,5.8,0.33,0.23,5,0.053,29,106,0.99458,3.13,0.52,9,0.039367599
Wi01-3393,White,17.99,6,6.5,0.23,0.45,2.1,0.027,43,104,0.99054,3.02,0.52,11.3,0.026962826
Wi01-3394,White,14.99,6,6.9,0.19,0.32,7.9,0.042,30,130,0.99456,3.4,0.39,10.5,0.032937968
Wi01-3395,White,16.99,6,7,0.2,0.31,8,0.05,29,213,0.99596,3.28,0.57,10.4,0.026962826
Wi01-3396,White,13.99,6,6.9,0.3,0.25,3.3,0.041,26,124,0.99428,3.18,0.5,9.3,0.024262187
Wi01-3397,White,15.99,6,7.5,0.14,0.34,1.3,0.055,50,153,0.9945,3.29,0.8,9.6,0.029120898
Wi01-3398,White,20.99,7,5.6,0.26,0.27,10.6,0.03,27,119,0.9947,3.4,0.34,10.7,0.020062756
Wi01-3399,White,23.99,7,7,0.22,0.31,2.7,0.03,41,136,0.9898,3.16,0.37,12.7,0.020584221
Wi01-3400,White,11.99,5,6,0.42,0.41,12.4,0.032,50,179,0.99622,3.14,0.6,9.7,0.03379109
Wi01-3401,White,17.99,6,5,0.33,0.16,1.5,0.049,10,97,0.9917,3.48,0.44,10.7,0.024262187
Wi01-3402,White,19.99,6,6.7,0.33,0.34,6.6,0.067,35,156,0.99542,3.11,0.48,9.3,0.031548827
Wi01-3403,White,19.99,7,7.2,0.36,0.36,5.7,0.038,26,98,0.9914,2.93,0.59,12.5,0.018920438
Wi01-3404,White,14.99,5,7.3,0.25,0.29,7.5,0.049,38,158,0.9965,3.43,0.38,9.6,0.033915665
Wi01-3405,White,18.99,6,7.1,0.28,0.26,2.8,0.039,50,118,0.9908,3.06,0.59,11.2,0.029320698
Wi01-3406,White,19.99,6,7.1,0.17,0.38,7.4,0.052,49,182,0.9958,3.35,0.52,9.6,0.025036052
Wi01-3407,White,9.99,5,6.3,0.3,0.2,3.7,0.039,34,132,0.99158,3,0.38,10.7,0.033421455
Wi01-3408,White,19.99,6,6.3,0.26,0.29,2.2,0.043,35,175,0.9918,3.38,0.43,11.6,0.031325867
Wi01-3409,White,14.99,5,7.6,0.285,0.32,14.6,0.063,32,201,0.998,3,0.45,9.2,0.04432133
Wi01-3410,White,18.99,6,7.1,0.18,0.26,1.3,0.041,20,71,0.9926,3.04,0.74,9.9,0.0316612
Wi01-3411,White,26.99,7,6.9,0.25,0.26,5.2,0.024,36,135,0.9948,3.16,0.72,10.7,0.019397739
Wi01-3412,White,17.99,6,6.9,0.34,0.49,7.3,0.045,61,206,0.9957,3.09,0.4,9,0.026786599
Wi01-3413,White,16.99,6,7.6,0.19,0.37,13.1,0.033,52,151,0.99726,3.18,0.79,10.4,0.027593514
Wi01-3414,White,26.99,7,6.9,0.31,0.32,1.6,0.036,34,114,0.99068,3.19,0.45,11.4,0.022887433
Wi01-3415,White,27.99,8,6.1,0.28,0.27,4.7,0.03,56,140,0.99042,3.16,0.42,12.5,0.013906194
Wi01-3416,White,19.99,6,6.1,0.15,0.29,6.2,0.046,39,151,0.99471,3.6,0.44,10.6,0.023962657
Wi01-3417,White,25.99,7,5.8,0.28,0.28,4.2,0.044,52,158,0.992,3.35,0.44,10.7,0.020943242
Wi01-3418,White,14.99,6,6.6,0.24,0.28,6.7,0.032,26,91,0.99172,3.13,0.32,12.3,0.031325867
Wi01-3419,White,37.99,8,7.6,0.2,0.3,14.2,0.056,53,212.5,0.999,3.14,0.46,8.9,0.014411527
Wi01-3420,White,24.99,7,5.9,0.4,0.32,6,0.034,50,127,0.992,3.51,0.58,12.5,0.01902497
Wi01-3421,White,14.99,6,7.9,0.27,0.27,1.7,0.034,25,122,0.99088,2.97,0.51,11.9,0.024262187
Wi01-3422,White,5.99,3,7.1,0.49,0.22,2,0.047,146.5,307.5,0.9924,3.24,0.37,11,0.114134405
Wi01-3423,White,18.99,6,7.2,0.4,0.38,2.2,0.03,40,109,0.99075,3.27,0.46,12.6,0.030563842
Wi01-3424,White,13.99,5,6.6,0.19,0.33,1.8,0.035,42,148,0.99196,3.15,0.36,10.2,0.041311389
Wi01-3425,White,14.99,6,7.5,0.24,0.31,13.1,0.05,26,180,0.99884,3.05,0.53,9.1,0.023814967
Wi01-3426,White,16.99,6,7.2,0.32,0.4,8.7,0.038,45,154,0.99568,3.2,0.47,10.4,0.031887755
Wi01-3427,White,13.99,5,7.6,0.35,0.46,14.7,0.047,33,151,0.99709,3.03,0.53,10.3,0.035870064
Wi01-3428,White,16.99,6,7.8,0.3,0.29,16.85,0.054,23,135,0.9998,3.16,0.38,9,0.03143705
Wi01-3429,White,17.99,6,6.1,0.27,0.32,1.1,0.034,24,110,0.9898,3.36,0.4,12.5,0.028923134
Wi01-3430,White,12.99,5,6.6,0.34,0.18,6.4,0.082,47,240,0.9971,3.42,0.48,9.2,0.043043336
Wi01-3431,White,26.99,7,6.1,0.33,0.3,3,0.036,30,124,0.98922,3.31,0.4,13.1,0.018868494
Wi01-3432,White,30.99,8,5.2,0.44,0.04,1.4,0.036,43,119,0.9894,3.36,0.33,12.1,0.01652117
Wi01-3433,White,16.99,6,7.5,0.14,0.34,1.3,0.055,50,153,0.9945,3.29,0.8,9.6,0.028533601
Wi01-3434,White,8.99,5,6.8,0.21,0.55,14.6,0.053,34,159,0.99805,2.93,0.44,9.2,0.040977561
Wi01-3435,White,14.99,6,6.9,0.22,0.31,6.3,0.029,41,131,0.99326,3.08,0.49,10.8,0.031887755
Wi01-3436,White,16.99,6,6.5,0.25,0.27,17.4,0.064,29,140,0.99776,3.2,0.49,10.1,0.025518276
Wi01-3437,White,21.99,7,6.8,0.18,0.35,5.4,0.054,53,143,0.99287,3.1,0.54,11,0.022545068
Wi01-3438,White,21.99,7,6.6,0.21,0.29,5.35,0.029,43,106,0.99112,2.93,0.43,11.5,0.020822532
Wi01-3439,White,17.99,6,5.9,0.36,0.41,1.3,0.047,45,104,0.9917,3.33,0.51,10.6,0.025847541
Wi01-3440,White,12.99,5,6.8,0.3,0.24,6.6,0.123,35,116,0.9953,3.07,0.48,9.4,0.041649313
Wi01-3441,White,9.99,5,6.2,0.24,0.22,7.9,0.053,45,149,0.99545,3.23,0.52,9.3,0.036143359
Wi01-3442,White,18.99,6,6.7,0.27,0.69,1.2,0.176,36,106,0.99288,2.96,0.43,9.2,0.025115468
Wi01-3443,White,11.99,5,6.3,0.27,0.18,7.7,0.048,45,186,0.9962,3.23,0.47,9,0.047881484
Wi01-3444,White,13.99,6,8.1,0.19,0.58,16.65,0.049,48,181,1.0006,3.2,0.62,9.1,0.026786599
Wi01-3445,White,13.99,5,6.4,0.28,0.45,8.6,0.057,47,223,0.99654,3.16,0.51,9.1,0.035200237
Wi01-3446,White,18.99,7,8.4,0.24,0.49,7.4,0.039,46,108,0.9934,3.03,0.33,11.9,0.021249649
Wi01-3447,White,7.99,4,5.8,0.28,0.18,1.2,0.058,7,108,0.99288,3.23,0.58,9.55,0.063769003
Wi01-3448,White,21.99,7,6,0.24,0.28,3.95,0.038,61,134,0.99146,3.3,0.54,11.3,0.019726045
Wi01-3449,White,10.99,5,7.7,0.25,0.3,7.8,0.038,67,196,0.99555,3.1,0.5,10.1,0.045269353
Wi01-3450,White,14.99,6,7.7,0.23,0.31,10.7,0.038,59,186,0.9969,3.12,0.55,9.5,0.026786599
Wi01-3451,White,15.99,6,6.4,0.36,0.2,5.7,0.118,61,172,0.9946,3.24,0.43,9.5,0.027870602
Wi01-3452,White,14.99,5,7.2,0.4,0.24,8.5,0.055,45,151,0.99626,3.2,0.52,9.2,0.049163967
Wi01-3453,White,17.99,6,6.4,0.5,0.2,2.4,0.059,19,112,0.99314,3.18,0.4,9.2,0.024567369
Wi01-3454,White,17.99,6,7.1,0.37,0.3,6.2,0.04,49,139,0.99021,3.17,0.27,13.6,0.02480005
Wi01-3455,White,13.99,6,6.6,0.22,0.28,4.9,0.042,51,180,0.9952,3.3,0.75,9.5,0.028246593
Wi01-3456,White,20.99,7,6.3,0.15,0.3,1.4,0.022,38,100,0.99099,3.42,0.57,11.4,0.018972596
Wi01-3457,White,9.99,4,6.8,0.27,0.29,4.6,0.046,6,88,0.99458,3.34,0.48,10.6,0.051186503
Wi01-3458,White,15.99,6,6.9,0.19,0.49,6.6,0.036,49,172,0.9932,3.2,0.27,11.5,0.030886981
Wi01-3459,White,14.99,5,6.8,0.51,0.3,4.2,0.066,38,165,0.9945,3.2,0.42,9.1,0.044135301
Wi01-3460,White,15.99,6,5.8,0.23,0.2,2,0.043,39,154,0.99226,3.21,0.39,10.2,0.028923134
Wi01-3461,White,16.99,6,6.5,0.32,0.23,1.2,0.054,39,208,0.99272,3.18,0.46,9.9,0.029932592
Wi01-3462,White,14.99,6,7.2,0.23,0.38,14.3,0.058,55,194,0.9979,3.09,0.44,9,0.024878345
Wi01-3463,White,21.99,7,6.7,0.21,0.49,1.4,0.047,30,114,0.9914,2.92,0.42,10.8,0.022612923
Wi01-3464,White,19.99,7,6.4,0.16,0.25,1.4,0.057,21,125,0.99091,3.23,0.44,11.1,0.01831096
Wi01-3465,White,14.99,6,5.1,0.35,0.26,6.8,0.034,36,120,0.99188,3.38,0.4,11.5,0.026962826
Wi01-3466,White,14.99,6,6.9,0.26,0.29,4.2,0.043,33,114,0.9902,3.16,0.31,12.5,0.028341779
Wi01-3467,White,9.99,5,6.1,0.2,0.4,1.9,0.028,32,138,0.9914,3.26,0.72,11.7,0.0336672
Wi01-3468,White,8.99,5,5.6,0.19,0.27,0.9,0.04,52,103,0.99026,3.5,0.39,11.2,0.046447681
Wi01-3469,White,16.99,6,8,0.26,0.28,4.8,0.05,34,150,0.99437,3.13,0.5,10,0.026699133
Wi01-3470,White,15.99,6,6.7,0.13,0.29,5.3,0.051,31,122,0.9944,3.44,0.37,9.7,0.028057653
Wi01-3471,White,16.99,6,7.5,0.4,1,19.5,0.041,33,148,0.9977,3.24,0.38,12,0.032232175
Wi01-3472,White,17.99,6,6.5,0.31,0.61,13,0.053,31,123,0.99708,3.09,0.5,9.3,0.025436943
Wi01-3473,White,19.99,7,7.2,0.16,0.29,1,0.031,40,123,0.98958,3.12,0.4,12.1,0.020006042
Wi01-3474,White,18.99,6,8.1,0.28,0.49,1,0.04,32,148,0.9936,3.13,0.41,10,0.030670989
Wi01-3475,White,14.99,5,7.1,0.26,0.19,8.2,0.051,53,187,0.996,3.16,0.52,9.7,0.035870064
Wi01-3476,White,13.99,5,6.6,0.56,0.22,8.9,0.034,27,133,0.99675,3.2,0.51,9.1,0.04032193
Wi01-3477,White,20.99,7,7.1,0.18,0.36,1.4,0.043,31,87,0.9898,3.26,0.37,12.7,0.02359598
Wi01-3478,White,17.99,6,6.8,0.52,0.32,13.2,0.044,54,221,0.9972,3.27,0.5,9.6,0.02609869
Wi01-3479,White,18.99,6,6.1,0.28,0.24,19.95,0.074,32,174,0.99922,3.19,0.44,9.3,0.032582205
Wi01-3480,White,9.99,5,5.9,0.26,0.27,18.2,0.048,52,168,0.9993,3.35,0.44,9.4,0.043766741
Wi01-3481,White,11.99,5,6.2,0.25,0.54,7,0.046,58,176,0.99454,3.19,0.7,10.4,0.035734578
Wi01-3482,White,7.99,4,7.6,0.33,0.36,2.1,0.034,26,172,0.9944,3.42,0.48,10.5,0.072652771
Wi01-3483,White,19.99,6,6.1,0.38,0.2,6.6,0.033,25,137,0.9938,3.3,0.69,10.4,0.029932592
Wi01-3484,White,14.99,5,6.8,0.28,0.4,22,0.048,48,167,1.001,2.93,0.5,8.7,0.048091721
Wi01-3485,White,21.99,7,6.6,0.21,0.31,11.4,0.039,46,165,0.99795,3.41,0.44,9.8,0.022210327
Wi01-3486,White,13.99,6,6.2,0.24,0.28,12.2,0.049,54,133,0.9952,3.19,0.37,10.7,0.024957012
Wi01-3487,White,14.99,6,6.8,0.14,0.18,1.4,0.047,30,90,0.99164,3.27,0.54,11.2,0.026699133
Wi01-3488,White,14.99,6,6.7,0.39,0.31,2.7,0.054,27,202,0.9948,3.46,0.57,10.5,0.024722123
Wi01-3489,White,14.99,5,7.3,0.25,0.26,7.2,0.048,52,207,0.99587,3.12,0.37,9.2,0.034807307
Wi01-3490,White,8.99,5,8.7,0.24,0.35,0.6,0.042,11,71,0.9926,3.08,0.38,10.6,0.037412688
Wi01-3491,White,16.99,6,7,0.22,0.24,11,0.041,75,167,0.99508,2.98,0.56,10.5,0.030995834
Wi01-3492,White,15.99,6,5.7,0.16,0.26,6.3,0.043,28,113,0.9936,3.06,0.58,9.9,0.025682117
Wi01-3493,White,15.99,6,6.9,0.25,0.35,9.2,0.034,42,150,0.9947,3.21,0.36,11.5,0.02480005
Wi01-3494,White,13.99,6,6.1,0.24,0.25,1.6,0.044,24,115,0.9921,3.39,0.59,10.9,0.029320698
Wi01-3495,White,12.99,5,6.4,0.35,0.2,5.7,0.034,18,117,0.9944,3.33,0.43,10.1,0.047672623
Wi01-3496,White,23.99,7,7.8,0.28,0.34,1.6,0.028,32,118,0.9901,3,0.38,12.1,0.019837334
Wi01-3497,White,9.99,5,7.2,0.23,0.25,18.8,0.085,19,111,1.00044,3.1,0.51,8.7,0.040160481
Wi01-3498,White,18.99,6,7.8,0.27,0.58,11.2,0.036,44,161,0.9977,3.06,0.41,8.9,0.028246593
Wi01-3499,White,11.99,5,7.8,0.28,0.31,2.1,0.046,28,208,0.99434,3.23,0.64,9.8,0.040977561
Wi01-3500,White,24.99,7,6.1,0.17,0.28,2.5,0.028,22,98,0.99072,3.16,0.37,11.1,0.022681086
Wi01-3501,White,11.99,5,6.9,0.19,0.33,1.6,0.043,63,149,0.9925,3.44,0.52,10.8,0.040160481
Wi01-3502,White,18.99,6,6.2,0.28,0.33,1.7,0.029,24,111,0.99,3.24,0.5,12.1,0.023741634
Wi01-3503,White,8.99,5,6.5,0.35,0.31,10.2,0.069,58,170,0.99692,3.18,0.49,9.4,0.040484355
Wi01-3504,White,19.99,7,6.3,0.34,0.27,2.5,0.024,40,152,0.99095,3.35,0.6,11.9,0.019949567
Wi01-3505,White,24.99,7,5.8,0.28,0.34,4,0.031,40,99,0.9896,3.39,0.39,12.8,0.019949567
Wi01-3506,White,15.99,6,7.3,0.28,0.54,12.9,0.049,62,162.5,0.9984,3.06,0.45,9.1,0.024337947
Wi01-3507,White,23.99,7,5.6,0.28,0.4,6.1,0.034,36,118,0.99144,3.21,0.43,12.1,0.023451663
Wi01-3508,White,8.99,5,8,0.28,0.42,7.1,0.045,41,169,0.9959,3.17,0.43,10.6,0.036840418
Wi01-3509,White,13.99,6,6.8,0.15,0.41,12.9,0.044,79.5,183,0.99742,3.24,0.78,10.2,0.027320538
Wi01-3510,White,16.99,6,7.4,0.26,0.31,7.6,0.047,52,177,0.9962,3.13,0.45,8.9,0.031887755
Wi01-3511,White,15.99,6,8.7,0.45,0.4,1.5,0.067,17,100,0.9957,3.27,0.57,10.1,0.02418678
Wi01-3512,White,16.99,6,8.5,0.32,0.36,14.9,0.041,47,190,0.9982,3.08,0.31,10,0.027320538
Wi01-3513,White,13.99,6,8.6,0.16,0.38,3.4,0.04,41,143,0.9932,2.95,0.39,10.2,0.026439289
Wi01-3514,White,11.99,5,5.8,0.34,0.21,7.2,0.041,48,146,0.99441,3.16,0.49,9.8,0.048091721
Wi01-3515,White,11.99,5,6.8,0.29,0.34,3.5,0.054,26,189,0.99489,3.42,0.58,10.4,0.038597967
Wi01-3516,White,14.99,6,6.2,0.27,0.26,12.1,0.046,43,127,0.9951,3.16,0.37,10.8,0.032937968
Wi01-3517,White,12.99,5,6.7,0.41,0.34,9.2,0.049,29,150,0.9968,3.22,0.51,9.1,0.040484355
Wi01-3518,White,17.99,6,6.8,0.15,0.41,12.9,0.044,79.5,183,0.99742,3.24,0.78,10.2,0.025195263
Wi01-3519,White,19.99,7,8.6,0.2,0.42,1.5,0.041,35,125,0.9925,3.11,0.49,11.4,0.020292043
Wi01-3520,White,17.99,6,7.8,0.3,0.74,1.8,0.033,33,156,0.991,3.29,0.52,12.8,0.024111724
Wi01-3521,White,13.99,5,6.8,0.29,0.5,13.3,0.053,48,194,0.9974,3.09,0.45,9.4,0.040484355
Wi01-3522,White,14.99,5,6.6,0.27,0.33,1.4,0.042,24,183,0.99215,3.29,0.46,10.7,0.040977561
Wi01-3523,White,11.99,5,7.5,0.27,0.31,5.8,0.057,131,313,0.9946,3.18,0.59,10.5,0.038146973
Wi01-3524,White,12.99,5,7.3,0.25,0.29,7.5,0.049,38,158,0.9965,3.43,0.38,9.6,0.044886527
Wi01-3525,White,10.99,5,7.7,0.18,0.3,1.2,0.046,49,199,0.99413,3.03,0.38,9.3,0.047465125
Wi01-3526,White,14.99,6,6.5,0.29,0.26,7,0.04,18,113,0.99366,3.17,0.38,10.2,0.024567369
Wi01-3527,White,14.99,5,6,0.32,0.46,1.5,0.05,56,189,0.99308,3.24,0.49,9.6,0.037850687
Wi01-3528,White,16.99,6,6.4,0.24,0.27,1.5,0.04,35,105,0.98914,3.13,0.3,12.4,0.02750207
Wi01-3529,White,12.99,5,6.6,0.32,0.33,2.5,0.052,40,210,0.99316,3.15,0.6,10,0.037124899
Wi01-3530,White,25.99,7,6.6,0.23,0.24,3.9,0.045,36,138,0.9922,3.15,0.64,11.3,0.019397739
Wi01-3531,White,14.99,6,6.1,0.27,0.32,1.1,0.034,24,110,0.9898,3.36,0.4,12.5,0.028825006
Wi01-3532,White,14.99,6,5.9,0.44,0.36,2.5,0.03,12,73,0.99201,3.22,0.48,10.8,0.025355998
Wi01-3533,White,14.99,6,7.4,0.25,0.36,13.2,0.067,53,178,0.9976,3.01,0.48,9,0.032582205
Wi01-3534,White,20.99,7,8,0.57,0.39,3.9,0.034,22,122,0.9917,3.29,0.67,12.8,0.023096608
Wi01-3535,White,13.99,5,6.4,0.32,0.26,7.9,0.05,53,180,0.99514,3.14,0.5,9.6,0.039367599
Wi01-3536,White,9.99,5,7.4,0.24,0.29,10.1,0.05,21,105,0.9962,3.13,0.35,9.5,0.045657097
Wi01-3537,White,18.99,6,5.4,0.15,0.32,2.5,0.037,10,51,0.98878,3.04,0.58,12.6,0.028923134
Wi01-3538,White,15.99,6,8.2,0.3,0.44,12.4,0.043,52,154,0.99452,3.04,0.33,12,0.031105263
Wi01-3539,White,20.99,7,6.9,0.19,0.35,1.7,0.036,33,101,0.99315,3.21,0.54,10.8,0.019670751
Wi01-3540,White,21.99,7,6.9,0.3,0.45,1.4,0.039,36,122,0.99059,3.07,0.47,11.1,0.022410269
Wi01-3541,White,9.99,5,6.6,0.26,0.46,7.8,0.047,48,186,0.9958,3.2,0.54,9.1,0.047881484
Wi01-3542,White,17.99,6,5.1,0.3,0.3,2.3,0.048,40,150,0.98944,3.29,0.46,12.2,0.032464897
Wi01-3543,White,15.99,6,8.4,0.2,0.38,11.8,0.055,51,170,1.0004,3.34,0.82,8.9,0.02942137
Wi01-3544,White,26.99,7,6.8,0.18,0.3,12.8,0.062,19,171,0.99808,3,0.52,9,0.021126284
Wi01-3545,White,8.99,4,6.9,0.41,0.22,4.2,0.031,10,102,0.993,3,0.86,11.6,0.073046019
Wi01-3546,White,8.99,5,6.5,0.23,0.2,7.5,0.05,44,179,0.99504,3.18,0.48,9.533333333,0.047881484
Wi01-3547,White,16.99,6,6.4,0.3,0.51,5.5,0.048,62,172,0.9942,3.08,0.45,9.1,0.028341779
Wi01-3548,White,17.99,6,6.9,0.32,0.26,2.3,0.03,11,103,0.99106,3.06,0.42,11.1,0.026874496
Wi01-3549,White,12.99,5,6.1,0.34,0.24,18.35,0.05,33,184,0.99943,3.12,0.61,9.3,0.04585284
Wi01-3550,White,14.99,6,7,0.16,0.25,14.3,0.044,27,149,0.998,2.91,0.46,9.2,0.030036434
Wi01-3551,White,16.99,6,7,0.29,0.49,3.8,0.047,37,136,0.9938,2.95,0.4,9.4,0.024644564
Wi01-3552,White,15.99,6,6.7,0.24,0.36,8.4,0.042,42,123,0.99473,3.34,0.52,10.9,0.026014568
Wi01-3553,White,20.99,7,6.5,0.3,0.32,2,0.044,34,90,0.99185,3.37,0.68,11,0.022410269
Wi01-3554,White,22.99,7,7.2,0.21,0.28,2.7,0.033,38,94,0.99075,2.99,0.43,11.8,0.018212249
Wi01-3555,White,11.99,5,6.6,0.22,0.53,15.1,0.052,22,136,0.9986,2.94,0.35,9.4,0.03329959
Wi01-3556,White,8.99,5,6.9,0.4,0.17,12.9,0.033,59,186,0.99754,3.08,0.49,9.4,0.041819832
Wi01-3557,White,25.99,7,7.3,0.26,0.33,17.85,0.049,41.5,195,1,3.06,0.44,9.1,0.017777778
Wi01-3558,White,13.99,5,6.8,0.3,0.23,4.6,0.061,50.5,238.5,0.9958,3.32,0.6,9.5,0.040977561
Wi01-3559,White,14.99,6,6.6,0.17,0.35,2.6,0.03,33,78,0.99146,3.22,0.72,11.3,0.028341779
Wi01-3560,White,8.99,5,7.5,0.29,0.36,15.7,0.05,29,124,0.9968,3.06,0.54,10.4,0.038597967
Wi01-3561,White,23.99,7,6.9,0.3,0.49,7.6,0.057,25,156,0.9962,3.43,0.63,11,0.020702862
Wi01-3562,White,35.99,8,6.6,0.15,0.32,6,0.033,59,128,0.99192,3.19,0.71,12.1,0.01695421
Wi01-3563,White,11.99,5,6,0.36,0.06,1.4,0.066,27,128,0.9934,3.26,0.55,9.3,0.0419914
Wi01-3564,White,14.99,5,7.2,0.21,0.41,1.3,0.036,33,85,0.992,3.17,0.51,10.4,0.039211842
Wi01-3565,White,10.99,5,7.2,0.585,0.2,10.4,0.086,17,94,0.99681,3.13,0.4,9.4,0.044696932
Wi01-3566,White,16.99,6,6.4,0.17,0.34,1.5,0.093,43,136,0.9938,3.25,0.49,9.6,0.026268161
Wi01-3567,White,18.99,6,6.8,0.19,0.71,17.5,0.042,21,114,0.99784,2.85,0.5,9.5,0.030563842
Wi01-3568,White,18.99,6,6.4,0.22,0.32,12,0.066,57,158,0.9992,3.6,0.43,9,0.026786599
Wi01-3569,White,14.99,6,7.2,0.24,0.36,2,0.029,21,63,0.99076,3.13,0.63,12.5,0.024722123
Wi01-3570,White,15.99,6,7,0.28,0.33,14.6,0.043,47,168,0.9994,3.34,0.67,8.8,0.032232175
Wi01-3571,White,18.99,6,7.5,0.42,0.2,1.4,0.06,15,168,0.9944,3.06,0.4,9.4,0.025682117
Wi01-3572,White,14.99,6,7.6,0.17,0.35,1.6,0.047,43,154,0.9934,3.36,0.69,11.1,0.025036052
Wi01-3573,White,16.99,6,7,0.22,0.33,2.1,0.052,15,76,0.993,3.2,0.41,10.6,0.031105263
Wi01-3574,White,19.99,7,7.4,0.16,0.27,15.5,0.05,25,135,0.9984,2.9,0.43,8.7,0.021003991
Wi01-3575,White,19.99,6,7,0.26,0.34,10.9,0.038,25,84,0.99432,3.11,0.34,10.9,0.024337947
Wi01-3576,White,13.99,5,5.7,0.46,0.46,1.4,0.04,31,169,0.9932,3.13,0.47,8.8,0.036006323
Wi01-3577,White,17.99,6,7.3,0.22,0.26,1.5,0.04,32,172,0.99194,3.27,0.48,11.2,0.025355998
Wi01-3578,White,16.99,6,6.2,0.3,0.28,1.6,0.036,28,106,0.988245,3.14,0.41,13.3,0.023741634
Wi01-3579,White,26.99,7,5.7,0.18,0.36,1.2,0.046,9,71,0.99199,3.7,0.68,10.9,0.019560859
Wi01-3580,White,10.99,5,6.9,0.25,0.24,1.8,0.053,6,121,0.993,3.23,0.7,11.4,0.040977561
Wi01-3581,White,8.99,5,9.7,0.14,0.59,1.5,0.049,23,142,0.9958,2.98,0.62,9.5,0.03354399
Wi01-3582,White,18.99,6,7.8,0.2,0.28,10.2,0.054,78,186,0.997,3.14,0.46,10,0.025115468
Wi01-3583,White,24.99,7,6.3,0.22,0.28,2.4,0.042,38,102,0.98998,3.14,0.37,11.6,0.019130372
Wi01-3584,White,12.99,5,9,0.29,0.34,12.1,0.03,34,177,0.99706,3.13,0.47,10.6,0.044886527
Wi01-3585,White,13.99,5,6.1,0.45,0.27,0.8,0.039,13,82,0.9927,3.23,0.32,9.5,0.035332693
Wi01-3586,White,9.99,5,7.2,0.23,0.19,13.7,0.052,47,197,0.99865,3.12,0.53,9,0.034807307
Wi01-3587,White,14.99,6,6.1,0.17,0.29,1.1,0.041,32,92,0.99036,3.26,0.57,11.2,0.025275439
Wi01-3588,White,18.99,6,6.9,0.16,0.35,1.3,0.043,21,182,0.9927,3.25,0.62,10.8,0.023962657
Wi01-3589,White,10.99,5,6,0.14,0.37,1.2,0.032,63,148,0.99185,3.32,0.44,11.2,0.046248121
Wi01-3590,White,13.99,6,6.8,0.18,0.24,9.8,0.058,64,188,0.9952,3.13,0.51,10.6,0.024878345
Wi01-3591,White,17.99,6,7.2,0.14,0.32,1.1,0.022,48,116,0.99218,3.04,0.67,10,0.025355998
Wi01-3592,White,8.99,5,6.7,0.42,0.46,9.7,0.054,67,234,0.99848,3.23,0.5,9,0.047258979
Wi01-3593,White,18.99,6,7.1,0.22,0.32,16.9,0.056,49,158,0.9998,3.37,0.38,9.6,0.027777778
Wi01-3594,White,12.99,5,7.1,0.35,0.24,15.4,0.055,46,198,0.9988,3.12,0.49,8.8,0.037998396
Wi01-3595,White,13.99,5,7.2,0.31,0.5,13.3,0.056,68,195,0.9982,3.01,0.47,9.2,0.036419789
Wi01-3596,White,19.99,6,6.5,0.29,0.42,10.6,0.042,66,202,0.99674,3.24,0.53,9.5,0.027685416
Wi01-3597,White,23.99,7,6.7,0.12,0.3,5.2,0.048,38,113,0.99352,3.33,0.44,10.1,0.019290123
Wi01-3598,White,11.99,5,7.4,0.2,0.35,6.1,0.025,10,40,0.99244,2.79,0.52,10.9,0.033057851
Wi01-3599,White,8.99,5,6.7,0.35,0.48,8.8,0.056,35,167,0.99628,3.04,0.47,9.4,0.04507733
Wi01-3600,White,19.99,7,6.6,0.18,0.35,1.5,0.049,49,141,0.9934,3.43,0.85,10.2,0.021187832
Wi01-3601,White,17.99,6,6,0.2,0.26,6.8,0.049,22,93,0.9928,3.15,0.42,11,0.028341779
Wi01-3602,White,17.99,6,6.7,0.3,0.5,12.1,0.045,38,127,0.9974,3.04,0.53,8.9,0.030351224
Wi01-3603,White,11.99,5,7.4,0.27,0.26,11.8,0.053,55,173,0.99699,3.11,0.6,9.8,0.043222496
Wi01-3604,White,17.99,6,6.9,0.2,0.5,10,0.036,78,167,0.9964,3.15,0.55,10.2,0.027593514
Wi01-3605,White,9.99,5,5.8,0.54,0,1.4,0.033,40,107,0.98918,3.26,0.35,12.4,0.037703836
Wi01-3606,White,15.99,6,6.7,0.46,0.21,4,0.034,12,88,0.99016,3.26,0.54,13,0.027593514
Wi01-3607,White,14.99,6,6.4,0.41,0.24,14,0.048,24,113,0.9982,3.44,0.53,9.8,0.02480005
Wi01-3608,White,19.99,6,8.6,0.18,0.36,1.8,0.04,24,187,0.9956,3.25,0.55,9.5,0.025355998
Wi01-3609,White,15.99,6,7.6,0.23,0.29,8.6,0.053,65,146,0.9963,3.11,0.32,9.8,0.024490536
Wi01-3610,White,14.99,6,6.6,0.38,0.28,2.8,0.043,17,67,0.98924,3.21,0.47,13.2,0.024490536
Wi01-3611,White,20.99,7,8,0.23,0.35,9.2,0.044,53,186,0.997,3.09,0.56,9.5,0.021690045
Wi01-3612,White,19.99,6,8,0.27,0.33,1.2,0.05,41,103,0.99002,3,0.45,12.4,0.027140798
Wi01-3613,White,24.99,7,6.1,0.27,0.31,1.5,0.035,17,83,0.99076,3.32,0.44,11.1,0.019726045
Wi01-3614,White,36.99,8,6.3,0.29,0.28,4.7,0.059,28,81,0.99036,3.24,0.56,12.7,0.016606441
Wi01-3615,White,27.99,8,6.8,0.37,0.28,1.9,0.024,64,106,0.98993,3.45,0.6,12.6,0.014656825
Wi01-3616,White,8.99,5,7.2,0.4,0.24,8.5,0.055,45,151,0.99626,3.2,0.52,9.2,0.037124899
Wi01-3617,White,11.99,5,6.2,0.27,0.47,1.2,0.146,28,105,0.99224,3.23,0.51,10.1,0.04585284
Wi01-3618,White,11.99,5,6.8,0.31,0.32,7.6,0.052,35,143,0.9959,3.14,0.38,9,0.035200237
Wi01-3619,White,10.99,5,9.2,0.28,0.46,3.2,0.058,39,133,0.996,3.14,0.58,9.5,0.0336672
Wi01-3620,White,18.99,6,5.7,0.2,0.3,2.5,0.046,38,125,0.99276,3.34,0.5,9.9,0.024414063
Wi01-3621,White,19.99,7,7.1,0.13,0.29,15.5,0.064,56,115.5,0.99737,3.16,0.41,9.7,0.022013049
Wi01-3622,White,12.99,5,6.6,0.22,0.53,15.1,0.052,22,136,0.9986,2.94,0.35,9.4,0.036006323
Wi01-3623,White,18.99,6,6.2,0.28,0.27,10.3,0.03,26,108,0.99388,3.2,0.36,10.7,0.029120898
Wi01-3624,White,13.99,6,6.7,0.34,0.43,1.6,0.041,29,114,0.99014,3.23,0.44,12.6,0.023962657
Wi01-3625,White,8.99,4,5.3,0.43,0.11,1.1,0.029,6,51,0.99076,3.51,0.48,11.2,0.066084681
Wi01-3626,White,16.99,6,5.8,0.22,0.29,1.3,0.036,25,68,0.98865,3.24,0.35,12.6,0.032937968
Wi01-3627,White,18.99,6,6.4,0.18,0.28,17.05,0.047,53,139,0.99724,3.25,0.35,10.5,0.024111724
Wi01-3628,White,8.99,5,6.6,0.32,0.24,1.3,0.06,42.5,204,0.99512,3.59,0.51,9.2,0.046648536
Wi01-3629,White,23.99,7,6.4,0.31,0.38,2.9,0.038,19,102,0.9912,3.17,0.35,11,0.019397739
Wi01-3630,White,19.99,6,6.8,0.19,0.33,4.9,0.047,42,130,0.99283,3.12,0.56,11,0.032818736
Wi01-3631,White,10.99,5,6.3,0.29,0.3,8.1,0.212,60,150,0.9958,3.1,0.4,9.3,0.048946668
Wi01-3632,White,19.99,7,6.4,0.25,0.32,0.9,0.034,40,114,0.99114,3.31,0.58,10.8,0.023026566
Wi01-3633,White,17.99,6,7.9,0.17,0.32,1.6,0.053,47,150,0.9948,3.29,0.76,9.6,0.029021763
Wi01-3634,White,9.99,5,7.4,0.33,0.26,15.6,0.049,67,210,0.99907,3.06,0.68,9.5,0.040160481
Wi01-3635,White,15.99,6,8.1,0.25,0.34,10.1,0.05,30,121,0.99724,3.17,0.49,10.1,0.025930853
Wi01-3636,White,8.99,4,6.7,0.22,0.22,1.2,0.038,5,124,0.99098,3.1,0.37,11.2,0.070733364
Wi01-3637,White,18.99,6,5.1,0.31,0.3,0.9,0.037,28,152,0.992,3.54,0.56,10.1,0.031774175
Wi01-3638,White,14.99,5,8.7,0.49,0.57,17.8,0.052,34,243,1.0007,2.98,0.82,9,0.03442092
Wi01-3639,White,8.99,4,7.4,0.17,0.4,5.5,0.037,34,161,0.9935,3.05,0.62,11.5,0.053583676
Wi01-3640,White,17.99,6,6.6,0.16,0.21,6.7,0.055,43,157,0.99384,3.15,0.52,10.8,0.024414063
Wi01-3641,White,9.99,5,7.1,0.24,0.41,17.8,0.046,39,145,0.9998,3.32,0.39,8.7,0.048946668
Wi01-3642,White,19.99,6,7.3,0.36,0.62,7.1,0.033,48,185,0.99472,3.14,0.62,10.6,0.025355998
Wi01-3643,White,25.99,7,7.4,0.19,0.3,12.8,0.053,48.5,229,0.9986,3.14,0.49,9.1,0.022343323
Wi01-3644,White,22.99,7,6.5,0.18,0.33,8,0.051,16,131,0.9965,3.28,0.44,8.7,0.021626298
Wi01-3645,White,9.99,4,8,0.55,0.17,8.2,0.04,13,60,0.9956,3.09,0.3,9.5,0.057784763
Wi01-3646,White,18.99,7,7.1,0.13,0.4,1.2,0.047,54,134,0.9932,3.3,0.97,9.8,0.017872973
Wi01-3647,White,14.99,5,8.2,0.28,0.42,1.8,0.031,30,93,0.9917,3.09,0.39,11.4,0.037124899
Wi01-3648,White,14.99,6,7,0.16,0.26,7.3,0.047,30,220,0.99622,3.38,0.58,10.1,0.032001946
Wi01-3649,White,25.99,7,6.3,0.34,0.33,4.6,0.034,19,80,0.9917,3.38,0.58,12,0.018713941
Wi01-3650,White,8.99,5,6.4,0.32,0.23,16.2,0.055,36,176,0.9986,3.26,0.54,9.1,0.034937549
Wi01-3651,White,9.99,5,6.8,0.21,0.27,18.15,0.042,41,146,1.0001,3.3,0.36,8.7,0.044886527
Wi01-3652,White,11.99,5,8.9,0.21,0.37,1.2,0.028,20,93,0.99244,3.2,0.37,11.5,0.040160481
Wi01-3653,White,20.99,7,7.4,0.19,0.3,12.8,0.053,48.5,229,0.9986,3.14,0.49,9.1,0.023166971
Wi01-3654,White,9.99,5,6.1,0.41,0.14,10.4,0.037,18,119,0.996,3.38,0.45,10,0.034166892
Wi01-3655,White,18.99,7,7.3,0.25,0.36,13.1,0.05,35,200,0.9986,3.04,0.46,8.9,0.019506258
Wi01-3656,White,29.99,8,5.8,0.17,0.34,1.8,0.045,96,170,0.99035,3.38,0.9,11.8,0.016910145
Wi01-3657,White,15.99,6,6,0.52,0.33,7.7,0.046,24,119,0.99224,3.04,0.38,11,0.02418678
Wi01-3658,White,17.99,6,6.2,0.34,0.29,7.6,0.047,45,232,0.9955,3.35,0.62,10,0.024037017
Wi01-3659,White,26.99,7,6.5,0.32,0.45,7.7,0.022,31,97,0.99134,3.2,0.7,12.7,0.018163193
Wi01-3660,White,19.99,6,7,0.27,0.36,20.7,0.045,45,170,1.001,3,0.45,8.8,0.029932592
Wi01-3661,White,9.99,5,7.4,0.34,0.28,12.1,0.049,31,149,0.99677,3.22,0.49,10.3,0.034293553
Wi01-3662,White,10.99,5,7.4,0.32,0.22,11.7,0.035,44,150,0.99578,3.1,0.45,10.4,0.035332693
Wi01-3663,White,19.99,6,6.6,0.34,0.4,8.1,0.046,68,170,0.99494,3.15,0.5,9.533333333,0.024644564
Wi01-3664,White,15.99,6,7.2,0.25,0.32,1.5,0.054,24,105,0.99154,3.17,0.48,11.1,0.030670989
Wi01-3665,White,19.99,6,7,0.23,0.26,7.2,0.041,21,90,0.99509,3.22,0.55,9.5,0.030995834
Wi01-3666,White,10.99,5,7,0.34,0.1,3.5,0.044,17,63,0.9937,3.01,0.39,9.2,0.044886527
Wi01-3667,White,15.99,6,7.5,0.23,0.32,9.2,0.038,54,191,0.9966,3.04,0.56,9.7,0.023888641
Wi01-3668,White,14.99,5,8.6,0.23,0.4,4.2,0.035,17,109,0.9947,3.14,0.53,9.7,0.047881484
Wi01-3669,White,22.99,7,6.9,0.45,0.27,4.7,0.035,17,80,0.99058,3.12,0.36,12.5,0.017872973
Wi01-3670,White,15.99,6,7.7,0.29,0.48,2.3,0.049,36,178,0.9931,3.17,0.64,10.6,0.026786599
Wi01-3671,White,25.99,7,6.4,0.44,0.44,14.4,0.048,29,228,0.99955,3.26,0.54,8.8,0.019506258
Wi01-3672,White,11.99,5,7,0.15,0.34,1.4,0.039,21,177,0.9927,3.32,0.62,10.8,0.038296422
Wi01-3673,White,19.99,6,7.1,0.18,0.32,12.2,0.048,36,125,0.9967,2.92,0.54,9.4,0.024414063
Wi01-3674,White,13.99,6,8,0.14,0.33,1.2,0.045,71,162,0.9914,3.07,0.47,11,0.025115468
Wi01-3675,White,30.99,8,7.3,0.23,0.37,1.9,0.041,51,165,0.9908,3.26,0.4,12.2,0.015664136
Wi01-3676,White,20.99,7,7,0.15,0.3,13.3,0.049,46,120,0.99704,3.2,0.36,9.5,0.018765247
Wi01-3677,White,18.99,6,7.4,0.17,0.29,1.4,0.047,23,107,0.9939,3.52,0.65,10.4,0.026874496
Wi01-3678,White,19.99,6,5.9,0.22,0.38,1.3,0.046,24,90,0.99232,3.2,0.47,10,0.030457255
Wi01-3679,White,14.99,6,7.7,0.42,0.38,8.1,0.061,49,144,0.9966,3.4,0.58,11,0.024111724
Wi01-3680,White,16.99,6,7.6,0.51,0.24,1.2,0.04,10,104,0.992,3.05,0.29,10.8,0.024878345
Wi01-3681,White,17.99,6,7.8,0.4,0.49,7.8,0.06,34,162,0.9966,3.26,0.58,11.3,0.0256
Wi01-3682,White,23.99,7,7.4,0.25,0.28,7.25,0.028,14,78,0.99238,2.94,0.37,11.5,0.022144274
Wi01-3683,White,10.99,5,6.6,0.3,0.74,4.6,0.041,36,159,0.9946,3.21,0.45,9.9,0.03379109
Wi01-3684,White,16.99,6,7.4,0.16,0.32,1.4,0.065,23,140,0.99134,3.06,0.47,11.4,0.028923134
Wi01-3685,White,17.99,6,7.9,0.26,0.41,15.15,0.04,38,216,0.9976,2.96,0.6,10,0.025847541
Wi01-3686,White,9.99,5,6.8,0.32,0.43,1.6,0.05,4,65,0.99346,3.27,0.47,10.7,0.048516369
Wi01-3687,White,15.99,6,7.8,0.18,0.31,12.2,0.053,46,140,0.998,3.06,0.53,8.9,0.02618322
Wi01-3688,White,13.99,6,5.3,0.36,0.27,6.3,0.028,40,132,0.99186,3.37,0.4,11.6,0.031105263
Wi01-3689,White,23.99,7,6,0.38,0.26,6,0.034,42,134,0.9912,3.38,0.38,12.3,0.018662845
Wi01-3690,White,17.99,6,7,0.14,0.4,1.7,0.035,16,85,0.9911,3.19,0.42,11.8,0.032116751
Wi01-3691,White,21.99,7,5.1,0.26,0.33,1.1,0.027,46,113,0.98946,3.35,0.43,11.4,0.019290123
Wi01-3692,White,33.99,8,6.5,0.18,0.34,1.6,0.04,43,148,0.9912,3.32,0.59,11.5,0.014411527
Wi01-3693,White,8.99,5,6.8,0.25,0.27,10.7,0.076,47,154,0.9967,3.05,0.38,9,0.047672623
Wi01-3694,White,14.99,6,7.8,0.2,0.32,5,0.016,31,101,0.99186,2.99,0.39,11,0.030778701
Wi01-3695,White,20.99,7,6.3,0.35,0.3,5.7,0.035,8,97,0.9927,3.27,0.41,11,0.019560859
Wi01-3696,White,21.99,7,6.2,0.3,0.3,2.5,0.041,29,82,0.99065,3.31,0.61,11.8,0.020119712
Wi01-3697,White,14.99,5,5.1,0.305,0.13,1.75,0.036,17,73,0.99,3.4,0.51,12.33333333,0.045269353
Wi01-3698,White,13.99,5,6.8,0.41,0.3,8.8,0.045,28,131,0.9953,3.12,0.59,9.9,0.049163967
Wi01-3699,White,13.99,6,7,0.31,0.26,7.4,0.069,28,160,0.9954,3.13,0.46,9.8,0.026699133
Wi01-3700,White,18.99,6,7.4,0.14,0.3,1.3,0.033,25,91,0.99268,3.53,0.39,10.6,0.02480005
Wi01-3701,White,17.99,6,7.3,0.26,0.33,11.8,0.057,48,127,0.99693,3.1,0.55,10,0.025930853
Wi01-3702,White,9.99,5,6.8,0.31,0.09,1.4,0.04,56,145,0.9922,3.19,0.46,10,0.045657097
Wi01-3703,White,14.99,6,6.9,0.19,0.49,6.6,0.036,49,172,0.9932,3.2,0.27,11.5,0.027685416
Wi01-3704,White,14.99,6,8.3,0.15,0.39,1.3,0.055,32,146,0.993,3.08,0.39,10.5,0.029021763
Wi01-3705,White,10.99,5,7.1,0.26,0.3,2,0.031,13,128,0.9917,3.19,0.49,11.4,0.049163967
Wi01-3706,White,14.99,6,7.1,0.26,0.32,14.45,0.074,29,107,0.998,2.96,0.42,9.2,0.032001946
Wi01-3707,White,13.99,6,7.3,0.26,0.49,5,0.028,32,107,0.9936,3.24,0.54,10.8,0.031774175
Wi01-3708,White,18.99,6,6.6,0.16,0.3,1.6,0.034,15,78,0.992,3.38,0.44,11.2,0.029932592
Wi01-3709,White,12.99,5,8.4,0.18,0.42,5.1,0.036,7,77,0.9939,3.16,0.52,11.7,0.039057008
Wi01-3710,White,14.99,6,5.6,0.26,0.5,11.4,0.029,25,93,0.99428,3.23,0.49,10.5,0.027230446
Wi01-3711,White,14.99,6,7.2,0.35,0.34,12.4,0.051,6,37,0.9944,3.13,0.39,11.5,0.033057851
Wi01-3712,White,10.99,5,7.3,0.24,0.41,13.6,0.05,41,178,0.9988,3.37,0.43,9.7,0.044886527
Wi01-3713,White,15.99,6,8.3,0.2,0.49,1.7,0.038,38,167,0.9939,3.05,0.37,10.1,0.027593514
Wi01-3714,White,17.99,6,7.6,0.2,0.36,1.9,0.043,24,111,0.99237,3.29,0.54,11.3,0.025930853
Wi01-3715,White,21.99,7,6.5,0.22,0.32,2.2,0.028,36,92,0.99076,3.27,0.59,11.9,0.02338
Wi01-3716,White,13.99,5,6,0.21,0.3,8.7,0.036,47,127,0.99368,3.18,0.39,10.6,0.046648536
Wi01-3717,White,16.99,6,7.2,0.27,0.31,1.2,0.031,27,80,0.98892,3.03,0.33,12.7,0.029320698
Wi01-3718,White,18.99,6,5.8,0.2,0.16,1.4,0.042,44,99,0.98912,3.23,0.37,12.2,0.03143705
Wi01-3719,White,8.99,5,7.8,0.25,0.34,13.7,0.044,66,184,0.99976,3.22,0.75,8.9,0.041479835
Wi01-3720,White,25.99,7,7.5,0.23,0.49,7.7,0.049,61,209,0.9941,3.14,0.3,11.1,0.023523655
Wi01-3721,White,21.99,7,7.6,0.31,0.49,3.95,0.044,27,131,0.9912,3.08,0.67,12.8,0.023451663
Wi01-3722,White,13.99,5,7.5,0.42,0.14,10.7,0.046,18,95,0.9959,3.22,0.33,10.7,0.047465125
Wi01-3723,White,20.99,7,6.8,0.36,0.24,4.6,0.039,24,124,0.9909,3.27,0.34,12.6,0.022545068
Wi01-3724,White,18.99,6,6.5,0.24,0.28,1.1,0.034,26,83,0.98928,3.25,0.33,12.3,0.023668639
Wi01-3725,White,11.99,5,6.9,0.35,0.74,1,0.044,18,132,0.992,3.13,0.55,10.2,0.034293553
Wi01-3726,White,13.99,5,7.3,0.3,0.74,13.5,0.039,46,165,0.9982,3.02,0.4,8.7,0.03442092
Wi01-3727,White,16.99,6,6.4,0.23,0.33,1.15,0.044,15.5,217.5,0.992,3.33,0.44,11,0.026439289
Wi01-3728,White,19.99,7,6.2,0.33,0.27,4.9,0.036,30,134,0.9927,3.2,0.42,10.4,0.018163193
Wi01-3729,White,13.99,6,7.7,0.43,1,19.95,0.032,42,164,0.99742,3.29,0.5,12,0.024957012
Wi01-3730,White,9.99,5,7.7,0.34,0.3,8,0.048,25,192,0.9951,2.97,0.47,10.9,0.036143359
Wi01-3731,White,16.99,6,7.2,0.22,0.28,7.2,0.06,41,132,0.9935,3.08,0.59,11.3,0.023814967
Wi01-3732,White,12.99,5,9.4,0.42,0.32,6.5,0.027,20,167,0.99479,3.08,0.43,10.6,0.035332693
Wi01-3733,White,22.99,7,7,0.31,0.31,9.1,0.036,45,140,0.99216,2.98,0.31,12,0.023166971
Wi01-3734,White,19.99,6,8.5,0.19,0.49,3.5,0.044,29,117,0.9938,3.14,0.51,10.1,0.026439289
Wi01-3735,White,14.99,6,7.1,0.25,0.3,2.4,0.042,25,122,0.994,3.43,0.61,10.5,0.02618322
Wi01-3736,White,18.99,6,6.4,0.24,0.49,5.8,0.053,25,120,0.9942,3.01,0.98,10.5,0.030778701
Wi01-3737,White,21.99,7,8.5,0.23,0.34,1.3,0.035,54,110,0.99176,3.07,0.55,11,0.019290123
Wi01-3738,White,17.99,6,8,0.17,0.29,2.4,0.029,52,119,0.98944,3.03,0.33,12.9,0.027140798
Wi01-3739,White,14.99,6,6,0.33,0.2,1.8,0.031,49,159,0.9919,3.41,0.53,11,0.029829287
Wi01-3740,White,19.99,7,7.1,0.14,0.4,1.2,0.051,55,136,0.9932,3.3,0.96,9.8,0.023668639
Wi01-3741,White,19.99,6,7.4,0.16,0.49,1.2,0.055,18,150,0.9917,3.23,0.47,11.2,0.029726516
Wi01-3742,White,26.99,7,6,0.29,0.41,10.8,0.048,55,149,0.9937,3.09,0.59,10.96666667,0.020408163
Wi01-3743,White,13.99,6,6.1,0.22,0.5,6.6,0.045,30,122,0.99415,3.22,0.49,9.9,0.025115468
Wi01-3744,White,8.99,5,8,0.22,0.31,5.6,0.049,24,97,0.993,3.1,0.42,10.9,0.045269353
Wi01-3745,White,16.99,6,6.3,0.19,0.32,2.8,0.046,18,80,0.99043,2.92,0.47,11.05,0.029624275
Wi01-3746,White,14.99,6,5.8,0.27,0.4,1.2,0.076,47,130,0.99185,3.13,0.45,10.3,0.031325867
Wi01-3747,White,8.99,5,6.7,0.35,0.48,8.8,0.056,35,167,0.99628,3.04,0.47,9.4,0.04507733
Wi01-3748,White,18.99,7,7.9,0.37,0.3,2.7,0.029,64,158,0.9916,3.12,0.59,12,0.021818388
Wi01-3749,White,15.99,6,6.3,0.25,0.23,14.9,0.039,47,142,0.99705,3.14,0.35,9.7,0.02750207
Wi01-3750,White,18.99,6,7.2,0.24,0.3,1.2,0.037,11,95,0.98914,2.96,0.36,12.5,0.028533601
Wi01-3751,White,13.99,6,7.3,0.26,0.32,1.2,0.041,29,94,0.98978,3.07,0.45,12,0.026439289
Wi01-3752,White,10.99,5,6.6,0.33,0.32,15.6,0.054,62,227,0.99734,3.25,0.56,10.4,0.036840418
Wi01-3753,White,19.99,6,8,0.36,0.39,1.6,0.024,26,93,0.99116,3.15,0.49,11.9,0.031548827
Wi01-3754,White,18.99,7,6.7,0.19,0.32,3.7,0.041,26,76,0.99173,2.9,0.57,10.5,0.020006042
Wi01-3755,White,19.99,6,7.6,0.38,0.28,4.2,0.029,7,112,0.9906,3,0.41,12.6,0.027870602
Wi01-3756,White,14.99,6,6.1,0.16,0.37,1.1,0.031,37,97,0.9922,3.4,0.58,10.5,0.028341779
Wi01-3757,White,16.99,6,8,0.25,0.27,9.7,0.036,15,85,0.99406,2.99,0.36,11.2,0.023741634
Wi01-3758,White,8.99,5,7.6,0.29,0.29,4.4,0.051,26,146,0.9939,3.16,0.39,10.2,0.036699403
Wi01-3759,White,13.99,5,7.2,0.23,0.25,18.8,0.085,19,111,1.00044,3.1,0.51,8.7,0.035599858
Wi01-3760,White,14.99,6,5.6,0.32,0.32,8.3,0.043,32,105,0.99266,3.24,0.47,11.2,0.026268161
Wi01-3761,White,29.99,8,8,0.44,0.49,9.1,0.031,46,151,0.9926,3.16,0.27,12.7,0.01384083
Wi01-3762,White,14.99,6,6.4,0.37,0.37,4.85,0.041,39.5,216.5,0.99432,3.1,0.5,9.8,0.024644564
Wi01-3763,White,12.99,5,7.2,0.43,0.24,6.7,0.058,40,163,0.995,3.2,0.41,9.9,0.045462605
Wi01-3764,White,26.99,8,7,0.22,0.26,9.2,0.027,37,122,0.99228,3.06,0.34,12.5,0.01490844
Wi01-3765,White,26.99,7,6.6,0.21,0.6,1.1,0.135,61,144,0.9927,3.12,0.39,9.3,0.023166971
Wi01-3766,White,16.99,6,7.4,0.3,0.49,8.2,0.055,49,188,0.9974,3.52,0.58,9.7,0.0256
Wi01-3767,White,9.99,5,7.3,0.815,0.09,11.4,0.044,45,204,0.99713,3.15,0.46,9,0.046248121
Wi01-3768,White,12.99,5,5.9,0.415,0.02,0.8,0.038,22,63,0.9932,3.36,0.36,9.3,0.044508537
Wi01-3769,White,16.99,6,6.8,0.24,0.34,5.1,0.038,31,99,0.9921,3.24,0.46,11.8,0.025436943
Wi01-3770,White,33.99,8,7.3,0.19,0.27,13.9,0.057,45,155,0.99807,2.94,0.41,8.8,0.015092153
Wi01-3771,White,11.99,5,6.6,0.32,0.47,15.6,0.063,27,173,0.99872,3.18,0.56,9,0.045462605
Wi01-3772,White,19.99,7,7.2,0.23,0.39,14.2,0.058,49,192,0.9979,2.98,0.48,9,0.019560859
Wi01-3773,White,18.99,6,6.6,0.28,0.34,0.8,0.037,42,119,0.9888,3.03,0.37,12.5,0.028825006
Wi01-3774,White,13.99,6,6.3,0.48,0.48,1.8,0.035,35,96,0.99121,3.49,0.74,12.2,0.025518276
Wi01-3775,White,13.99,6,5.6,0.25,0.19,2.4,0.049,42,166,0.992,3.25,0.43,10.4,0.02618322
Wi01-3776,White,11.99,5,7,0.34,0.39,6.9,0.066,43,162,0.99561,3.11,0.53,9.5,0.042512488
Wi01-3777,White,9.99,5,6.8,0.37,0.51,11.8,0.044,62,163,0.9976,3.19,0.44,8.8,0.035734578
Wi01-3778,White,6.99,4,7,0.57,0.1,8.3,0.094,23,188,0.9972,3.4,0.47,9.2,0.065410352
Wi01-3779,White,24.99,7,6.1,0.25,0.3,1.2,0.036,42,107,0.991,3.34,0.56,10.8,0.022749557
Wi01-3780,White,29.99,8,5.9,0.27,0.29,11.4,0.036,31,115,0.9949,3.35,0.48,10.5,0.015703419
Wi01-3781,White,10.99,4,4.8,0.65,0.12,1.1,0.013,4,10,0.99246,3.32,0.36,13.5,0.05484591
Wi01-3782,White,37.99,8,3.9,0.225,0.4,4.2,0.03,29,118,0.989,3.57,0.36,12.8,0.016227839
Wi01-3783,White,14.99,5,8,0.25,0.35,1.1,0.054,13,136,0.99366,3.08,0.55,9.5,0.03442092
Wi01-3784,White,14.99,6,7,0.12,0.32,7.2,0.058,22,89,0.9966,3.29,0.38,9.2,0.026014568
Wi01-3785,White,21.99,7,6.4,0.28,0.29,1.6,0.052,34,127,0.9929,3.48,0.56,10.5,0.022681086
Wi01-3786,White,11.99,5,6.3,0.28,0.3,3.1,0.039,24,115,0.9942,3.05,0.43,8.6,0.035599858
Wi01-3787,White,13.99,6,6.9,0.37,0.28,13.8,0.031,34,137,0.9948,3.1,0.37,11.6,0.026786599
Wi01-3788,White,19.99,6,6.8,0.19,0.71,17.5,0.042,21,114,0.99784,2.85,0.5,9.5,0.024878345
Wi01-3789,White,12.99,5,6.8,0.3,0.33,12.8,0.041,60,168,0.99659,3.1,0.56,9.8,0.040647763
Wi01-3790,White,7.99,4,7.4,0.45,0.32,7.1,0.044,17,117,0.9962,3.32,0.41,10.4,0.076733604
Wi01-3791,White,17.99,6,5.2,0.24,0.15,7.1,0.043,32,134,0.99378,3.24,0.48,9.9,0.031325867
Wi01-3792,White,18.99,6,5.9,0.24,0.12,1.4,0.035,60,247,0.99358,3.34,0.44,9.6,0.029624275
Wi01-3793,White,16.99,6,6.5,0.26,0.31,1.3,0.034,59,145,0.98944,3.16,0.54,12.4,0.02750207
Wi01-3794,White,14.99,6,6.4,0.26,0.49,6.4,0.037,37,161,0.9954,3.38,0.53,9.7,0.027411078
Wi01-3795,White,8.99,5,7.5,0.32,0.37,1.2,0.048,22,184,0.9938,3.09,0.43,9.3,0.039840479
Wi01-3796,White,19.99,6,7,0.21,0.28,8.6,0.045,37,221,0.9954,3.25,0.54,10.4,0.025436943
Wi01-3797,White,18.99,6,6.8,0.24,0.37,7.45,0.043,59,188,0.99579,3.2,0.5,9.4,0.024722123
Wi01-3798,White,18.99,6,7.3,0.16,0.35,1.5,0.036,29,108,0.99342,3.27,0.51,10.2,0.02750207
Wi01-3799,White,19.99,6,6.9,0.32,0.26,8.3,0.053,32,180,0.9965,3.25,0.51,9.2,0.030995834
Wi01-3800,White,14.99,6,6.4,0.26,0.21,7.1,0.04,35,162,0.9956,3.39,0.58,9.9,0.028923134
Wi01-3801,White,22.99,7,6.5,0.26,0.39,1.4,0.02,12,66,0.99089,3.25,0.75,11.3,0.023026566
Wi01-3802,White,19.99,7,6,0.28,0.52,6.2,0.028,37,104,0.99161,3.28,0.51,11.8,0.019343819
Wi01-3803,White,19.99,6,7.2,0.15,0.38,1.2,0.038,18,110,0.9917,3.19,0.43,11.1,0.026268161
Wi01-3804,White,17.99,6,6.5,0.26,0.74,13.3,0.044,68,224,0.9972,3.18,0.54,9.5,0.02942137
Wi01-3805,White,18.99,6,6.8,0.25,0.29,2,0.042,19,189,0.9952,3.46,0.54,10.2,0.026612094
Wi01-3806,White,19.99,6,6.1,0.28,0.22,1.8,0.034,32,116,0.9898,3.36,0.44,12.6,0.033057851
Wi01-3807,White,22.99,7,7.2,0.32,0.36,2,0.033,37,114,0.9906,3.1,0.71,12.3,0.018410476
Wi01-3808,White,19.99,7,6.6,0.29,0.39,6.75,0.031,22,98,0.9913,3.15,0.8,12.9,0.022612923
Wi01-3809,White,16.99,6,6.7,0.25,0.74,19.4,0.054,44,169,1.0004,3.51,0.45,9.8,0.029726516
Wi01-3810,White,19.99,7,6.9,0.19,0.35,1.7,0.036,33,101,0.99315,3.21,0.54,10.8,0.021626298
Wi01-3811,White,9.99,5,7.5,0.23,0.35,17.8,0.058,128,212,1.00241,3.44,0.43,8.9,0.036840418
Wi01-3812,White,16.99,6,6.7,0.18,0.24,10.3,0.057,64,185,0.99519,3.12,0.5,10.6,0.030778701
Wi01-3813,White,15.99,6,6.4,0.26,0.42,9.7,0.044,30,140,0.9962,3.18,0.47,9.1,0.031215273
Wi01-3814,White,17.99,6,7.4,0.26,0.31,2.4,0.043,58,178,0.9941,3.42,0.68,10.6,0.02618322
Wi01-3815,White,25.99,7,6.5,0.36,0.49,2.9,0.03,16,94,0.9902,3.1,0.49,12.1,0.022078516
Wi01-3816,White,11.99,5,7.1,0.28,0.19,7.8,0.04,48,184,0.99579,3.16,0.5,9.4,0.035068524
Wi01-3817,White,26.99,8,6.5,0.43,0.31,3.6,0.046,19,143,0.99022,3.15,0.34,12,0.016910145
Wi01-3818,White,26.99,7,5.6,0.18,0.3,10.2,0.028,28,131,0.9954,3.49,0.42,10.8,0.022681086
Wi01-3819,White,8.99,5,7.6,0.13,0.34,9.3,0.062,40,126,0.9966,3.21,0.39,9.6,0.036982249
Wi01-3820,White,19.99,6,6.7,0.16,0.32,12.5,0.035,18,156,0.99666,2.88,0.36,9,0.02576463
Wi01-3821,White,10.99,5,6.2,0.25,0.38,7.9,0.045,54,208,0.99572,3.17,0.46,9.1,0.039840479
Wi01-3822,White,13.99,6,5.9,0.2,0.28,1,0.043,45,100,0.99033,3.4,0.41,11.4,0.028825006
Wi01-3823,White,25.99,7,7,0.25,0.45,2.3,0.045,40,118,0.99064,3.16,0.48,11.9,0.023096608
Wi01-3824,White,36.99,8,6.3,0.41,0.18,3.5,0.027,23,109,0.99018,3.34,0.54,12.8,0.014240065
Wi01-3825,White,15.99,6,6.8,0.32,0.37,3.4,0.023,19,87,0.9902,3.14,0.53,12.7,0.028630243
